7.636471707975442769e+01 2.060015893759504224e-01 2.366073754051930406e-02
7.700056471639121014e+01 1.148964811346163406e-01 1.364790484457405716e-02
7.618784040316728579e+01 2.783757407656417548e-01 1.991804313412542243e-02
7.520695607242642211e+01 3.979397974862828313e-01 2.379410700209243223e-02
7.612603069756121954e+01 4.227241206968033183e-01 2.228053337683924898e-02
7.520070753711677014e+01 3.468750784082498817e-01 1.532252389839512674e-02
7.693845030130727025e+01 3.050074089013747325e-01 1.909823237294994841e-02
7.537907045559606445e+01 4.322541338674030231e-01 1.924619764844486686e-02
7.563167217783689011e+01 2.747866449511770504e-01 2.259663017343097047e-02
7.642544406436408622e+01 3.512732611595988375e-01 2.210156586833113626e-02
7.820164760087045863e+01 2.693584983615384676e-01 1.750125498013884243e-02
7.524622727175211878e+01 3.715979422575495517e-01 2.550718191571166651e-02
7.594605254234512870e+01 2.259843523037471935e-01 1.597814041126224480e-02
7.671059278782470869e+01 3.843254171203442371e-01 2.264953301612290457e-02
7.539449029271131053e+01 3.332161323066719638e-01 2.056919906897916248e-02
7.627868859672901181e+01 3.971428777948189937e-01 2.109070999402284236e-02
7.673891356307190392e+01 3.167579069488891674e-01 2.141033853019504510e-02
7.669128822583854799e+01 1.642844180144333588e-01 1.844062821289121218e-02
7.558962734570719988e+01 2.461122151756657828e-01 1.865784267694300599e-02
7.755494131123440127e+01 2.234168884306756697e-01 2.472330904678771146e-02
7.437713022838420329e+01 2.765114970014225237e-01 2.079391739075612394e-02
7.664622233135928298e+01 3.811226579792855174e-01 2.386998651317036660e-02
7.571127492775156043e+01 2.637648207335432926e-01 2.418524820125440844e-02
7.586869567511838852e+01 1.824313676662077943e-01 1.447176968778789846e-02
7.514054771399838728e+01 3.597160744053763959e-01 2.069475968814910027e-02
7.675048535406777717e+01 2.672747353663465497e-01 2.077336434671567950e-02
7.668559039396734534e+01 2.790653460279761688e-01 2.222817189052395809e-02
7.539807405893334646e+01 2.736946153434928197e-01 1.813786393171546926e-02
7.486416035441095573e+01 3.586972480785581840e-01 1.771023248681598272e-02
7.607249411872768974e+01 3.580746658905908930e-01 2.217820085868265484e-02
7.672538510897278741e+01 3.001514515490576462e-01 1.793513018515046839e-02
7.598028178909360975e+01 1.412665566041970133e-01 1.294091476866786675e-02
7.473730038764560391e+01 2.102753172398518222e-01 2.195011817913871538e-02
7.515452094463994115e+01 2.721837445960610391e-01 2.633769901359056531e-02
7.570373602893857878e+01 3.837515568467086413e-01 1.544576741458596539e-02
7.585456244213237653e+01 2.149977945089418530e-01 1.834618011755823064e-02
7.690030813745740090e+01 1.372679576807651070e-01 2.211913972461393776e-02
7.629773560233228125e+01 2.505850044303205570e-01 1.294605924688558771e-02
7.613212950771387000e+01 2.570507290936197564e-01 2.113500590904733578e-02
7.608185214552344178e+01 4.701778891320915754e-01 1.883241157330232257e-02
7.503650250737813110e+01 3.279275634956316243e-01 2.107315455595983045e-02
7.741918757524044281e+01 3.935111245914578726e-01 2.174083443487565687e-02
7.752330289121955786e+01 1.911236945677148857e-01 1.687926081585489069e-02
7.513342405859447126e+01 2.710190196844232124e-01 1.328445781679849294e-02
7.669515094681440814e+01 2.877777302901226575e-01 1.282533514876752281e-02
7.504442091879245424e+01 3.413513847450195260e-01 2.408842228241161662e-02
7.805673089169178525e+01 6.013862466007329211e-01 2.202150943061461849e-02
7.507046187996813558e+01 9.679537192686907265e-02 2.130590957240895492e-02
7.524705890468968050e+01 2.684642739820314317e-01 1.701416195580581284e-02
7.591920911358361934e+01 4.165980230787643679e-01 2.076609057290412091e-02
7.590136516296131219e+01 2.064346247174188298e-01 1.183081490388118370e-02
7.557369209092667006e+01 3.046217449181679582e-01 2.862404835892625940e-02
7.619027452147288670e+01 4.082739511023057433e-01 1.756441171444315941e-02
7.487505623358298124e+01 2.134883237767628006e-01 1.646231188031339887e-02
7.818846973243516629e+01 2.278613320775613738e-01 2.409019123773827042e-02
7.515707282191297622e+01 4.031573012874244410e-01 2.187780959076031026e-02
7.590336210234191583e+01 3.059237473864566126e-01 1.680591368083224346e-02
7.650607220148208398e+01 2.645016519659220133e-01 1.402143529869634940e-02
7.478206242568037965e+01 3.272587917722119544e-01 2.770288417761188060e-02
7.621999161357344121e+01 2.981361673890117192e-01 2.139427385171972090e-02
7.736600174170682465e+01 3.319382501363856153e-01 1.799547692276225880e-02
7.716628871005988799e+01 3.528756438461613243e-01 2.749149264388289077e-02
7.624323443722191485e+01 1.875530968279499611e-01 1.332605268660651265e-02
7.771092793223125739e+01 4.823665720783297250e-01 1.912429652057268115e-02
7.567681267886401031e+01 4.561444292242202159e-01 1.459977716076347326e-02
7.516527298104418264e+01 3.743326794689044723e-01 1.807509696166053823e-02
7.605487813327992797e+01 2.936557101475487652e-01 2.164670511609236014e-02
7.746748186131371483e+01 3.190584906901745565e-01 2.314116484525296710e-02
7.400982789896897884e+01 3.051281598069882084e-01 1.588668160832745757e-02
7.484118693957637447e+01 2.221847633071249162e-01 1.837012955755701338e-02
7.697590254235601037e+01 1.773607282260435958e-01 2.014942191509471944e-02
7.557583056666642563e+01 2.772326905638038963e-01 2.489150158685173031e-02
7.659811543700392633e+01 4.437398107442743767e-01 1.924631375975658504e-02
7.536405738832930012e+01 2.876141183119500511e-01 2.118291117693279005e-02
7.623657335845371108e+01 2.015611927766633449e-01 2.044141356891646111e-02
7.628822833013890659e+01 5.617474037533920495e-01 2.915533956722766301e-02
7.520675664944118921e+01 2.812616638450823880e-01 1.286125852762437516e-02
7.546929298603652114e+01 3.415605003590340694e-01 2.588221278482065457e-02
7.533091616225640053e+01 2.445853559932203436e-01 9.525419367128511866e-03
7.589733407945509214e+01 2.037585588140436998e-01 1.741736864699476237e-02
7.518313922183241971e+01 3.005737445747442838e-01 1.142571516411399271e-02
7.459295475460901059e+01 5.229247112028297950e-01 1.371988984744374959e-02
7.496321442154535930e+01 4.936913528321313915e-01 3.417105936214832884e-02
7.488843337117465637e+01 2.731751043211969598e-01 2.166612463873419242e-02
7.778869764440560175e+01 2.113142921571762312e-01 1.880352270272141538e-02
7.683733757606174208e+01 3.534766074466618724e-01 1.816509233546292901e-02
7.592617703548395980e+01 1.725104191630018047e-01 1.883817685866016889e-02
7.579361250999104982e+01 3.332169889626255821e-01 1.729108673746821562e-02
7.653153852254514788e+01 4.112715817819828645e-01 2.075819184228520214e-02
7.641175640839919936e+01 3.153155347577867307e-01 2.000041167361665470e-02
7.533844196645715385e+01 3.416494261673307942e-01 1.952543122725127270e-02
7.815316830893060285e+01 4.673354902475242434e-01 2.188217830515366141e-02
7.529694279030523774e+01 1.987588528016581979e-01 2.581045342970178166e-02
7.632274922514713467e+01 3.580143403391610746e-01 1.148982445378442588e-02
7.698743848155818625e+01 3.554420338214362984e-01 1.458326495407571630e-02
7.558847519255004954e+01 3.363717204356519441e-01 2.025593560173777341e-02
7.576782881419644866e+01 2.996511731934038969e-01 1.877084205752738849e-02
7.621256251210246546e+01 4.571491972993156905e-01 7.479714922286351611e-03
7.582314973549031833e+01 3.276512421372446693e-01 2.144387312042487712e-02
7.568808541867871043e+01 1.343278217521417239e-01 2.159997796933712036e-02
7.778735021416419215e+01 1.566138595083862162e-01 2.421379518877165085e-02
7.573147477687710705e+01 3.038675654171152929e-01 1.486390970388317551e-02
7.572554382764413106e+01 4.400044594698958589e-01 2.284222069262296234e-02
7.779231160540994949e+01 4.277411888977693533e-01 2.214188623868085931e-02
7.780393452616779371e+01 3.538993158738298894e-01 2.403896671608321545e-02
7.576342904646529064e+01 3.166545815859204693e-01 1.659793256926694188e-02
7.704958393459484967e+01 1.921696376885134172e-01 2.381634313374468917e-02
7.586934894249483818e+01 4.271247093467319678e-01 2.366277555478663377e-02
7.788064615764680809e+01 3.830774691138644772e-01 1.233151094803297196e-02
7.599304682710180714e+01 1.927992807405183862e-01 1.747180564699378144e-02
7.757122843327672967e+01 3.737533810897696318e-01 1.659058327522562604e-02
7.504628263355959916e+01 3.132782092876260638e-01 1.406556024692132839e-02
7.538885972260342783e+01 3.412009471551243900e-01 2.563566846881315531e-02
7.666876147222444615e+01 8.087104914018999891e-02 2.148471575136712275e-02
7.613203357323257592e+01 3.513890285372692768e-01 2.788394966659125604e-02
7.399676172319526302e+01 2.508896574808894275e-01 2.288246986728465632e-02
7.447840560054605419e+01 4.575949048053509216e-01 2.179686152536906493e-02
7.690658398584341171e+01 2.529056338478205546e-01 2.396957897544493149e-02
7.712847155598903726e+01 3.332878020137168273e-01 2.114341898877412571e-02
7.633034323928173137e+01 2.236654735260618088e-01 1.928034790126657155e-02
7.590747746754765046e+01 3.483393864353495073e-01 2.487719144834290089e-02
7.500146391802159940e+01 2.974990969680422204e-01 2.722661242760474748e-02
7.531641177118743258e+01 2.277749982709679766e-01 2.098685947234728635e-02
7.690438519048532839e+01 3.111426055560659321e-01 2.648273458749750980e-02
7.691679398256653144e+01 3.941820066890061591e-01 2.270300732353216361e-02
7.838765310034608547e+01 2.894838311133955955e-01 1.022672052650480841e-02
7.766425436151713768e+01 2.642300569043174452e-01 2.052624606996601708e-02
7.736955068486052767e+01 1.497740458941074493e-01 1.389440383362858765e-02
7.445872206288115080e+01 2.305863709974576015e-01 2.214456880983899437e-02
7.658418784281276714e+01 3.376274179328553893e-01 1.310845910296406548e-02
7.374989656336735777e+01 3.154353585390382020e-01 1.769865349444714117e-02
7.651938577171661393e+01 3.801953626221269977e-01 2.067434844906674077e-02
7.682013308537585772e+01 3.329211374115068622e-01 2.258568149073886255e-02
7.535532673713011320e+01 2.920388586168541356e-01 2.095988339832662029e-02
7.688052847541742096e+01 2.706258827775427922e-01 2.254227929625420707e-02
7.579416120808461699e+01 2.982457832671869813e-01 2.404643435133694412e-02
7.406693962894584615e+01 1.803527671925238829e-01 1.276982732954721513e-02
7.372638388015170108e+01 2.421735559844823138e-01 2.365577512062312648e-02
7.577511593361742825e+01 3.297790081941852081e-01 2.531325608151606399e-02
7.738768613226768878e+01 3.030862065273860484e-01 2.660285799789949973e-02
7.615212665843411344e+01 2.262601776172537826e-01 1.710048608683543969e-02
7.457946348743499243e+01 2.211866146266347477e-01 1.825357713134424797e-02
7.686358501937860410e+01 4.820769831165984121e-01 1.325765114450224227e-02
7.645282746825992604e+01 2.059456060842465575e-01 2.231559555347903401e-02
7.592891334931228187e+01 1.269094174152469445e-01 2.452827800765114419e-02
7.545499928719127070e+01 2.566099761626445264e-01 1.478169555468443822e-02
7.540571672331245168e+01 3.527890440694917418e-01 1.907685687348095044e-02
7.638866200228248715e+01 3.461921853928843773e-01 2.644225197818618131e-02
7.571721384913561792e+01 1.623142183154268059e-01 2.520596300766821118e-02
7.572851182790275004e+01 4.214592444577376917e-01 2.187013225942668546e-02
7.592886246979665543e+01 3.448775894046295365e-01 2.951713443964048764e-02
7.813698052905375846e+01 3.169381135132778859e-01 2.078141752837597833e-02
7.713624015746638918e+01 2.254338967232652757e-01 2.162473352496709772e-02
7.603413715204614221e+01 3.413908211457553632e-01 1.593478631244192242e-02
7.447043250669103998e+01 1.027016564008708110e-01 1.454934579029459538e-02
7.560132471506067020e+01 2.806808413351238318e-01 2.944990810941228165e-02
7.716599336990729796e+01 2.137908883658372616e-01 2.169613879244369423e-02
7.565292176364967247e+01 2.815636161959904626e-01 2.090402755812381663e-02
7.667917111697539667e+01 2.760741516115984839e-01 2.518951967187492078e-02
7.491806177385760179e+01 3.106339062362268311e-01 3.267157915412600977e-02
7.628307974262527580e+01 4.533214506606172423e-01 2.044643989352784574e-02
7.664077709532979554e+01 3.043216805607308340e-01 1.916874350651607758e-02
7.528051760327458908e+01 3.530301358957553259e-01 1.584616005275234912e-02
7.672558523631343519e+01 4.185287004445910064e-01 2.178795808408404838e-02
7.577375126644430736e+01 3.553965579308696054e-01 1.849427777782237936e-02
7.699554712546515134e+01 1.268593915784876347e-01 1.836289088722611526e-02
7.406918800487601118e+01 1.604939169772794938e-01 2.665298648689711988e-02
7.695518498197168356e+01 2.380519766715209484e-01 1.267071484858098979e-02
7.309547116215834706e+01 2.556504492067365186e-01 3.180690249876781672e-02
7.649488427146364700e+01 2.540427713950510480e-01 2.226868394878198099e-02
7.449904164700555498e+01 2.802676637302364826e-01 2.048525596593043369e-02
7.597389934817896062e+01 3.890806121690080777e-01 2.168119622554172052e-02
7.672832601810799247e+01 2.411627717769240509e-01 2.437958735810023467e-02
7.768893694762400060e+01 2.129850480348587372e-01 1.566977728919726962e-02
7.739578433632023291e+01 2.908656013304939947e-01 2.684790922959296236e-02
7.561746428810781140e+01 4.555045576270710939e-01 2.064139422831928056e-02
7.631822882332269842e+01 4.664718021669904680e-01 1.823526596368697100e-02
7.511887790407504895e+01 2.651435791971645806e-01 2.220650707630799497e-02
7.449424092781949014e+01 3.737470902651121585e-01 1.737184723113295928e-02
7.720781266073356619e+01 7.057396950995281637e-02 1.616309377997966409e-02
7.437353184876590717e+01 2.273770533636047531e-01 2.120812634687289228e-02
7.588077337455024463e+01 2.846622431051984980e-01 1.922348843229238630e-02
7.626338824061994615e+01 2.091463958056892225e-01 2.344804702877585981e-02
7.672266597038549207e+01 3.485037937656100815e-01 2.271479728171348078e-02
7.635641800080865949e+01 5.135073302731067990e-01 1.957515038510970751e-02
7.575291678166541942e+01 2.346472419642622043e-01 1.496457233864469799e-02
7.481552821239893092e+01 2.211202686769081494e-01 1.965521765047770208e-02
7.639429512849771697e+01 3.151142058552161562e-01 1.626568157351359484e-02
7.696018456401996843e+01 3.839412672300947516e-01 1.922122776867308744e-02
7.540708385533528713e+01 3.648427920829799831e-01 2.091694432920051042e-02
7.461187274058495689e+01 3.032019744015594931e-01 2.127822347353356541e-02
7.516030521351224536e+01 3.289843392837443203e-01 1.290330494996200228e-02
7.739618610001217291e+01 4.347949985059431643e-01 1.876820812535139049e-02
7.642345433783907538e+01 6.900780342001250345e-02 1.435927970602276713e-02
7.576622107984786680e+01 2.027866978573140688e-01 2.348486089088126436e-02
7.805729653074799046e+01 1.923385280570698019e-01 1.591481266299905883e-02
7.629544836830993404e+01 4.711116148499621126e-01 1.403719847541510558e-02
7.630903612230694932e+01 4.921298850813108916e-01 1.194263830156454959e-02
7.477893079315417424e+01 2.676393393539161503e-01 1.746054432753458077e-02
7.687260128775365331e+01 3.341659719820838093e-01 1.134164848955059209e-02
7.657541040290081469e+01 2.522461112644349690e-01 2.621681569239629056e-02
7.543241246356308238e+01 2.463384716897764060e-01 2.263966639416844714e-02
7.682292648233693910e+01 3.548099363936203510e-01 1.177757406153752059e-02
7.659803443992825578e+01 2.065691948325600880e-01 2.114768834921104332e-02
7.463626556460094719e+01 3.546322147543063963e-01 1.606537119850062062e-02
7.477736534973948324e+01 3.813820136482399814e-01 2.117875376427683781e-02
7.544602319860710793e+01 4.551178849021064177e-01 1.785047599234271948e-02
7.609210767397094344e+01 3.368913447678600903e-01 1.697723934571408050e-02
7.653113629339992485e+01 2.566547652835275417e-01 1.799200818431117427e-02
7.742264263980334249e+01 2.059413947487566676e-01 8.230339849124437140e-03
7.767093699501189974e+01 5.649327952607002823e-01 1.802307675390569727e-02
7.412316195937981433e+01 2.789516023804056166e-01 1.860379048858210038e-02
7.587007615897773860e+01 1.986611958078151607e-01 2.282712752427550063e-02
7.658450737528609409e+01 1.605594380180693503e-01 2.341071576436530577e-02
7.811268498194588972e+01 3.271960332437059971e-01 1.835451140454387453e-02
7.591799678559247866e+01 3.715256766968560997e-01 1.155769948533064140e-02
7.622439070297730268e+01 2.709536050537190155e-01 2.901378055100510209e-02
7.588582726619505081e+01 4.767887611119520086e-01 1.461589903520972046e-02
7.664725916680279738e+01 3.419400263791229078e-01 1.576074513236691566e-02
7.623739611463693677e+01 4.312518836831600311e-01 1.842052827177267926e-02
7.436803735083023525e+01 3.082437173522554197e-01 1.559793612296335279e-02
7.571765906133612134e+01 3.018412230314879152e-01 1.167974528772918255e-02
7.444434166067932779e+01 3.582066835525525295e-01 1.745015270161131421e-02
7.349525565817943118e+01 3.884844036608134932e-01 2.132863295255726932e-02
7.534612517596352177e+01 1.783169788941758316e-01 2.407711168933823059e-02
7.640935062256043864e+01 5.482602282684073680e-01 2.204970048158506196e-02
7.644770314126201072e+01 2.933072069891434763e-01 2.398427252293068926e-02
7.668508520124815675e+01 4.351725008565194841e-01 1.745696137250105084e-02
7.562459252705603774e+01 2.620896829088019686e-01 2.385756937160482538e-02
7.755837444029673122e+01 2.641159506850699334e-01 1.792793303515565276e-02
7.637407722386980424e+01 2.854238499987098443e-01 2.464416416165800261e-02
7.380822270938095642e+01 2.273294953083105363e-01 1.618333495628563115e-02
7.373964398761386008e+01 2.136361555631196008e-01 1.553582382514182361e-02
7.585889534548117297e+01 4.212965891660263584e-01 1.880458218931364833e-02
7.502918627972884735e+01 3.043045458786470814e-01 2.511792010459194813e-02
7.508404118388509119e+01 2.189425116078551337e-01 2.272462906963036017e-02
7.583846388426920271e+01 3.747484690709474431e-01 1.993343028392538172e-02
7.676166364808956644e+01 2.064921885959359049e-01 1.994105048395967278e-02
7.584930998563685023e+01 1.884109075895869234e-01 1.237327830307956809e-02
7.674574903527467029e+01 2.749047617782021669e-01 1.501326691879351430e-02
7.596382106307666504e+01 4.228018857349302717e-01 8.874449534771105402e-03
7.456336131009668122e+01 2.177113558104732394e-01 2.712770178887965317e-02
7.634258698291930045e+01 3.867317240461226602e-01 1.443823941889643692e-02
7.494046412472947338e+01 3.547813716722710287e-01 2.028426502895339795e-02
7.660873881886412562e+01 2.912329009071548125e-01 2.135679866563232679e-02
7.621811908490511200e+01 3.877767389084925131e-01 2.393662576558278424e-02
7.444012800560822996e+01 8.527314446591444108e-02 2.488656291537320875e-02
7.724772509326193415e+01 2.079376980486662418e-01 1.092763216319205498e-02
7.615903482100719657e+01 4.030838226350529352e-01 2.876875376797227019e-02
7.657629757210145272e+01 2.728283303414305028e-01 1.564326526056164512e-02
7.607145129167065534e+01 2.800735296114743589e-01 1.504844924034723710e-02
7.810875565086328720e+01 4.885168402072130878e-01 2.554170089539233718e-02
7.513914960219086936e+01 3.955019324297278649e-01 2.312012882681903359e-02
7.650254562420406046e+01 4.349665267043777428e-01 2.309937142859159673e-02
7.680001423630433521e+01 3.736906283372209980e-01 2.166239711220539418e-02
7.427638887028581394e+01 3.183621077410557221e-01 1.728686849341889986e-02
7.478015904235998335e+01 4.781816619300823801e-01 2.843412361407660419e-02
7.741922060029561692e+01 3.355213416855874486e-01 2.658841522415930289e-02
7.607205318060182719e+01 3.302797276897779244e-01 1.466599331481959444e-02
7.645699130449884251e+01 3.160385928424417346e-01 1.364559943007578185e-02
7.600880288818341057e+01 3.020270436143191461e-01 2.876859105680312431e-02
7.695421332851341845e+01 3.111445439091465870e-01 2.121359663317601632e-02
7.610421237810419370e+01 2.897086015204451970e-01 1.471986732981323334e-02
7.590894812239307043e+01 2.353901743347486530e-01 1.390089981013099135e-02
7.657122181454754184e+01 3.491264659933234760e-01 1.128435360308254615e-02
7.593731536250487579e+01 4.095701385899923608e-01 2.516694506778693191e-02
7.708583684288524296e+01 3.138913206901459696e-01 1.587782766844316601e-02
7.497630117264193927e+01 3.444604904750357410e-01 2.185014650909835807e-02
7.734733111160507235e+01 4.199979650342083870e-01 1.935498216326257681e-02
7.481579412113913463e+01 2.780893402989101926e-01 2.105966436492939103e-02
7.585791675461059924e+01 2.522105891922343801e-01 2.123358446326779891e-02
7.555604225858938605e+01 2.471933916274625942e-01 2.151928211855336573e-02
7.565800741987079903e+01 3.344104388978352271e-01 2.133270255049815947e-02
7.492057099890843119e+01 2.618758876134587577e-01 2.701354604837298903e-02
7.489792048726572204e+01 9.833455510294689117e-02 1.091782852076823504e-02
7.608910994657667004e+01 3.130917278032698814e-01 1.942628851012136171e-02
7.727418982892849897e+01 4.271655668970619768e-02 2.193138475332109122e-02
7.762143820180357068e+01 1.972219235108285951e-01 1.814728530834197606e-02
7.530710808277137858e+01 2.205653953922471211e-01 1.840847802427785299e-02
7.748748528368450650e+01 4.937386675487520638e-01 1.836127207297488795e-02
7.796506021406447928e+01 3.135576476984625049e-01 2.855459037415161716e-02
7.596670135034651139e+01 3.231057826046144221e-01 2.178280230557480199e-02
7.923885367936753710e+01 3.951285574844788928e-01 1.654992912218798337e-02
7.702899787027585887e+01 2.738167462915658268e-01 1.761097471755507585e-02
7.696860135989211926e+01 3.131085587771152978e-01 2.135890690005759138e-02
7.607398522186529988e+01 3.436583126605434746e-01 2.207300437773731389e-02
7.412303306729458541e+01 3.766572668609533547e-01 1.520966136668145882e-02
7.461770086444059302e+01 3.041588756141317407e-01 2.040966343080221485e-02
7.536649383542771830e+01 3.931031857667974250e-01 1.345280406648338006e-02
7.565305625122744004e+01 2.515125865066999422e-01 1.977274502273492982e-02
7.633886428464724361e+01 2.092107050376455224e-01 2.353308623149379802e-02
7.612300236833469569e+01 1.208053746688089458e-01 1.044589541269740768e-02
7.604768070707069683e+01 2.879032682213645833e-01 1.949551164109935078e-02
7.603201754346977737e+01 3.325559839510180415e-01 2.462268102365024192e-02
7.494889509908244918e+01 1.928028407099205144e-01 1.466671288835423234e-02
7.634891666716870873e+01 4.344947378646445424e-01 1.789590517931946220e-02
7.355830015584034243e+01 1.396007137389624342e-01 1.593640623026335718e-02
7.550227111250478629e+01 2.691611372745273401e-01 2.018820059990691224e-02
7.574825366917755787e+01 4.149339610543407164e-01 1.670235460643234790e-02
7.519768204052445526e+01 3.578875538520461808e-01 1.250906307353112472e-02
7.644969170532000646e+01 3.202553183726266628e-01 1.928076834186259747e-02
7.764827610714925754e+01 2.477792554705282035e-01 3.005023497816623756e-02
7.583456855077190539e+01 1.822983555029771829e-01 2.034107112680402785e-02
7.498375479968123614e+01 2.348244152186499678e-01 2.193674780495361715e-02
7.661558208865012887e+01 2.477832299745741929e-01 2.481661046364097914e-02
7.721750775802114219e+01 4.536301756563291265e-01 2.258250442500352173e-02
7.742342871208569477e+01 1.219201572025942204e-01 1.844923634815383989e-02
7.519299474367657865e+01 3.219225861127392174e-01 1.721244283318664609e-02
7.589384215805027623e+01 4.982174880204049416e-01 1.917209855404693533e-02
7.647379231719021675e+01 2.867730670075764876e-01 2.036933311198455346e-02
7.606601668043607845e+01 3.548324065973159636e-01 2.568442700266915929e-02
7.770739399760333299e+01 3.409620081909167100e-01 2.287583846846635155e-02
7.490913549081443534e+01 3.012123257584379266e-01 2.458677787748092189e-02
7.692596863841716015e+01 3.311609732795049998e-01 2.432387297350220925e-02
7.655076670899381952e+01 4.300306258259321557e-01 2.141150808271761671e-02
7.570430168442896957e+01 3.435841256933023780e-01 5.704417678766945249e-03
7.644288573638505113e+01 -5.484128252147840721e-02 1.159286142729064328e-02
7.651176860094098231e+01 3.577529337266795451e-01 1.432961570663448397e-02
7.534789795812106661e+01 4.470540988614132294e-01 1.763887740696255466e-02
7.830292031240298911e+01 3.098080146823654069e-01 2.199042037503056921e-02
7.767687439849861164e+01 3.231027116193419535e-01 1.511051716736194414e-02
7.595027254830571906e+01 3.064389263809909059e-01 1.334272364779724024e-02
7.580416792865918296e+01 2.357807906002563070e-01 2.450906223018260721e-02
7.609461187418526151e+01 2.817204250852429759e-01 1.948203936281669990e-02
7.628312201840617490e+01 3.716814199689779663e-01 1.512335498210057826e-02
7.501841236737872975e+01 4.204679215402530312e-01 1.798860062339155755e-02
7.464315790740312195e+01 3.543812709383104553e-01 2.226034051723262130e-02
7.452928474274330028e+01 3.329481715463606384e-01 2.358821020696767745e-02
7.643438645170625989e+01 3.731981483761395157e-01 1.314990683858171042e-02
7.639104015499620459e+01 2.797380240529553364e-01 1.764492605500173408e-02
7.693055560941972715e+01 4.579274510674229970e-01 2.875302465658712003e-02
7.737480787150590800e+01 2.990265818369816087e-01 2.172058616110411275e-02
7.682682287178424474e+01 3.221177949299461885e-01 2.063787408737338680e-02
7.688375313187619042e+01 3.040717353974067838e-01 1.644250274939677153e-02
7.564552693416413831e+01 3.733910377733742347e-01 2.001460142048758911e-02
7.640020997686833937e+01 3.770079242202190040e-01 1.817150505903605134e-02
7.681624816362980823e+01 3.478842603458394134e-01 1.397652152726107898e-02
7.750230479118624771e+01 2.599255256243083734e-01 1.192636417958446889e-02
7.501495629041369284e+01 2.078954839321677794e-01 2.025450399345138375e-02
7.578614949445376681e+01 2.763168032359407111e-01 2.302293641698770210e-02
7.639987536119271283e+01 3.416047870644286499e-01 2.199916320648142784e-02
7.667613466800223421e+01 9.920466582225567764e-02 1.822225242797823747e-02
7.387978993551053009e+01 3.136059926797795661e-01 1.997740013549099969e-02
7.710553227478968097e+01 4.287634392721120791e-01 2.098914657684081836e-02
7.555963892260309933e+01 3.585161112545737772e-01 1.742479201305213027e-02
7.605860734855664873e+01 4.086136316960767845e-01 1.727916416590525098e-02
7.686567863924250332e+01 3.777401368692302475e-01 1.534247894082526112e-02
7.703389412821739768e+01 3.798566345371505171e-01 2.049719945059833015e-02
7.529767654197235061e+01 2.240793981424429870e-01 1.737725572242428129e-02
7.660259446329196464e+01 2.144374832598602010e-01 2.213420609082863283e-02
7.481824447112161636e+01 2.895931415561150968e-01 2.053486709548297054e-02
7.850513014505891363e+01 1.722684344479632479e-01 2.718055886092748258e-02
7.620984241398728898e+01 3.511171918015962845e-01 2.057730689457660730e-02
7.650472681819523757e+01 2.946314895637981990e-01 2.709292771442662826e-02
7.560352885577528070e+01 4.232234572179247589e-01 1.685674575505842487e-02
7.599974815359871627e+01 2.028037447709780672e-01 2.221962790413424538e-02
7.750512595692653406e+01 3.022643820179146124e-01 1.903958195754190327e-02
7.494538303693207126e+01 2.870707346447691766e-01 1.223027190379742495e-02
7.514712201328117658e+01 3.326786046109135309e-01 2.643421072068973671e-02
7.886921086122950442e+01 2.513414914929099075e-01 2.700146417875824711e-02
7.630375248040165559e+01 2.948752353253624170e-01 2.211021683768854898e-02
7.612191648367996777e+01 3.210395725612218421e-01 1.800813091304063682e-02
7.466189034020115400e+01 1.556374797477918237e-01 2.318656040624988979e-02
7.578329990991429099e+01 2.503911100343833018e-01 2.004149086206416519e-02
7.685493225291563135e+01 3.280363943026398110e-01 1.679973201638552613e-02
7.728629295564894619e+01 4.679185502981632050e-01 2.241247148937977260e-02
7.703366351134408774e+01 4.341959996813811173e-01 2.551267959221713982e-02
7.667409917711262324e+01 3.698347047074883043e-01 2.253492962608050210e-02
7.496266232545295338e+01 3.800723156859585616e-01 1.338627331157778502e-02
7.526540054487495013e+01 4.403565067808087319e-01 2.409863493997169842e-02
7.754739828968585869e+01 2.828325616312707957e-01 1.437927394499137826e-02
7.581956280292965289e+01 3.202031297240574004e-01 2.038531081141468221e-02
7.719368047875670413e+01 2.738729574996554561e-01 2.171724132586792463e-02
7.507137285056539611e+01 3.550317278043813030e-01 2.001516365944213185e-02
7.531018666171549114e+01 2.864170637825146915e-01 1.910158172431599202e-02
7.578984487066290399e+01 4.871341242267683835e-01 1.951977559849814997e-02
7.581610388982267068e+01 1.002549042389858092e-01 1.563801291717328151e-02
7.579692657554365098e+01 2.414147323823357116e-01 2.674003704086730382e-02
7.589506222460377671e+01 4.388444249318252388e-01 2.030099821487984374e-02
7.609722783642158106e+01 3.011203552287499141e-01 2.001851830059248397e-02
7.777879500304986493e+01 7.803892732487816009e-02 1.023636222225034545e-02
7.551682916894388597e+01 3.114527881937568798e-01 2.336636304762932867e-02
7.653308719802747362e+01 2.715754087119429672e-01 2.497094484508177031e-02
7.709019540315273389e+01 3.284057831271565697e-01 2.469589059749678628e-02
7.633264526343212708e+01 2.538516973217116446e-01 2.340398458048782715e-02
7.617061312257868622e+01 3.101339846754486707e-01 2.718513937653450896e-02
7.360912787145991842e+01 1.682315829840430321e-01 1.420941255427136604e-02
7.569673935243119445e+01 2.845391830233969799e-01 1.264719196208269336e-02
7.507484196768918139e+01 2.239158321476429903e-01 3.198743459549215767e-02
7.786174194774714863e+01 2.688250582315350745e-01 1.822642297411317461e-02
7.491079600281170769e+01 1.191869586774733092e-01 1.942985274922671285e-02
7.506214801675596959e+01 3.015149468337990357e-01 1.219411780954401253e-02
7.529802554168973927e+01 3.248627095302830670e-01 2.178638828187286561e-02
7.647747195874201509e+01 1.779511015842962507e-01 2.416919868358810564e-02
7.525978830339815318e+01 3.732857914607306538e-01 1.994810401649661780e-02
7.468361250092205239e+01 2.783802295418811856e-01 2.178226215640862232e-02
7.667296538047460785e+01 2.959012102555581558e-01 2.747209214927343046e-02
7.706751077098655855e+01 2.843345883600247315e-01 2.365913079091192667e-02
7.799379348518819199e+01 5.060484600783027309e-01 1.400975667891464493e-02
7.513346688884284674e+01 4.584918786733850893e-01 1.483765341054811039e-02
7.473745886670832306e+01 2.613805869300953044e-01 2.204988638768090592e-02
7.595760329338889960e+01 2.449436379594407964e-01 1.671115872329507687e-02
7.534766293558729444e+01 2.220490371341057312e-01 3.112991647451737731e-02
7.635751107118555581e+01 3.986759054404738767e-01 1.761425625307842108e-02
7.587404332281394659e+01 2.386446018629644894e-01 7.064837390638038436e-03
7.468199072315213982e+01 1.289381320019605259e-01 9.025444985601913106e-03
7.486464102570189993e+01 4.424955679381630813e-01 1.978323820632022292e-02
7.735056376232117259e+01 3.510982576900875118e-01 2.381736012543980360e-02
7.515910300469542449e+01 3.623950954192670659e-01 2.355470358085046817e-02
7.548335270776631489e+01 3.659540370616166660e-01 2.276189150524308979e-02
7.551044737886991243e+01 1.977231567729004769e-01 1.422376423464257258e-02
7.614650554192147069e+01 3.427009868789314684e-01 1.613402033922968493e-02
7.608658534132609930e+01 3.670537036138485365e-01 2.301556446178195520e-02
7.761188012012249260e+01 4.376980832198043014e-01 1.511565154752905239e-02
7.774358620953802301e+01 2.569023495444285321e-01 2.509694054855818313e-02
7.612798662605109712e+01 2.687850621543032559e-01 1.118196653768325360e-02
7.588843548978366016e+01 1.540616764694390795e-01 2.471853285776962061e-02
7.757679265713925076e+01 2.303089010703309736e-01 2.147302801228912969e-02
7.533460847799202043e+01 2.471515269863210351e-01 2.377802294568473820e-02
7.602146173815658869e+01 4.839648041931011724e-01 1.764764644535160576e-02
7.705933633247448711e+01 3.197413412957781920e-01 2.388184394997187182e-02
7.561284234267004933e+01 3.050441162448417343e-01 1.943659083268812343e-02
7.522394288515421579e+01 3.762081534581752651e-01 2.317194636867494703e-02
7.665355469490556573e+01 4.636965653917644592e-01 2.706997464017709201e-02
7.568505531015087229e+01 3.473052318434178276e-01 1.695804541825262149e-02
7.608335531611456304e+01 2.500250550881135125e-01 2.790278199578561519e-02
7.642369815034297176e+01 2.881970871895577768e-01 2.582252961881159603e-02
7.388938459020458538e+01 1.085897405134710059e-01 2.388213978155987252e-02
7.612046844811736435e+01 3.350446300260760402e-01 1.352977510576317682e-02
7.603676628914963942e+01 5.103509410401342317e-01 2.402048595022372030e-02
7.622970654514281819e+01 2.660946089895062094e-01 1.807525438112490834e-02
7.393080211079998776e+01 3.357640420921160773e-01 2.412430784625294727e-02
7.448438067282938846e+01 2.438583107693184093e-01 1.435383106227598911e-02
7.509464880519124108e+01 3.153481626821900141e-01 9.832184609812319454e-03
7.667427043835706968e+01 3.853855069933682098e-01 1.877510932664920584e-02
7.357929149001546421e+01 2.103581373997610304e-01 2.601415577611071450e-02
7.328200571927142448e+01 2.752476587806480524e-01 1.424389864162312579e-02
7.686457030158483406e+01 2.424886047856538718e-01 2.197050741822249506e-02
7.662546041916910156e+01 4.936225839730020160e-01 1.901003929914453494e-02
7.643604436962260706e+01 1.614944520872564071e-01 2.580689543070119329e-02
7.529949115192863474e+01 2.539245835912254390e-01 1.989147417146726673e-02
7.449711565466014918e+01 3.328770028928937919e-01 2.471934767280493245e-02
7.635293382349729541e+01 1.511102435821274903e-01 1.939605222278214733e-02
7.680202890297948670e+01 1.222011234034092175e-01 1.475723895698675958e-02
7.693654360408152115e+01 3.370095434197286632e-01 2.200961747378904487e-02
7.791949480762330893e+01 3.568552778506202672e-01 2.320920980699112124e-02
7.877074552721832390e+01 2.886195441909509274e-01 1.610788895795856046e-02
7.648779639824714138e+01 3.538991029388894871e-01 1.743065662465264481e-02
7.502760298044515253e+01 5.409844422090077654e-01 2.159435839213669911e-02
7.532771461859792339e+01 4.015930302279598907e-01 1.946758462653007740e-02
7.580711855368217300e+01 3.662272871914493133e-01 1.369813527691858546e-02
7.641262720391716812e+01 5.012954807731752060e-01 2.227403737657224908e-02
7.568378789621654334e+01 2.592894719571757767e-01 1.799834159343849035e-02
7.580603732195221767e+01 2.722193467241728060e-01 2.446981190768081349e-02
7.432679089679102447e+01 3.962000050412133878e-01 1.814787060906067687e-02
7.643694778569538073e+01 1.973012089799136004e-01 2.648112715536310446e-02
7.730563496017187219e+01 4.059590525750073620e-01 1.261095231320224705e-02
7.688912107106605731e+01 3.504855087635708744e-01 1.216940855057284041e-02
7.603570261622918736e+01 3.464534489033262443e-01 2.271256231133244458e-02
7.623726136694885724e+01 3.391231416847379498e-01 2.718834825489314933e-02
7.728603390991068522e+01 2.329450462172566461e-02 1.845151924469423318e-02
7.589534897245604839e+01 1.347901427273028863e-01 2.045942955235274113e-02
7.730875777241050173e+01 2.013432140409409654e-01 2.164098018873108348e-02
7.514417652270356029e+01 2.428087976320323083e-01 2.720679821546358873e-02
7.551744217988817809e+01 3.562212489010624372e-01 1.087210675092201324e-02
7.792231756139487686e+01 3.702652446306499145e-01 1.910975686512067506e-02
7.663554650999989803e+01 1.690180571052189717e-01 2.576844264269589208e-02
7.573601522450357493e+01 2.895930484951565465e-01 1.760167992699763692e-02
7.547934859725441470e+01 3.794670611628408463e-01 2.124832609806938041e-02
7.671174814140303511e+01 3.091205310514428262e-01 2.250341371257161618e-02
7.564115125607496282e+01 5.329731841409548476e-01 1.235155894424146833e-02
7.732093732356298688e+01 4.467907450720970397e-01 1.584312777577758999e-02
7.828927361055598055e+01 4.095490282945318250e-01 2.473726344791664367e-02
7.608802218702588505e+01 2.882773841781323676e-01 1.897849352663605674e-02
7.645053059631952408e+01 4.501186275033896012e-01 2.088445959932399773e-02
7.514855637686271450e+01 3.924427062384979736e-01 2.449341827509654915e-02
7.671465952844778258e+01 3.845498906524982830e-01 1.867839936508386423e-02
7.513101083286942128e+01 2.231806569359220116e-01 1.202213049532752098e-02
7.629694861154595742e+01 3.016551216773406541e-01 1.785371851448922659e-02
7.310438117565493599e+01 1.852682530305830855e-01 2.546751537269837523e-02
7.539537399993686506e+01 3.460591677656841281e-01 1.321616863426704203e-02
7.749870548235922740e+01 2.955972339945323601e-01 2.141483120235870841e-02
7.838577979188168854e+01 4.616440100589404016e-01 1.850455794494118220e-02
7.546677981512964095e+01 2.774454988480468121e-01 2.248730852915383285e-02
7.595477586574912721e+01 2.704755854996528375e-01 2.715698171077581685e-02
7.594579010822216958e+01 5.399589093037319154e-01 2.044264665244962392e-02
7.784531839422473354e+01 3.457319422710626866e-01 2.469736864999730677e-02
7.533538894848227585e+01 2.246240777412588097e-01 2.224246807324384290e-02
7.704855324246531723e+01 3.140256502000463024e-01 1.372491056056733029e-02
7.469974163371067277e+01 1.672863597813758763e-01 1.137745310761277377e-02
7.616948535944709420e+01 4.225043921708025452e-01 1.993455713695215306e-02
7.379958524266214681e+01 2.909239539665451346e-01 1.920585855301167391e-02
7.815599875022543586e+01 1.642862087080443623e-01 1.809425559707709269e-02
7.776585268054456890e+01 3.549978341346547994e-01 2.274786865129963323e-02
7.617458443702388138e+01 3.429943538657264646e-01 2.379321722087090682e-02
7.525051368110723615e+01 3.978058578908200138e-01 1.330242430787541806e-02
7.638836797283154567e+01 3.278740963286327359e-01 1.699369225272142486e-02
7.603731472467435992e+01 2.477459847334446963e-01 1.477218864945490512e-02
7.570638525838636212e+01 1.996011364628338391e-01 2.157462177606462445e-02
7.490991450584763811e+01 3.811977022991051567e-01 1.423668747351795015e-02
7.549370508441899119e+01 2.475396591784820854e-01 2.646413038475531332e-02
7.639028994561660113e+01 2.888266197455605644e-01 2.243277776131572324e-02
7.395280765267031597e+01 3.056866410359092567e-01 2.974397159904762500e-02
7.619234650640267148e+01 3.167913169169335741e-01 2.267379697386437062e-02
7.695560524331435204e+01 1.102533307110140082e-01 1.179352935711694070e-02
7.627029129108615280e+01 2.385123438102490223e-01 2.640012323034104588e-02
7.574482561011477344e+01 1.165469264286881912e-01 1.381456625929757508e-02
7.331032398036943221e+01 2.865874462717087345e-01 1.908105303773471526e-02
7.563553729021811023e+01 4.178879039029738673e-01 2.584643822691070139e-02
7.588961157664388679e+01 9.653063325231439618e-02 2.301112966093784781e-02
7.661536022850857819e+01 3.409391570156944939e-01 2.478770609418593299e-02
7.489517190353896581e+01 5.108755386185138692e-01 1.531986461882015559e-02
7.680922292720086375e+01 1.412652305586648283e-01 1.546212347673145762e-02
7.757636864672534216e+01 2.839100176999150293e-01 2.409718343967218526e-02
7.629695538871925464e+01 2.995041843999827202e-01 2.665292841430580428e-02
7.582334117534810503e+01 1.319261892436529304e-01 1.608175564901607318e-02
7.661119172870169791e+01 3.495509106362508223e-01 1.235581341348566606e-02
7.533565748059180578e+01 2.518278650797753371e-01 1.821722149212573125e-02
7.468408641139845372e+01 2.471628891880521262e-01 1.644580251092913475e-02
7.683153325976192605e+01 3.909121310990243958e-01 1.928872947273748209e-02
7.566796020412927248e+01 3.239924312039113574e-01 1.601670679289963345e-02
7.491316791783256690e+01 2.159778791074283000e-01 1.690335041965142920e-02
7.489652620020773099e+01 3.262059559062874814e-01 2.355958865260345675e-02
7.447290169920175629e+01 3.125128711216033084e-01 1.892714246211543716e-02
7.640150868553681107e+01 3.087061231896411906e-01 1.290927180521155709e-02
7.479761070114284394e+01 3.129423575584972528e-01 2.501844351095370428e-02
7.384581262895700604e+01 3.445726579801580147e-01 2.580303417213484704e-02
7.590697412379378761e+01 3.650202496026440646e-01 1.657039472732779392e-02
7.594063380072311986e+01 1.479086481691848365e-01 8.564178983322564415e-03
7.700276580122528003e+01 2.115005072275558118e-01 1.777791295120277615e-02
7.467355774672981283e+01 1.690030296916124053e-01 1.915201121905065265e-02
7.533042280586435879e+01 3.477970997994698221e-01 2.220750448282727760e-02
7.638084964632460583e+01 3.338600790928443751e-01 2.769643026796042226e-02
7.499240623095511182e+01 3.045065133797082435e-01 2.552531619765653279e-02
7.732453980933803450e+01 1.678236350655427089e-01 1.847631491875185300e-02
7.741812109586726365e+01 3.608079105199065162e-01 2.095250259258425729e-02
7.584231530656533948e+01 2.716199074292254823e-01 2.140594664922109563e-02
7.580762587501551764e+01 3.057421378955555991e-01 2.038340832251237661e-02
7.538192847150649811e+01 3.632129373881438639e-01 3.421582755324595326e-02
7.428301336067393379e+01 3.424012524189979922e-01 1.629175566527363284e-02
7.663740257751925355e+01 3.146557473327861176e-01 2.371636475142665373e-02
7.723550657650878293e+01 3.292421117768181138e-01 2.552220628494721033e-02
7.371570210621132446e+01 4.690452297916023472e-01 2.182957147264556058e-02
7.713784335574518991e+01 1.880124255158478475e-01 1.594746399216909194e-02
7.620593829414477227e+01 3.082962110662537114e-01 2.138082238053653356e-02
7.714451516092996997e+01 1.334779684697150748e-01 2.475033693520638581e-02
7.606828190995793193e+01 2.896218138875452097e-01 1.282382812495175273e-02
7.656304866837686518e+01 6.858921489689626116e-02 2.316289761579859788e-02
7.456789416452700436e+01 3.153457912617473879e-01 1.941868859840038819e-02
7.722953814729388000e+01 2.921344830986110086e-01 1.661395823831382512e-02
7.555339730402880605e+01 4.372882768754663418e-01 2.261608277649216486e-02
7.567437001847683575e+01 2.863553580035486656e-01 1.235523370446123259e-02
7.644847420085154965e+01 1.340184292304534286e-01 2.366729983334368848e-02
7.618862159249127330e+01 5.486951799573922539e-01 1.463348510378387375e-02
7.595733790895937432e+01 4.898287700923062982e-01 2.581165678190933815e-02
7.536378794842009654e+01 3.323967428373447719e-01 2.000975295812237875e-02
7.634195586739416228e+01 2.401319564015170216e-01 1.956429071853300200e-02
7.446194762472329387e+01 3.235123451868082145e-01 2.219522279717967006e-02
7.583258058735611939e+01 1.484949109415212021e-01 2.482210664805591452e-02
7.642452503799280805e+01 2.373984902299023092e-01 1.863121733249725048e-02
7.455933059721816392e+01 2.074589872222095677e-01 1.737653001777005046e-02
7.728842081228015104e+01 2.460496609112524102e-01 2.312299346014028839e-02
7.552168379713842228e+01 3.347947560851874949e-01 1.931026584320096398e-02
7.693305660009274050e+01 2.565188661781442336e-01 1.232913048779296986e-02
7.467805096863637004e+01 2.568122506057242682e-01 1.390702453327779045e-02
7.647021201567955018e+01 2.634231835141921940e-01 3.158344658549479267e-02
7.432228540486286761e+01 3.303633178709801110e-01 1.449779012924063901e-02
7.556659865961732692e+01 3.241419473340544366e-01 8.656725000613233953e-03
7.629682611678802573e+01 5.002907462274167605e-01 1.778810586161662030e-02
7.631980785680551094e+01 4.124921693125399580e-01 1.920022682913660392e-02
7.547903981146852459e+01 8.242635962782476899e-02 2.312678399704864995e-02
7.594683159027110264e+01 2.087316148611838007e-01 2.061754492818387158e-02
7.547631964319381837e+01 2.571573868884474146e-01 2.295751783467662663e-02
7.472161758867615333e+01 4.147315286073758323e-01 1.318201871649559223e-02
7.539729859164474135e+01 5.022946194066577608e-01 2.549929152020694034e-02
7.615760399249543866e+01 2.159469784498783407e-01 1.741818386975661770e-02
7.613327531458570263e+01 3.137523232339598511e-01 1.955672717255627774e-02
7.602916748591582063e+01 2.885624890294886113e-01 1.296595738712188681e-02
7.554348925783916968e+01 4.014624053986846630e-01 1.332519854853113361e-02
7.587044448846071987e+01 2.280246071229156124e-01 2.054317282633225106e-02
7.567136681893317984e+01 4.577393664974669374e-01 2.247113733751343254e-02
7.474819683422279581e+01 3.771228011613698694e-01 1.622121045725822761e-02
7.548300362862246971e+01 3.413819020107121682e-01 1.760123209887739029e-02
7.695285581632295191e+01 2.325489938486604569e-01 1.698074852394456866e-02
7.540362910645188776e+01 2.534361251644960955e-01 2.536191002706250294e-02
7.668879629361030936e+01 4.809943954012071421e-01 3.106167904341099878e-02
7.502928296806766184e+01 3.170419127327288589e-01 1.426243747978813217e-02
7.528239407225173352e+01 2.469917489744330452e-01 1.484314695542305121e-02
7.500811272710159017e+01 2.955715621479745314e-01 1.406478820299313613e-02
7.690212695913763241e+01 2.182246462582485558e-01 3.370521448827508426e-02
7.560861554903560489e+01 3.172017641917052044e-01 1.368126251479982736e-02
7.776609175812764363e+01 4.219500680802916182e-01 2.144837010115176884e-02
7.471319745122043798e+01 3.310666877724620094e-01 1.452960465357436629e-02
7.752235526347335792e+01 3.909194731853172788e-01 2.046555628530603160e-02
7.362362433675268392e+01 2.116584021340969235e-01 2.335493234926767220e-02
7.727288369172315186e+01 4.209169811492131652e-01 1.223408291589533903e-02
7.636155230681291073e+01 4.115515216482929506e-01 1.191055821667197367e-02
7.605209548462676139e+01 3.373842398308456447e-01 1.853285568367446512e-02
7.420783814459879579e+01 2.774301889926271136e-01 1.840338814509744417e-02
7.591192759545225499e+01 2.536528574574930528e-01 1.783896510613918254e-02
7.602029371765301846e+01 3.542454604969711429e-01 1.851499140069918364e-02
7.565035107163200223e+01 3.192354038254457960e-01 1.062967841026740516e-02
7.653703512722645996e+01 3.099436902877041322e-01 2.019362695901249713e-02
7.702073430759446637e+01 1.147184469951751662e-01 1.037154209824895680e-02
7.633380384532351570e+01 3.092883144871484413e-01 2.083013143020454733e-02
7.559787292482755561e+01 3.764353674239931391e-01 2.454945777068839180e-02
7.654398229395152953e+01 2.839171541595416626e-01 9.718588353100472699e-03
7.682923620803713050e+01 4.321728666217592996e-01 2.314418737553160937e-02
7.518035757263250218e+01 3.773794393667757596e-01 2.419770589249485571e-02
7.761881624779908861e+01 2.223890075772042285e-01 1.889534349002859256e-02
7.680727205114345679e+01 3.157410071438157551e-01 1.454962145340841541e-02
7.647461628502669839e+01 3.678661633815166754e-01 2.042908729917562033e-02
7.627958492717993977e+01 2.841294098314269823e-01 2.721111675959053677e-02
7.515930781628732404e+01 2.512679237236221108e-01 2.005358787086597774e-02
7.693895402770090186e+01 1.602626829905463290e-01 1.360830853772956525e-02
7.402227149226528979e+01 3.132695225253270821e-01 1.454484967216320042e-02
7.567544988998209021e+01 3.761378189891708135e-01 1.687052331325440691e-02
7.629128202274335990e+01 2.800662092248277779e-01 2.327860641510456907e-02
7.653512806734801188e+01 2.408066303825389942e-01 1.917730851999779190e-02
7.710374339772049268e+01 3.493376870254096822e-01 1.318555093779935801e-02
7.671561806117138360e+01 2.015389377563761575e-01 2.689030765834637265e-02
7.708409883984103317e+01 3.389885475918400504e-01 2.076698948017655436e-02
7.585096774397258912e+01 3.778523951400027947e-01 1.819132600262408916e-02
7.629556987063989482e+01 3.971934366519451198e-01 1.725948027548492719e-02
7.544380726000930792e+01 1.905634519275540839e-01 1.480745001889672077e-02
7.423160468855850525e+01 3.829828789015529700e-01 2.882397337601351819e-02
7.748532894347030719e+01 1.473915511373483367e-01 2.353587644661560979e-02
7.748210634992355494e+01 2.643190019261336121e-01 2.049486551536609455e-02
7.405210694919533410e+01 3.366736167976641658e-01 1.481190375885503563e-02
7.625963501791152055e+01 1.538797077811119574e-01 2.264808889989071428e-02
7.708451267542669427e+01 2.316820138284832464e-01 1.445403618824178324e-02
7.390397695745002693e+01 2.833586465924822773e-01 1.716295641813850997e-02
7.450898058765194776e+01 3.553018756312171789e-01 1.780502252748951755e-02
7.498426404135477696e+01 2.545427594359552792e-01 2.522587579965666210e-02
7.666293694375522705e+01 2.969973938501510036e-01 2.302002448031635617e-02
7.489908804361326133e+01 3.132370100727030482e-01 2.071864551456814932e-02
7.559016349150127212e+01 3.535458335957417653e-01 1.619300753831974873e-02
7.656982070777611682e+01 3.651858771531292236e-01 5.769951801477723324e-03
7.725030570351012216e+01 5.236743464724580299e-03 1.699488280216524330e-02
7.708534803425776261e+01 2.782713274747559140e-01 1.284787325624613466e-02
7.496626293828333587e+01 4.126905746320619905e-01 1.062680716805542228e-02
7.718899110096201355e+01 3.044897900957710402e-01 1.418343741247593374e-02
7.547688492769731283e+01 2.082775658898358695e-01 2.422548878467575134e-02
7.679242780976284166e+01 1.380838866123953179e-01 1.803125795844227192e-02
7.519681433765572365e+01 4.393509968459370363e-01 1.341415064328575074e-02
7.766422910468502039e+01 3.066705260483062467e-01 1.433202728595079148e-02
7.538272581599072453e+01 2.298381159231549509e-01 1.378234925846094638e-02
7.615482685973037746e+01 1.872084449308156762e-01 9.364067274447858760e-03
7.568032352915183480e+01 1.297143803582117283e-01 1.633092259479258443e-02
7.515089711139664530e+01 2.228783927974185564e-01 2.976079561751294664e-02
7.611641156716957823e+01 3.345371008995332018e-01 1.133464245686685405e-02
7.540603686636308112e+01 3.315302629941512258e-01 1.500229798579021112e-02
7.696806284351798411e+01 1.897303414098969743e-01 1.860309202016987434e-02
7.547394836002443697e+01 3.264320659381915735e-01 1.687565818607109427e-02
7.578910637292906927e+01 2.863869908222014260e-01 1.641762069565218946e-02
7.654509386849711916e+01 3.338388374837425454e-01 1.956773685242357494e-02
7.562954166653804577e+01 3.896544030519997204e-01 1.884958905456497052e-02
7.575330271217406164e+01 3.204690029888125902e-01 2.827603259985780881e-02
7.471964379197879680e+01 3.869856893055354519e-01 1.076501872566777880e-02
7.627727315822862408e+01 4.675082827608730840e-01 2.238374889984052346e-02
7.623062507853980208e+01 2.539550531196924643e-01 2.015144975848075226e-02
7.580793718459663921e+01 2.314023392068644547e-01 1.858597260743966029e-02
7.625838116062644190e+01 2.332782931469359611e-01 1.606691794787958733e-02
7.469975656240782769e+01 3.490725026088896121e-01 2.266011347301005036e-02
7.629166044423651272e+01 4.065170492728665819e-01 2.042862261990598810e-02
7.645201093736575615e+01 3.403837425637562530e-01 1.955346331991118097e-02
7.552917817187035610e+01 5.314152615791911671e-01 1.779536107388532407e-02
7.539412228887957212e+01 3.534009823450107168e-01 2.122855812339026829e-02
7.465520845238967240e+01 4.222678254563738687e-01 1.954051426658130058e-02
7.494906890478428352e+01 4.288784114353874077e-01 2.305207595900563011e-02
7.479545800805209410e+01 4.877182840257724417e-01 2.321364569934728297e-02
7.604980388437495264e+01 4.690218805621779730e-01 2.077706236014459015e-02
7.603191692489596676e+01 2.439699883978010964e-01 2.283829482588818974e-02
7.653660296732398649e+01 3.114680139889711152e-01 1.614640802991413118e-02
7.618992985416608121e+01 3.030201214237862040e-01 1.349524722568682354e-02
7.458818764867581308e+01 3.665153378809769547e-01 7.307861877796638025e-03
7.626541052696126144e+01 2.621916942246175219e-01 2.638169076526785534e-02
7.556653179084612759e+01 3.759484214251895828e-01 1.806383492079126005e-02
7.617374815348614447e+01 3.836836530920051391e-01 1.774363065207522003e-02
7.705655488449841073e+01 2.106302122893516926e-01 2.143703825638233751e-02
7.698263972278785161e+01 3.760037491790335085e-01 2.934851159383126962e-02
7.529656068268934632e+01 1.720850748651412132e-01 1.514958483660917322e-02
7.672044256654844219e+01 3.597922934269378592e-01 2.049881297388983503e-02
7.493704295089287371e+01 3.866867293329060984e-01 1.402583035292419289e-02
7.721894958237690787e+01 5.957438423139864714e-01 2.178756656864171137e-02
7.664310813565774083e+01 2.607140231104440597e-01 1.116969111664967498e-02
7.545728063696978438e+01 2.007104758901250563e-01 1.294144109065845961e-02
7.778235994199565084e+01 3.372862518025773193e-01 2.185213453958041036e-02
7.575097763480374624e+01 2.927128917556563459e-01 2.470512527921626261e-02
7.602766288130479211e+01 3.630693938024732725e-01 1.904388147392675062e-02
7.571784710926795015e+01 1.693085834398137812e-01 1.035244359820912917e-02
7.579843809893360174e+01 3.156496691993232462e-01 1.372619494288394512e-02
7.602552513496536335e+01 3.153752562990502217e-01 9.482887775320100396e-03
7.514487534052049966e+01 3.507263893735468319e-01 2.188809136290606819e-02
7.490632508360023678e+01 3.258448050499734849e-01 2.498735231883157312e-02
7.683707295899090184e+01 3.004714212986065447e-01 1.771718871549125829e-02
7.543065551566549232e+01 3.567819782909656956e-01 2.095172669825799000e-02
7.668940400610220820e+01 3.231873813121152184e-01 2.399397048949971842e-02
7.615459253295770736e+01 3.884688716131686759e-01 2.424791595300799379e-02
7.525547336977518853e+01 1.291855953129253942e-01 2.752923344397343458e-02
7.631665873071226258e+01 1.385514104503878241e-01 1.651795367210384669e-02
7.683187429236983235e+01 2.820323168867107100e-01 1.750213941795547914e-02
7.746088186031296630e+01 2.052712853616189270e-01 1.610656898656178532e-02
7.627138647504827418e+01 3.490454932053882464e-01 2.242118553336942127e-02
7.697123804456894902e+01 3.298578620681517082e-01 2.238723872652882696e-02
7.580079074068491707e+01 3.162698303236713970e-01 2.052455697587138653e-02
7.627509813581903586e+01 3.872539807582761062e-01 2.270802771680405577e-02
7.610421700290018521e+01 2.290874015058960156e-01 2.033010369786687754e-02
7.603198221510426436e+01 3.293181579813198590e-01 3.076353808361172171e-02
7.553622722145877333e+01 3.522289019125359744e-01 2.521201008411852809e-02
7.615800191409938691e+01 5.437845119172165509e-01 1.815590589399279642e-02
7.638408922232004272e+01 2.301194255107018027e-01 1.828524519442295895e-02
7.630893391039666085e+01 3.946304062307729454e-01 2.155656016596865440e-02
7.731911484933473844e+01 3.005034689407328208e-01 1.837966570810241340e-02
7.876398510727938174e+01 3.494237649442030746e-01 1.649033392205586507e-02
7.536573623775193198e+01 2.157320085468659443e-01 2.456863100417945589e-02
7.569562270710676444e+01 3.227362475656485596e-01 1.969020158810600579e-02
7.679149240794093600e+01 2.253255907115979673e-01 1.475330592125358165e-02
7.628429730718160329e+01 3.700959284699897323e-01 2.162210884437873459e-02
7.525054627090267445e+01 3.777484842091393680e-01 1.637141011172861191e-02
7.553846135521361305e+01 2.156046475277997865e-01 2.634711389586356575e-02
7.669342154102734810e+01 3.704993375678873324e-01 2.608395815191439510e-02
7.887264924823873002e+01 1.390773896089844419e-01 1.639816302011166613e-02
7.544382491582547345e+01 2.249180377617306936e-01 1.474349635315262003e-02
7.576034693594463931e+01 1.883396284710595059e-01 2.163435301237762523e-02
7.611169832142861935e+01 3.581028664763655223e-01 2.247672415433293880e-02
7.666300685342667975e+01 2.726591063176117546e-01 3.034704098845691575e-02
7.629443111648210163e+01 1.237515247375204908e-01 1.511036221577454972e-02
7.431949701097218508e+01 3.117334629151307102e-01 1.940582817534959245e-02
7.559157430210053974e+01 5.110926112400514532e-01 2.267796523939956399e-02
7.678609836144633505e+01 2.168926512057896550e-01 1.512612248131213477e-02
7.609680549909695912e+01 3.273007139652225894e-01 1.094482162383191536e-02
7.587969297715046935e+01 3.114072082873504677e-01 1.895049187428717724e-02
7.524660958765332452e+01 2.560464818078859728e-01 1.913727222647416612e-02
7.615080002361004574e+01 3.704791582550567841e-01 2.527246929244327672e-02
7.576565227647274980e+01 2.643843803884642352e-01 2.213490572455759087e-02
7.667084491641085719e+01 2.665799566741114401e-01 2.385557793642035379e-02
7.703958534115596990e+01 4.391686465658672933e-01 2.867473613034059871e-02
7.519358386134055650e+01 3.113898209332511269e-01 2.005501315423736594e-02
7.596192643146748935e+01 2.450737080389863709e-01 1.275335608179965080e-02
7.615267944602901196e+01 2.331644340452087572e-01 2.041948039389085423e-02
7.526595645830114734e+01 2.000341654155658455e-01 2.114291883110681891e-02
7.621092152680650145e+01 3.679281971320932931e-01 3.066275008008597855e-02
7.633728953121084260e+01 3.585081767064129399e-01 1.474360327381792415e-02
7.477309255946363464e+01 4.682829446773333903e-01 1.549522058569120092e-02
7.501605592853135818e+01 3.060901078783446749e-01 1.956003700791517780e-02
7.515749349355671427e+01 2.795026781286900075e-01 2.599695472024441192e-02
7.525400639116820400e+01 1.706327515633828396e-01 2.459801766292581821e-02
7.655229691193804342e+01 2.479481379351338444e-01 1.228211211645405775e-02
7.531537664356143580e+01 3.045295563150728912e-01 2.568620531650643579e-02
7.502341802513033997e+01 3.015480118488526595e-01 2.329338858485316063e-02
7.367873265987807940e+01 4.133786167938899858e-01 1.423194842826128181e-02
7.639199549345693185e+01 3.346683149610744090e-01 2.529066532421387833e-02
7.661092438089353607e+01 7.227095082700188411e-02 1.617180855045857735e-02
7.619820512935328338e+01 2.905020113880212862e-01 2.232980843783790442e-02
7.684936655566970387e+01 3.708451736429679291e-01 1.895475637778309616e-02
7.421366298887951984e+01 2.644518751145182867e-01 2.203106413726319684e-02
7.496955274744952646e+01 3.731274730121576511e-01 2.443118681593807115e-02
7.618686697629584614e+01 3.622013368760390595e-03 1.376542262091803165e-02
7.794618915855608066e+01 2.553462206971621740e-01 1.032125257010245781e-02
7.729524738831027264e+01 3.113355591543672807e-01 2.538995360467183326e-02
7.633695867521936407e+01 3.558559136212168794e-01 2.177077681811959500e-02
7.675748831192100852e+01 5.377430448556098641e-01 2.473661627297164822e-02
7.447966068215447422e+01 3.546661515278903276e-01 2.556819886879618461e-02
7.726270080653614514e+01 2.673395016940900426e-01 2.568265583018598808e-02
7.698774239955120890e+01 5.672517436969730653e-01 1.634145494512921279e-02
7.555259942359957392e+01 2.793880951540045898e-01 1.760867243883524128e-02
7.516997925023639482e+01 3.373244943262565521e-02 1.787951476232617354e-02
7.642935805969990781e+01 2.606778154494089339e-01 2.944088382209322091e-02
7.607337581271586657e+01 4.391029055184135776e-01 2.127522152551204054e-02
7.688640730989325789e+01 3.379241553933562403e-01 2.667699820440762315e-02
7.611593935013240753e+01 3.596120708088785811e-01 2.178698992024411668e-02
7.577171454187268296e+01 3.504982318924676488e-01 3.089944510340332864e-02
7.578960305790455720e+01 3.519464892853248483e-01 2.613550707741191942e-02
7.720025328094428119e+01 3.111716417719365135e-01 8.373713644110429566e-03
7.657670281864847084e+01 8.805257413769471131e-02 2.717042551678649359e-02
7.622947387119326379e+01 4.099674019871988873e-01 1.559945786253145658e-02
7.450749252669994860e+01 3.360754384141166895e-01 1.983608078070174530e-02
7.556845917384283950e+01 3.184661280732763999e-01 3.349968727820615277e-02
7.689452554736905654e+01 4.149498605863318756e-01 2.411676532465051662e-02
7.753946214385219093e+01 2.909928327099254863e-01 9.976774108901005286e-03
7.587141386699398993e+01 3.911735709996501664e-01 1.526926636529232426e-02
7.588363404951067537e+01 2.408230256997686836e-01 2.732697196021039582e-02
7.680945701540656501e+01 3.751540620643958879e-01 2.303220152741937421e-02
7.602275074744787275e+01 3.297556282527503435e-01 1.421861180228137754e-02
7.387355802124943693e+01 3.250081130345023883e-01 2.158044027449826721e-02
7.726926456842538471e+01 4.671335816082367587e-01 2.765852919511681621e-02
7.506197640670612259e+01 2.747734965050230849e-01 2.234309412625063232e-02
7.859190467774217836e+01 4.580099203713915990e-01 2.546047396096770901e-02
7.567221204445071692e+01 2.216800368844875357e-01 2.384833113845482785e-02
7.495933873576564110e+01 2.861563649019697175e-01 1.944010756584427929e-02
7.765291208912280752e+01 2.745302697040322704e-01 8.101221275255532372e-03
7.656444464766246938e+01 2.400978146896073362e-01 2.020795621676949733e-02
7.597329529915788271e+01 2.826296004182231592e-01 2.385531991114489894e-02
7.452713512164729082e+01 2.582985775045639754e-01 2.333677030788966489e-02
7.544591522465563571e+01 1.491193290730027932e-01 2.326124557686212735e-02
7.718309463044154484e+01 3.055004792356993404e-01 1.043489951966081533e-02
7.676596974669881490e+01 1.440112118580311740e-01 2.150633793584471112e-02
7.517253617525784648e+01 1.940160714233034600e-01 1.784434138009907342e-02
7.587670244357273930e+01 2.455791749613551733e-01 2.287172330836658926e-02
7.561393062154117217e+01 4.080190871671822150e-01 2.137157641777306938e-02
7.536244279340368735e+01 2.234060116167713994e-01 1.196343268757346819e-02
7.635073317786682878e+01 2.745412452748641763e-01 8.428314497251147494e-03
7.552428512723059839e+01 2.198965970745047904e-01 2.768623215693005041e-02
7.435722138810669435e+01 1.658649200265946144e-01 2.541448606393024306e-02
7.741676315746396142e+01 2.355017061274358448e-01 1.691665452288336133e-02
7.667623539655330944e+01 7.729002030546897051e-02 1.092100641704606655e-02
7.577926659914929530e+01 4.649890566129126213e-01 1.787448737479639324e-02
7.616093679173515341e+01 4.233789272564011941e-01 3.027748650379583767e-02
7.548315152685168528e+01 3.083163276266573938e-01 2.888807425045289423e-02
7.453780072480857655e+01 4.127581070553821840e-01 1.503260715921337504e-02
7.616247236710316315e+01 2.857380952599725688e-01 1.532677267950619850e-02
7.507689807234172008e+01 3.376414364253754741e-01 2.485628940567162146e-02
7.593026379681150217e+01 3.170113158733216530e-01 2.278621495751730411e-02
7.508838122698703899e+01 3.839692508412922978e-01 2.399679559541340046e-02
7.866362629875041534e+01 2.723895809440417537e-01 1.776545462600913339e-02
7.682896587157374313e+01 3.919104168912138642e-01 1.738981876401603927e-02
7.565683732306995068e+01 3.641130838218040733e-01 1.596300370373335969e-02
7.564946601198498399e+01 3.189592767368434889e-01 2.485823748693784599e-02
7.545540138382045825e+01 1.257615537969327957e-01 1.065074406088677497e-02
7.480058693329387154e+01 1.786832281800062594e-01 1.924580117746385946e-02
7.487111984640239370e+01 2.397245040178795916e-01 1.622397129277048863e-02
7.561949213915201540e+01 4.422504331523122723e-01 2.322901263136837452e-02
7.607612941527600015e+01 2.638973719419162034e-01 1.788666996769257972e-02
7.638774646995194928e+01 3.684169073352290269e-01 1.557259753121658166e-02
7.609648075561423752e+01 1.068380431336972969e-01 2.103275016668584158e-02
7.682214924195868377e+01 2.819931373119124451e-01 2.886110729824441917e-02
7.517876155256395521e+01 3.317440415303261059e-01 1.982524513821485104e-02
7.595970233255658854e+01 2.985677831995252607e-01 2.052246356102181354e-02
7.690795874346370908e+01 4.477736236274744153e-01 1.998902319754069720e-02
7.687531607217162843e+01 2.398233053733217490e-01 2.373636806207918629e-02
7.529800847617300974e+01 4.190659936088132476e-01 3.078361403606458616e-02
7.593791611202861702e+01 9.074565091925912430e-02 1.732647349636671705e-02
7.729187513428929890e+01 3.653076787025245076e-01 2.121421267646355843e-02
7.706866835595484133e+01 3.584453439248421747e-01 2.594012286561530115e-02
7.697942367664698793e+01 4.621700452736958731e-01 2.175022479954270491e-02
7.696525940149395240e+01 2.792872926914214404e-01 1.706604482166338560e-02
7.776676764041897627e+01 3.316204676322688227e-01 2.392624666274331333e-02
7.618374001441139853e+01 2.513484349080035707e-01 2.005357508576781009e-02
7.749599401776771401e+01 3.655240074279423879e-01 1.165135044033922297e-02
7.584475554342384385e+01 4.882293792704712199e-01 1.895708847878070299e-02
7.425952130826581765e+01 4.993048885422543548e-01 2.332874395030630488e-02
7.598998714118719988e+01 2.728582263917931350e-01 2.527976551117919884e-02
7.551801659977381576e+01 4.248256424515988172e-01 2.264485505231344370e-02
7.630468192548735828e+01 3.245514805335595332e-01 1.914649738188205913e-02
7.710564012020927294e+01 2.234657167898165819e-01 1.208817011302336895e-02
7.667444012289247723e+01 3.731238328067147947e-01 2.234263976835008242e-02
7.646772836961804387e+01 2.779459621662452307e-01 2.384137904578305031e-02
7.601444187324545965e+01 2.612886439184821663e-01 1.847857896460780580e-02
7.808063969877584043e+01 1.365023917954567012e-01 2.243799075266243379e-02
7.438088957237629018e+01 2.991766661677026651e-01 1.788474397485761980e-02
7.397497170332012217e+01 3.489037590433762825e-01 1.814615579418440983e-02
7.396079365743875655e+01 3.939568090774251963e-01 2.700003013653139161e-02
7.755012434229657003e+01 3.458956440651471120e-01 2.022467384671763554e-02
7.738815662089579916e+01 4.782383585340098664e-01 2.552960342866158680e-02
7.511846239777020173e+01 3.301344853214921993e-01 2.214398119166550646e-02
7.425038303108277660e+01 3.569360659620773868e-01 3.108776500477750809e-02
7.669993616580079276e+01 4.573413081441756178e-01 2.089226697623758691e-02
7.598678167601617872e+01 3.481271390080975525e-01 1.602035781471008308e-02
7.509622481276561246e+01 4.366304557169365941e-01 2.669435289203179670e-02
7.506889368441265731e+01 4.067998804553864534e-01 1.957580499704380042e-02
7.639980857449043583e+01 3.560218639435063226e-01 2.485049008841130891e-02
7.614271820186318962e+01 4.510161995301935622e-01 2.150933092565816829e-02
7.668418427246953684e+01 2.266737408462753400e-01 3.053004395465772763e-02
7.652982492320496988e+01 3.812997425345099334e-01 1.215519116482174748e-02
7.523729797692089960e+01 4.337883687918730469e-01 2.139946886972002305e-02
7.414622026517108111e+01 4.138289928983819310e-01 1.734740095437695834e-02
7.747131698587671167e+01 3.012164321396300082e-01 2.099856920010014644e-02
7.723895457859164537e+01 2.202507029145337469e-01 1.515684483983444075e-02
7.586350157960190188e+01 3.927172799621222454e-01 1.350791584090980067e-02
7.439196540011090519e+01 3.923720927043792273e-01 1.705864237772193245e-02
7.566777398707971258e+01 1.243189598059833978e-01 1.668790578364886742e-02
7.605243270336885075e+01 4.030377857622892135e-01 1.623790162812371179e-02
7.771737612023250108e+01 2.415443975820199263e-01 1.666784487031621950e-02
7.759735755189780093e+01 3.311460152363916998e-01 1.730719644384596731e-02
7.590486686881941125e+01 4.453073577542059347e-01 2.715220887622284140e-02
7.524320682072975330e+01 3.057566189920891686e-01 2.043978940325645588e-02
7.507375988948339796e+01 3.044314947350005851e-01 2.002596517293512429e-02
7.720020947893674190e+01 4.307425028311200887e-01 1.839410049580971623e-02
7.584604685613919628e+01 3.764292302055635697e-01 1.714542220035604123e-02
7.664864015173741052e+01 3.012093512630785175e-01 1.527122645005550908e-02
7.510316328712035272e+01 4.547058696031102132e-01 1.923696839442293541e-02
7.770035409389831216e+01 2.586363739285089669e-01 2.142051317625118939e-02
7.845267672301824291e+01 2.042613255336720723e-01 1.074236829317182056e-02
7.734659013128722904e+01 2.273190894606926249e-01 1.989899334582324875e-02
7.547408178954842128e+01 3.368162780955316071e-01 1.536323801372808592e-02
7.588005991211669254e+01 3.549815326556534090e-01 1.508142006695481832e-02
7.535991597035410905e+01 2.752617166401468141e-01 1.303016861353034975e-02
7.563743901720125962e+01 3.218796539902901710e-01 1.805098077273937368e-02
7.578862350706828011e+01 3.080098329093414744e-01 1.680125140276919962e-02
7.675106256586687437e+01 4.535978124801776090e-01 1.773472979416854459e-02
7.654519823147771262e+01 2.860382844565352856e-01 2.178286509774880406e-02
7.762577953120324992e+01 3.608659543018098992e-01 1.134919737166009343e-02
7.651399563144696003e+01 4.332863743309009474e-01 1.891904307317998635e-02
7.705563480611783689e+01 2.409884458848053912e-01 1.275346751452549263e-02
7.620116901883264404e+01 1.343523279253685809e-01 1.883038530295809074e-02
7.734684226264550944e+01 1.190237094253719097e-01 1.375855221505415532e-02
7.502796775483842850e+01 3.036680140289039764e-01 1.821601567977458938e-02
7.745913638169608362e+01 4.054348329091697622e-01 2.241596559057852656e-02
7.620563031434389245e+01 3.493229776984827506e-01 1.579520802286158571e-02
7.691721035355661229e+01 1.987955745640798688e-01 2.407500972635234771e-02
7.724614250211882904e+01 3.310864602088087194e-01 1.914042410262450922e-02
7.646030990830968221e+01 2.384816298993269745e-02 2.147443033407542279e-02
7.594664600216019323e+01 3.049371886943009202e-01 2.344650006291623331e-02
7.598523107843527669e+01 1.959793143348841915e-01 1.931023087402254645e-02
7.612755548408082973e+01 3.214933911581012715e-01 2.078985057212228219e-02
7.709936904491856069e+01 2.013965446965852446e-01 2.085707539592609669e-02
7.734992969861824008e+01 1.365388503062804626e-01 2.087632527209782110e-02
7.547462149802696274e+01 2.729289615526895307e-01 1.558630486236867174e-02
7.589044928429956371e+01 4.941255614426904308e-01 1.383204701864773796e-02
7.489038999752116865e+01 1.798065429836495366e-01 2.842643066647854155e-02
7.559766029447871460e+01 3.074360939652325819e-01 1.803520516533541757e-02
7.511557712159691391e+01 2.864849353385564568e-01 3.199143222310517343e-02
7.745207092097425061e+01 2.247062182207727465e-01 2.315889806371554047e-02
7.522847722733362730e+01 1.323632361153778969e-01 2.497322398860794823e-02
7.722009284664355278e+01 4.146052251047899206e-01 1.770797439405086618e-02
7.589322426599801474e+01 3.849765553658123229e-01 2.190973676755174349e-02
7.566636252870296175e+01 1.480928179881835227e-01 2.055548875191225491e-02
7.713900963923612153e+01 1.902411710965842828e-01 2.311589942280964372e-02
7.639154169513369652e+01 3.850148263232333612e-01 2.425353902301954911e-02
7.536553475807464508e+01 1.483040599835053763e-01 1.739746572837619701e-02
7.694912731752701518e+01 2.557996096474028924e-01 1.661442281045052635e-02
7.423864965807536009e+01 4.852647554550938991e-01 2.402787142158687925e-02
7.682989598127475972e+01 4.067725386779473817e-01 2.281321151972390965e-02
7.581567114482047032e+01 2.936235895877798430e-01 1.791432017272134164e-02
7.869474075441500815e+01 3.655912031299442533e-01 1.773755882267592787e-02
7.652549677416628526e+01 2.089131082143682594e-01 2.733905716384988846e-02
7.539893090419286636e+01 3.601085432622465610e-01 2.519989087679577744e-02
7.644476854420499023e+01 3.194469991819638421e-01 2.005269309685861132e-02
7.600355890311288931e+01 2.523301511072497672e-01 1.780739790356241845e-02
7.753959037365093820e+01 2.991463367314843302e-01 1.616684746642549700e-02
7.554370240313849649e+01 4.200370680697222969e-01 2.329564211299745696e-02
7.662032917823225375e+01 2.842478801090208562e-01 2.279689009840461106e-02
7.541643887504935151e+01 2.840385968654225435e-01 2.473075359703290690e-02
7.693427767891907365e+01 2.118090154049196705e-01 1.582670022971426407e-02
7.616870215281340961e+01 4.826132374669510061e-01 1.065577968551710032e-02
7.633833293957050614e+01 1.723956668426851746e-01 1.690570247060709658e-02
7.569557158193576640e+01 2.679491656563108837e-01 1.739611736751605492e-02
7.606720706037637569e+01 2.564744433369421373e-01 1.286606153729681623e-02
7.683986961252277581e+01 3.852872167148880811e-01 2.411304541474472776e-02
7.451926550373592306e+01 3.398918152584150532e-01 2.329745783320450597e-02
7.502879793156041899e+01 3.109173248182129368e-01 1.943284563263236384e-02
7.790215065856826016e+01 5.024496037012573524e-01 1.188118832521853178e-02
7.855392700572798503e+01 2.184774278846676188e-01 2.478377216745085779e-02
7.703049798086372846e+01 2.104309773158193342e-01 2.240618436019072707e-02
7.595246625573393828e+01 3.654330004632390660e-01 2.112523074332012599e-02
7.725633948537024764e+01 3.175399543146062431e-01 1.918110210035945881e-02
7.715606423305717954e+01 3.680395964858603208e-01 2.356982143571164853e-02
7.539541332774140869e+01 2.054737218601525861e-01 1.723062369145023781e-02
7.543917861431941674e+01 3.886199268652914540e-01 2.476089780631244783e-02
7.590486971046760800e+01 4.530919018824351996e-01 2.667546045739088018e-02
7.630339891640053906e+01 2.278108228456959816e-01 2.768476414358800319e-02
7.599898264897159095e+01 3.226165196430974547e-01 1.834339011899234831e-02
7.517020967370280005e+01 1.631360569684708051e-01 2.308716255393799058e-02
7.527659894610337687e+01 6.159531228996824037e-01 1.470208008481717517e-02
7.480261752501863270e+01 3.610138715613441240e-01 2.746006575105997688e-02
7.612458965694322899e+01 3.672242420187274425e-01 1.100708576849409800e-02
7.538248845430823053e+01 2.026384270862433001e-01 1.075587390269326128e-02
7.617698023402388685e+01 8.571723783895662807e-02 1.355026358006122464e-02
7.552280620598658345e+01 2.268714164048923621e-01 2.193370001076618350e-02
7.636558019190248103e+01 3.993798745935456806e-01 2.367016454981794166e-02
7.720081278936137892e+01 3.098081599990945567e-01 2.148032634544717184e-02
7.657151370191918716e+01 3.241656697391025466e-01 1.806246678089232227e-02
7.572755746566022594e+01 2.282441601670034403e-01 2.205666746297477859e-02
7.596598482591484469e+01 2.436826249363235053e-01 1.676953746670930417e-02
7.484960127221721393e+01 4.078841341237199880e-01 2.038350082698433055e-02
7.519719998042673126e+01 3.908547749602018229e-01 1.726610336685671654e-02
7.465349937298776695e+01 4.121222289219133028e-01 1.738001468504335109e-02
7.565110090979121082e+01 3.141180020349177426e-01 2.557360596482982987e-02
7.608003729086631495e+01 1.900882873854769506e-01 2.265305855664478257e-02
7.557501027573827912e+01 4.987923971529466538e-01 1.999453794147370775e-02
7.382496450210133787e+01 3.457364972155673732e-01 2.948584288907428463e-02
7.763592028854539251e+01 4.930954288756565496e-01 1.502556007130993396e-02
7.697215239597677794e+01 2.378005460263288295e-01 2.109409463130207038e-02
7.478704757126027403e+01 2.455544235117283480e-01 1.670123562261650874e-02
7.695855528014261893e+01 3.900719121669655731e-01 2.135034014307717401e-02
7.470957858194461210e+01 2.788360566050279710e-01 1.636040740027938645e-02
7.692967575669449332e+01 4.278184852817184525e-01 2.515310041966284382e-02
7.530478058058298529e+01 3.604668777105207722e-02 1.138067366765826982e-02
7.748162697808220400e+01 2.698745060680176056e-01 1.633792869138969359e-02
7.770266029343623870e+01 4.365159945488327198e-01 2.011926205814529994e-02
7.576659690893602317e+01 2.967898787186874499e-01 2.110811121164617513e-02
7.766004728131960633e+01 3.522467424237226696e-01 2.354160503921532560e-02
7.722927010907017120e+01 1.930323998975581046e-01 2.368225313401972273e-02
7.576543124533839091e+01 5.839048042272337868e-02 9.618685161044818188e-03
7.504188238848131220e+01 3.631223228592581620e-01 2.055511983092827427e-02
7.624436670717567210e+01 5.050943482686691688e-01 1.380931895190335400e-02
7.603256664581627433e+01 3.404435522813815673e-01 1.640842382176421754e-02
7.608832674508293792e+01 1.500050665915654835e-01 2.687759130378062494e-02
7.537838544746956870e+01 5.131400164778503470e-01 1.984158866381729308e-02
7.708805356539917852e+01 3.046697131008845316e-01 1.985003008653399986e-02
7.547597066677799660e+01 3.219123929366277670e-01 2.155121314348315900e-02
7.527574149108481549e+01 2.974955584140115961e-01 1.702390797045310461e-02
7.835966406961483699e+01 3.010269230088381542e-01 2.753771781315395017e-02
7.586437766919230796e+01 3.359287641534908220e-01 1.355432160173039233e-02
7.561292740813213697e+01 3.310534670789246903e-01 2.773660405346276697e-02
7.628198277767627644e+01 4.483720361192998771e-01 2.312550785464839373e-02
7.768740133946468518e+01 3.040957782694944656e-01 3.165962297878929105e-02
7.557460379708588505e+01 2.333538165802330755e-01 1.409730317224861321e-02
7.839102467155807119e+01 3.919447572617897890e-01 1.837014276399849544e-02
7.730902269687349815e+01 3.787692185117781940e-01 2.959086571402727225e-02
7.451216716726008826e+01 2.834639891685745150e-01 1.774379812710816934e-02
7.408631732359140187e+01 4.160327204779694088e-01 1.868099241071532329e-02
7.679963120498656792e+01 5.459771934329611387e-01 1.827686003986532526e-02
7.563884701734284022e+01 3.218664169723995938e-01 2.481584074626053474e-02
7.549328697468985183e+01 2.469038402867869131e-01 2.515702083044568660e-02
7.643863932383803217e+01 1.055271736995179177e-01 1.402247902697996082e-02
7.756123586382720703e+01 3.501928283078812321e-01 1.628197106811098138e-02
7.588959034276501825e+01 3.113236672801670268e-01 2.358894322087884757e-02
7.470173660514120684e+01 2.259050861329541804e-01 2.133149148713848337e-02
7.596016541950454837e+01 3.671859182636709740e-01 1.400240293970927800e-02
7.641712867627131800e+01 4.191583619377472480e-01 2.237472462024040626e-02
7.619911173976159091e+01 3.004116397434029029e-01 1.592755535233413705e-02
7.598800140756021904e+01 4.359705852880405574e-01 1.941937313853597455e-02
7.517019601065159407e+01 2.607752911234613724e-01 2.097975754768746648e-02
7.568648600281915151e+01 3.585303283063140389e-01 2.255045736950746574e-02
7.694898318040465313e+01 4.523559472265032966e-01 2.485784743596273702e-02
7.512576093585204262e+01 2.196465553423727624e-01 1.963038304165939246e-02
7.560882464276058101e+01 1.961673273039057364e-01 1.784540588208295350e-02
7.558548706638096348e+01 2.428152260238793936e-01 1.845956348217070442e-02
7.723845085031832980e+01 3.299238041249239473e-01 3.205760524905107434e-02
7.623050818601964806e+01 2.809934226062748008e-01 2.002016040319446952e-02
7.631649197844353694e+01 3.535253957171063943e-01 3.013029915053182586e-02
7.521467953502242665e+01 3.959046058177735361e-01 2.101341754933718983e-02
7.448890225742938753e+01 3.870698782094763590e-01 2.618352956489709837e-02
7.520282359622257218e+01 3.091066132108029052e-01 1.158363774630388407e-02
7.480119354031566559e+01 4.148029577617252661e-01 1.772479753167105140e-02
7.495119702506195836e+01 3.329460364458429744e-01 1.745164667594622729e-02
7.558917834222447141e+01 3.839326025674903442e-01 1.433300800519830831e-02
7.515463478731817304e+01 3.254079992148868339e-01 2.472882824755222309e-02
7.729816030148985817e+01 2.434938279638376724e-01 2.457257057033974609e-02
7.527585770652959241e+01 4.926209346906800235e-01 1.446940963209888617e-02
7.738847881079173874e+01 2.443513893181276098e-01 2.982071441363219610e-02
7.665132072885248249e+01 2.083983470591778131e-01 1.745249522174386822e-02
7.684118120522374795e+01 4.152644417615561356e-01 1.965504589402701160e-02
7.610465828096346286e+01 3.858353032644065705e-01 2.064291915615034181e-02
7.476649514066163249e+01 2.287025975359819330e-01 2.114692655195934273e-02
7.727548241649769523e+01 4.715982424162047937e-01 2.380258254034853943e-02
7.634729076103636203e+01 3.848813885982477201e-01 1.674755682825923922e-02
7.590676903974178913e+01 2.275869278660523354e-01 1.390857263069408822e-02
7.639354901163621037e+01 3.285513306584743609e-01 2.335440236345859982e-02
7.660611183089244491e+01 3.342644271323861882e-01 2.271520324720758405e-02
7.601731690377252448e+01 3.512891395222400570e-01 1.645783218201775713e-02
7.642970592563912646e+01 3.768417685286009622e-01 1.673326132647705647e-02
7.611183209899284918e+01 2.476397490370640386e-01 1.743167465114090278e-02
7.493507064489784852e+01 4.365774925166555631e-01 2.519846426692706406e-02
7.659743385422733297e+01 5.072195951943814229e-01 1.907685026064199346e-02
7.909176241511063665e+01 2.872470584636779289e-01 2.124484561832203078e-02
7.566222208605979915e+01 3.472325560060304794e-01 2.407617037993290202e-02
7.594608360694691385e+01 4.876719847117620965e-01 2.116658187626078297e-02
7.633048538611019751e+01 2.191002305486282609e-01 2.204145890024578058e-02
7.592597277919063004e+01 2.491760270662713161e-01 1.621231996025188429e-02
7.873176337975668559e+01 2.836522749820964417e-01 1.289275404496942334e-02
7.536177854026742295e+01 3.048432160523786294e-01 2.266666845178773315e-02
7.661479652172531019e+01 3.776614551776525386e-01 1.685433996762278341e-02
7.640044044350155161e+01 2.223940535889421533e-01 1.697735130237067527e-02
7.514229102549974471e+01 1.911611145401730383e-01 2.519126579930736076e-02
7.674861170097888419e+01 4.076665369978129672e-01 2.019177105377705644e-02
7.683680769886514383e+01 1.338710595357454902e-01 2.421018301485539093e-02
7.623711983000502812e+01 3.727109600149165480e-01 2.185377219048104114e-02
7.507294484546311253e+01 1.601960224608953431e-01 1.652656504300993590e-02
7.662491728127291424e+01 3.790091415175395606e-01 1.332711084203969283e-02
7.507890063253178425e+01 2.376764314059160443e-01 1.825704848650333903e-02
7.469794916914734983e+01 1.677948233859867244e-01 1.599104733459729560e-02
7.614625383622501431e+01 1.919405660246509271e-01 1.943510482940601775e-02
7.711855281614181479e+01 1.798220262586489870e-01 1.899294751994858726e-02
7.708475673375077974e+01 2.681731609636190949e-01 1.720161126410527444e-02
7.722349581430647447e+01 2.793797921028451925e-01 2.538778061075886924e-02
7.648896539112719495e+01 2.757155347090163300e-01 2.233995380779283182e-02
7.638044951384604531e+01 4.120882821002473939e-01 1.732514371773161838e-02
7.610120606678162858e+01 3.038484320395362648e-01 2.343486898360870596e-02
7.503482080555582456e+01 4.116977048237855930e-01 2.227477449839227602e-02
7.474307492636705774e+01 4.308262825480500546e-01 3.089801502828161753e-02
7.706183396954941145e+01 4.526984767226469586e-01 2.041644576391506496e-02
7.439849508026149749e+01 1.255879548832475046e-01 2.124430265301345544e-02
7.546802119227001526e+01 2.185423721672648534e-01 1.969391861478694827e-02
7.667558528786129557e+01 1.647242453237852677e-01 1.781035307180300203e-02
7.756987068312031397e+01 2.024711619778625238e-01 2.424273749836564074e-02
7.557526923845101408e+01 3.645793759849952909e-01 2.535281710830666890e-02
7.680128176698502784e+01 4.009159602213876461e-01 1.438247056874167665e-02
7.717365970674130438e+01 2.247306885365180085e-01 2.126605739303189663e-02
7.631824618699722862e+01 3.585122558869581200e-01 2.164369110273263799e-02
7.521619002147528477e+01 1.750132587704283649e-01 2.425535941444765392e-02
7.624583457751892013e+01 4.249376840957818091e-01 1.978179056493722943e-02
7.465483563932303923e+01 4.066129681004105878e-01 1.819331409921411125e-02
7.640200345742101717e+01 2.452540571520480661e-01 2.802098395235946837e-02
7.518343517581681112e+01 2.762570245893825049e-01 2.052414001315764139e-02
7.496781767291304277e+01 3.430519528587595013e-01 2.786297793886580859e-02
7.556953783930629243e+01 3.495142819031725745e-01 6.588120068104606417e-03
7.602107079951515800e+01 2.786957714073794445e-01 1.600732876872983101e-02
7.714145046962853769e+01 2.773756318376171537e-01 1.913425616051908640e-02
7.568280712521092823e+01 1.183184128234923416e-01 1.447811492645384793e-02
7.702109348612022188e+01 9.900493531200280084e-02 1.626187634333802270e-02
7.566027994371023624e+01 4.843621867291565408e-01 2.374928666095789745e-02
7.550282947294689961e+01 4.404513697115550741e-01 1.638772770487258862e-02
7.706909980373400515e+01 1.741122754076984414e-01 2.523540405750808457e-02
7.565386635452901487e+01 2.071495759058730179e-01 1.894076286304237008e-02
7.633734417972021902e+01 2.605251569474287821e-01 2.270221222436743375e-02
7.547700611633592871e+01 3.720372393931358213e-01 2.215718079042243785e-02
7.599907694529206026e+01 2.658617687634050042e-01 2.073922339397690773e-02
7.661025374303369517e+01 5.161799152731608720e-01 2.458253864291795598e-02
7.703598994981584269e+01 6.188512194860283921e-01 2.251687061837972723e-02
7.654464351131170474e+01 3.804015074321653866e-01 1.507821474347193630e-02
7.561609836358124426e+01 2.593830733307666003e-01 2.315909257180273975e-02
7.588582543777880574e+01 3.238223425474302530e-01 2.530465668365104726e-02
7.692315073870413755e+01 2.938278996958753053e-01 1.673173123474037960e-02
7.719527473165318554e+01 3.873891180909865839e-01 1.216460088636398852e-02
7.574684606109171625e+01 3.265515462016762571e-01 2.379916935180990956e-02
7.697010149493976883e+01 3.383906001175473466e-01 2.285486600662856721e-02
7.612413680237816038e+01 2.426148311819439352e-01 1.872553955589632141e-02
7.607899118664010985e+01 3.065320749981410020e-01 1.080208339295867827e-02
7.566251666507056939e+01 3.156205653089151908e-01 1.862746345411853133e-02
7.581317620448841410e+01 3.587991370804587410e-01 1.473679420951885810e-02
7.443195778604879820e+01 2.751830209163325103e-01 2.372738734391116946e-02
7.774755303948664675e+01 3.882128239094739808e-01 1.283773775673732916e-02
7.582763276062323143e+01 3.356634381081529117e-01 2.086629813133459785e-02
7.659930455294288265e+01 2.182951053539239350e-01 2.031679554902801263e-02
7.648032282977612795e+01 3.925670953303659338e-01 1.606966747993759936e-02
7.571484313275711031e+01 3.961823199266595319e-02 1.696847820693768785e-02
7.553558510702896456e+01 2.080415491832556807e-01 2.080786414747634941e-02
7.600405456795473924e+01 8.407861224223883712e-02 2.105125838683783585e-02
7.513167586921098007e+01 3.585688959190515002e-01 1.374706708425041217e-02
7.609000653853094320e+01 2.816836671113494006e-01 2.147854578024551570e-02
7.618469727765135246e+01 2.844835824978545480e-01 1.250598871197929410e-02
7.458279203653897582e+01 2.516113060907780863e-01 1.995961032229469703e-02
7.545175205280088448e+01 3.725211930579465647e-01 1.863794673555276352e-02
7.509498727522048966e+01 2.821903707012090590e-01 2.110175529910513284e-02
7.638488471882457986e+01 4.978379131993129203e-01 1.673702760973941675e-02
7.598652133840960232e+01 3.526123946819426092e-01 1.988574166243504623e-02
7.555938185401134888e+01 1.550742823655756331e-01 1.750812410218041335e-02
7.498629758728219485e+01 1.373393318876221514e-01 1.611863979672884667e-02
7.501290827923354243e+01 3.683786545292948023e-01 2.293215530445997033e-02
7.515612071041913111e+01 2.839771369436878690e-01 1.093540164823153353e-02
7.556566004981731055e+01 3.498981900702345937e-01 2.402408726641025796e-02
7.534695291830868769e+01 4.151854860527519619e-01 1.260638087066599106e-02
7.481237220085620265e+01 3.809661865637876121e-01 2.815181087104023233e-02
7.655343198818370354e+01 3.059657613465987525e-01 9.291786602330688594e-03
7.403755294395652697e+01 3.229409536895869182e-01 1.825335283136012357e-02
7.495416481784788232e+01 3.165532580830050513e-01 2.056161642686736568e-02
7.700441586854027776e+01 3.236602283012700587e-01 2.599216765041163432e-02
7.606799402954881373e+01 2.984665005192663756e-01 2.519176676218137789e-02
7.508155911995856968e+01 5.914447453266161725e-01 2.183052428374017417e-02
7.644082925283767338e+01 3.625095973972597418e-01 2.915676329430069713e-02
7.685250741167260458e+01 1.494944020996076262e-01 2.684619699886587468e-02
7.571910342055498688e+01 3.207155072839323329e-01 1.375973672109626067e-02
7.658620201812389894e+01 2.448625709932447658e-01 2.048863238045596849e-02
7.577590099463921547e+01 5.025012801735851964e-01 2.966956243973458557e-02
7.610651317021473972e+01 3.163977711368854973e-01 1.817832699341699956e-02
7.716600629150278223e+01 2.771080129666622649e-01 1.794469622124049077e-02
7.703859286366497372e+01 2.561700904683350544e-01 1.981582910025107142e-02
7.447868921848900925e+01 3.804190345123166783e-01 2.946764360576521746e-02
7.678122537279979554e+01 4.561799167547304634e-01 1.587267250645204436e-02
7.629632428202820904e+01 2.156840075630610531e-01 1.888894855813979048e-02
7.683221147735250156e+01 3.201820613103298352e-01 1.310906818243306494e-02
7.474497089446225573e+01 1.718836068509226045e-01 2.239732970702239256e-02
7.812389453565667452e+01 4.462458244000212515e-01 1.075129171148261203e-02
7.748107593806979310e+01 4.036400417014647246e-01 1.246195148522557042e-02
7.575679838328950666e+01 4.195522411495809512e-01 2.268504151675505148e-02
7.475090494761201398e+01 3.710742155796193931e-01 9.573167823997131426e-03
7.583717782424278653e+01 4.237956769400048618e-01 2.008972788083570812e-02
7.556106245003805100e+01 3.989346253772348971e-01 2.475488690286137272e-02
7.737003969286695337e+01 3.974342428446387410e-01 2.527499899481535153e-02
7.679290855743754207e+01 3.365528649116472093e-01 2.043662926714055750e-02
7.582274028090259321e+01 1.887631706940274268e-01 1.533994385941556647e-02
7.577798551806479566e+01 3.341452159602429361e-01 2.702835413660616484e-02
7.601820277212449639e+01 4.103476290877663968e-01 2.526495442162010260e-02
7.582855320231121254e+01 3.694690211370184052e-01 1.881205833304945563e-02
7.738213589407847337e+01 3.735843338265932290e-01 1.419276217225192566e-02
7.622152465215384609e+01 4.748112161823879740e-01 1.911594617294292212e-02
7.650771503009507057e+01 3.645878837739145450e-01 1.494330293090438688e-02
7.657070794921351364e+01 1.706164847965374320e-01 1.694817509072489570e-02
7.713572296749418911e+01 3.456756290308358182e-01 1.851474240123645448e-02
7.650646102124518677e+01 3.039907752244868644e-01 2.006135854805772209e-02
7.671681852672014656e+01 2.372632259340868022e-01 2.019676295392532073e-02
7.574773180539334305e+01 1.514396625399744289e-01 1.550997192073512269e-02
7.762820644706383177e+01 3.484723314585234100e-01 1.354347170048102872e-02
7.451964562415159321e+01 2.987836099889416008e-01 2.761554406427552469e-02
7.587324186519565217e+01 4.406999553404016279e-01 2.171673546740808536e-02
7.653125045784589986e+01 1.764279490695430386e-01 2.457328254512076982e-02
7.572506796272639917e+01 3.963092453610908006e-01 1.602843911226286416e-02
7.623704934750990958e+01 3.452002953937631236e-01 1.924861796792260230e-02
7.646454519308615261e+01 2.833602924807491208e-01 1.683385486321327049e-02
7.766548338279396546e+01 4.148952866361442227e-01 1.628846465830157547e-02
7.662844430559461273e+01 2.357321145298846843e-01 1.422105051872036945e-02
7.709380944139897451e+01 1.395900374352594120e-01 2.452124835890995974e-02
7.580727768742694650e+01 2.888453396919471450e-01 2.199878643718677917e-02
7.664119881199425777e+01 2.273656823171091856e-01 2.350110053048811570e-02
7.617337053802522462e+01 1.843945207131961750e-01 1.917134398253785704e-02
7.744127901555893345e+01 4.776594798245696882e-01 2.349926076882281889e-02
7.486965651183163573e+01 3.590606902455888427e-01 2.415054099443508795e-02
7.678570798331872993e+01 3.884954288687918478e-01 2.177201502071966430e-02
7.598758766116945651e+01 2.491632504095981637e-01 1.074177795852928469e-02
7.639964176671335849e+01 3.286052843652188526e-01 2.271988216012105558e-02
7.472245630670710170e+01 3.745016689315060487e-01 3.002217119327208611e-02
7.613845013077791180e+01 3.038334680793459142e-01 2.150732856627171272e-02
7.809233702471034633e+01 2.076352238300109010e-01 2.099125333362880652e-02
7.526034257770236024e+01 2.552995279155004793e-01 1.975809605911249198e-02
7.740732324161356814e+01 4.900990600688737153e-01 2.218605924208149477e-02
7.568340527697651510e+01 5.592738866638518047e-01 1.791436838375843818e-02
7.548886408564025885e+01 1.325056955421272942e-01 2.681020277680362662e-02
7.702824559237129165e+01 5.517805536116445753e-01 1.322183730625304393e-02
7.751817080747910893e+01 3.170135518366127281e-01 2.393219617951286224e-02
7.441222285889553234e+01 4.568081822665297498e-01 2.383666707966746595e-02
7.602108996521378970e+01 3.745112687661121265e-01 1.626587658028171013e-02
7.548055991441830770e+01 2.636555386374603849e-01 1.096230311370595921e-02
7.692175849420337386e+01 4.291593614182566130e-01 1.657880902554223490e-02
7.640820301594482089e+01 2.834459525370763844e-01 2.160133640039527125e-02
7.543242275878897374e+01 2.216574843912363924e-01 2.513207261474996457e-02
7.599612941487551154e+01 5.122108950853475617e-01 2.022590226728848695e-02
7.513392195964951270e+01 4.326940876435939054e-01 2.307707397144399819e-02
7.678687286369643061e+01 4.290600678867918516e-01 1.681562783489856314e-02
7.593274669101471375e+01 2.928550168512206731e-01 1.370367542967990994e-02
7.579640984984176555e+01 4.436379457876824528e-01 2.115774684777486231e-02
7.471393867215500961e+01 1.544160588335064810e-01 2.812085882316230079e-02
7.596968098974487305e+01 2.452589794298382642e-01 1.866345480538047358e-02
7.458269224568266509e+01 4.523095149511620061e-01 1.808266859714131869e-02
7.742740152773842510e+01 3.151651714447314956e-01 2.697332670521190162e-02
7.631669449904308067e+01 3.953232662869076153e-01 2.350777095652847176e-02
7.668329106625196800e+01 3.447934477182710289e-01 1.886414284821666051e-02
7.797543469157285756e+01 2.193063014904099162e-01 2.002101288947882862e-02
7.607488587520759893e+01 3.502440753343521451e-01 1.790501148344145893e-02
7.637474630558959632e+01 2.931157414797033733e-01 1.228315845152244158e-02
7.606955228625685095e+01 1.999434666969848173e-01 1.153958164659072555e-02
7.619687332068939156e+01 3.587883342019566602e-01 2.256925874197354340e-02
7.662717070701970101e+01 1.167410979059389509e-01 1.336089303459770880e-02
7.803352143681367181e+01 2.052791239922963640e-01 2.297971234700824095e-02
7.537306237833415423e+01 3.179672739267564441e-01 1.691095511086051703e-02
7.662154115461964921e+01 3.236774117316699173e-01 1.781322061636959192e-02
7.500982788031929260e+01 3.367774197492511279e-01 1.408429854125565692e-02
7.648748104212083376e+01 5.726484909036899662e-01 2.658619537200981528e-02
7.677834788689416712e+01 3.014392702258852363e-01 1.054267011217792371e-02
7.473771360409982378e+01 4.382792856102713519e-01 1.614753131646448972e-02
7.536074790183594985e+01 2.934349524315978397e-01 1.481928654221192909e-02
7.483323126544836157e+01 3.049525927218578181e-01 1.565107583086811430e-02
7.531898142022110676e+01 2.318808973852993782e-01 2.254809860407058081e-02
7.582787430950465080e+01 2.921428032106146433e-01 2.291193120638479810e-02
7.591796039176706756e+01 2.821746231542827110e-01 2.229487978326912673e-02
7.672819784355763773e+01 2.952926500491395712e-01 2.039320866156352219e-02
7.527820977026667038e+01 2.239316956835474270e-01 2.375193903398442954e-02
7.650494206254462881e+01 3.555298438416575890e-01 2.137002121329523163e-02
7.610620327581496269e+01 3.796411890822769530e-01 2.456150615133065318e-02
7.697122800519065322e+01 2.999222084054012916e-01 2.676581819467726067e-02
7.628846068173231743e+01 3.732376192565798334e-01 2.137603849187746236e-02
7.630700670748417735e+01 2.364248009749680413e-01 2.342122360168208059e-02
7.890529439490764219e+01 2.725204925209916418e-01 2.034631568499974813e-02
7.561379473565274623e+01 2.611980098438065334e-01 2.753389989326181925e-02
7.538702898227253968e+01 2.625919526633638812e-01 1.225613256716438261e-02
7.530238827545775848e+01 1.391600107046652157e-01 2.308197414249721358e-02
7.885969722183730823e+01 2.733321206349477728e-01 1.186947349760859687e-02
7.695999966442973061e+01 2.373075041069843127e-01 2.633827771001727089e-02
7.577797095221005463e+01 2.468184310917219126e-01 1.913191436221616318e-02
7.681777676093618368e+01 2.872579369244343539e-01 1.757695266929899802e-02
7.586116839702113168e+01 1.828144815499115061e-01 2.193673952338526939e-02
7.427327340615509854e+01 2.655878545634484666e-01 2.370431809185728420e-02
7.636304828293272351e+01 3.690320572986390268e-01 1.968270403551800399e-02
7.722974618098551502e+01 4.024699196769792042e-01 2.217629758169597370e-02
7.698754577731354232e+01 3.850423554403576976e-01 1.785627554464931654e-02
7.471610108830866182e+01 3.520362125842623757e-01 2.266384990649477488e-02
7.715047199113857346e+01 2.163678724954706256e-01 1.557838507669676367e-02
7.651990026630777209e+01 3.028833011146913057e-01 1.080116287526278890e-02
7.643510816375419381e+01 1.247577085011045139e-01 1.538899242988596948e-02
7.741168137286011586e+01 4.924879017807115567e-01 1.406996893428311309e-02
7.573060846258731260e+01 3.142622523078705821e-01 2.868891184186130733e-02
7.556713105217559701e+01 2.623115976966721719e-01 2.755475882177006036e-02
7.568521084728173776e+01 3.822201708966457279e-01 1.279442456042718251e-02
7.588876725590768046e+01 1.440403161673595167e-01 1.485154253192339305e-02
7.689920135515227173e+01 3.050094608913287431e-01 1.844338663144890617e-02
7.531125037601908900e+01 2.879343926758717309e-01 2.146884471756435944e-02
7.704291620646176852e+01 4.748533159031975703e-02 1.594262841823019736e-02
7.621909624218901058e+01 3.001136884037713948e-01 2.196768898793524313e-02
7.632754028612654906e+01 2.795132137006592910e-01 1.742998440981864683e-02
7.581449851026449949e+01 4.248742349822742792e-01 1.642922959558187901e-02
7.599719327685605208e+01 3.283342213998420855e-01 2.761146795060711451e-02
7.575969174176368881e+01 4.058806656010960912e-01 2.600965562568303621e-02
7.599624573500935298e+01 2.889281020923237242e-01 1.839486013635016626e-02
7.580417686575742664e+01 3.954239860576832521e-01 2.112687793783177628e-02
7.629528970916987873e+01 1.974776489620164999e-01 1.528053620792568443e-02
7.820344682477698939e+01 2.922174274711310527e-01 1.622062441181287840e-02
7.749109916558930422e+01 3.381808548683551963e-01 2.282026788714400928e-02
7.592195292471846813e+01 2.781326909423195715e-01 1.917274940245224102e-02
7.467726182970137927e+01 3.012072590580102682e-01 2.144406379045179362e-02
7.791046323384375683e+01 3.185999065005215569e-01 8.613770525803388436e-03
7.596601456721538170e+01 5.839504133108306405e-01 2.422617675602458526e-02
7.524911105619140983e+01 3.691106514430556595e-01 1.638042231761102294e-02
7.470619248045314009e+01 2.751630636765927673e-01 2.044647043531151731e-02
7.418784449756660138e+01 1.950840709461363898e-01 2.005041738137734036e-02
7.565182682401105296e+01 3.494811271146091025e-01 1.407478864727530928e-02
7.677411374855330450e+01 1.916240902939804758e-01 2.801333805823234130e-02
7.434424171562169192e+01 2.007445729616587349e-01 2.203595513674063214e-02
7.772423325149763684e+01 3.415043036116170994e-01 2.274564839113361533e-02
7.607753690167305649e+01 2.073601545884806718e-01 1.760908122810058915e-02
7.484809028001872377e+01 1.821290032223128186e-01 2.195975082594998212e-02
7.493682201791203568e+01 3.419554006723361517e-01 1.364964511111659701e-02
7.635638302011675194e+01 2.611317431037037395e-01 2.686153918853972922e-02
7.638371889557906513e+01 4.335782892994141657e-01 1.631391845646247563e-02
7.611614334024416451e+01 2.118912841883721643e-01 1.798241345002722993e-02
7.579789577725537697e+01 2.374141779312860523e-01 1.407071776172831579e-02
7.464648267634734680e+01 7.602518842926025977e-02 1.484709042193435233e-02
7.668749389667185312e+01 1.501501467986716964e-01 1.332623001827655876e-02
7.785089857123291779e+01 2.463503950151745836e-01 2.156607809348700527e-02
7.670231714650049071e+01 3.762526129781280093e-01 1.257407692386312142e-02
7.582894032010051433e+01 1.481772730481607792e-01 3.193325784834304126e-02
7.446512473598440351e+01 2.052159781130179772e-01 1.492389826906583006e-02
7.456333952327712211e+01 4.452593909756545343e-01 3.181681902967559150e-02
7.558425088068737807e+01 1.779576853155589722e-01 9.088168298897456032e-03
7.581589128147790291e+01 2.783634576838556196e-01 1.682294572507246622e-02
7.628137525397623619e+01 3.495173142815486411e-01 2.157601589238000370e-02
7.574387512803151878e+01 1.998378170425738065e-01 2.324796633076446975e-02
7.607251375942153970e+01 3.988357524834650336e-01 2.385402707059625094e-02
7.463823793095288295e+01 1.665777792542396663e-01 1.631443551833888436e-02
7.500373459170933188e+01 3.855251775976100692e-01 2.171370573652642993e-02
7.715918399378531944e+01 3.496486817410918158e-01 2.101780283840667951e-02
7.725972978034417338e+01 3.569727339735048188e-01 2.033219982164740855e-02
7.754045303393068878e+01 3.215180883152790048e-01 1.851541168332721324e-02
7.522217674122235564e+01 3.803025459045411560e-01 2.603439288703643384e-02
7.600941259856656984e+01 4.407915623779838921e-01 1.039017057574840967e-02
7.600454662519209137e+01 3.059905087895563591e-01 1.645368598825684356e-02
7.844386103798187548e+01 3.033807367311238679e-01 1.801106940680764074e-02
7.608596211343351001e+01 1.097186261474170366e-01 1.629332719343943789e-02
7.704323996944540909e+01 2.471054645067225219e-01 1.595670652292550257e-02
7.736952563651439618e+01 4.440254400951828551e-01 2.252190474224947253e-02
7.560488266596134110e+01 2.860528934883676544e-01 1.607731726060995792e-02
7.506522688097135187e+01 2.055583511691567722e-01 1.698510045470630336e-02
7.502527900931525551e+01 1.536294881456850836e-01 2.107025692562880873e-02
7.629459558089344284e+01 4.800792758428316653e-01 1.673981283729413308e-02
7.635610058962326718e+01 3.412712579274801428e-01 1.876176799450959484e-02
7.680433358874968519e+01 3.875229186850714380e-01 2.159712729364653833e-02
7.580436029495220396e+01 2.742469891445464825e-01 1.332802976196556521e-02
7.525408222138230485e+01 2.477992476098312136e-01 1.451721091497836999e-02
7.649992396668766048e+01 4.296627868987010213e-01 1.557042715936999937e-02
7.634344143574463715e+01 2.065888860470289634e-01 1.851257477590652692e-02
7.536967042082223145e+01 3.701895648606441380e-01 1.668883817637961675e-02
7.707166041370665255e+01 2.854279226337800845e-01 1.683120141661057986e-02
7.480669473765483701e+01 3.353204510295350049e-01 2.436691903524966160e-02
7.633332125653687683e+01 5.338831666414424193e-01 2.697457293888009047e-02
7.575247223528297980e+01 2.781972566192930651e-01 2.229120350968465114e-02
7.522198081957431270e+01 4.266288306532486918e-01 2.176390498460284775e-02
7.631645891085852895e+01 3.786953667770816545e-01 2.840404821155638471e-02
7.623095535218750740e+01 2.986959629128615457e-01 2.735960791864672573e-02
7.702755041599114350e+01 2.779020159616277796e-01 2.002529974955619477e-02
7.625538091593880097e+01 3.461812944604982789e-01 1.338243975151651687e-02
7.451751539219844744e+01 2.212609977997546107e-01 1.529395881457881745e-02
7.541617598602749695e+01 3.734710642090004473e-01 1.917595533500127819e-02
7.625639460501018618e+01 1.875696589957738247e-01 1.774808681501978055e-02
7.664725766174484534e+01 3.694952458176801735e-01 1.646549352103459513e-02
7.622166238637954905e+01 5.298847853482332448e-01 1.991415644265542503e-02
7.536681305385755536e+01 2.926237610637839603e-01 2.044964442696016113e-02
7.590883161930945278e+01 3.068645299323498055e-01 1.295879611250322014e-02
7.509736952491405759e+01 2.950664762928502660e-01 1.919381478037835917e-02
7.549381072514000834e+01 2.922986413923562843e-01 2.029763344104490441e-02
7.694941345652452469e+01 3.000788264773949221e-01 2.194684490389391812e-02
7.551839969856608548e+01 3.672095723598481909e-01 2.183283072006027628e-02
7.692581700317981586e+01 3.813460462444487886e-01 2.287188108722510577e-02
7.596158259134222135e+01 3.344939227044468333e-01 2.518784843147086130e-02
7.540792543059720288e+01 2.471592221303134385e-01 2.088503120951396008e-02
7.647527969026545236e+01 2.275893500735995389e-01 1.963530456871557042e-02
7.596600122577122249e+01 8.847198843965292658e-02 1.892880980849385650e-02
7.590268216715153926e+01 2.939707057176980665e-01 2.690689890037691739e-02
7.484420170149113005e+01 2.275377428795387069e-01 7.257581471613002919e-03
7.557908333382586363e+01 2.704356445873998815e-01 1.751230645690606685e-02
7.716767733948375962e+01 3.960617522336963292e-01 2.037978889886489856e-02
7.568938694646014653e+01 4.126189668106863828e-01 1.990362019592267426e-02
7.524172996108154621e+01 1.383751322515448245e-01 1.784724637124057364e-02
7.681464361717260658e+01 5.376538689543089999e-01 2.030053827409500355e-02
7.529464448487969719e+01 1.915034791715786167e-01 2.269246290880779990e-02
7.429538394761573272e+01 3.650345101404888215e-01 2.398883710372152339e-02
7.649627945323287292e+01 2.880338328061442521e-01 2.275580806608202417e-02
7.623093837112830329e+01 2.321876158139408175e-01 2.902640157256110298e-02
7.570832062038948607e+01 3.875752300449909482e-01 8.201881547825780674e-03
7.733647088278092951e+01 4.568763744654581460e-01 2.014553066891043229e-02
7.661877103473776174e+01 3.658515181607562838e-01 1.686447039199646600e-02
7.660712230543934709e+01 2.291369530127444487e-01 1.703045403099840913e-02
7.718694314321230365e+01 4.074657690700203005e-01 1.655426584333759624e-02
7.532642365649896021e+01 2.454403397542327947e-01 2.357385154373410271e-02
7.506001521918960862e+01 3.456712639035952606e-01 2.364315517382582776e-02
7.597175454970690112e+01 4.110063696864927896e-01 1.851556014883028178e-02
7.584614439900609284e+01 2.122753768868143598e-01 2.496184072009856314e-02
7.529347955302112894e+01 3.449771817715059363e-01 1.965211674572714742e-02
7.500721693688834080e+01 2.490896856176679219e-01 2.674571823922309438e-02
7.626165754263448093e+01 2.090849658633158192e-01 2.148940627974971554e-02
7.591388596840545233e+01 6.554046402244182445e-01 2.139084800654767263e-02
7.567937515293364470e+01 4.520027917787103888e-01 1.101933576930319222e-02
7.615432015638110386e+01 5.094428494681072506e-01 1.943317422263534516e-02
7.432669895535192950e+01 2.704082035589402411e-01 2.709520995589774148e-02
7.643606959632077746e+01 2.261143890487481989e-01 1.665735216010232056e-02
7.550029972885019447e+01 3.461197884053995866e-01 2.652778601433489550e-02
7.711242301279916944e+01 3.556012182109128394e-01 1.350417190215861749e-02
7.473206748600655658e+01 3.633252021213763117e-01 1.343672635154685713e-02
7.583443297893140311e+01 3.404150446186177126e-01 1.445076099823078622e-02
7.503573766564113612e+01 3.005878935432181320e-01 2.245683067084904352e-02
7.712151877041375769e+01 3.707053434770551936e-01 2.035930046337655966e-02
7.531380524644295349e+01 2.029093004155480551e-01 1.750791664229684255e-02
7.646993558498057553e+01 3.436623706627343067e-01 9.756575679389645206e-03
7.527432297173250220e+01 4.304507551606155946e-01 2.038641486733726652e-02
7.464299108689701256e+01 5.455821181598151659e-01 1.985882081797675849e-02
7.644433395931341124e+01 3.499524756045134799e-01 1.820685138458445762e-02
7.533242631817860513e+01 5.221674985065940522e-01 2.489368716886707772e-02
7.688193720110868412e+01 3.676289191718210558e-01 1.510576882750397712e-02
7.733753019174027088e+01 2.256867341988250675e-01 2.138188682024705356e-02
7.442061009453543363e+01 1.059141149352480216e-01 2.155264001294202383e-02
7.525090073280509273e+01 1.110832428702726582e-01 2.263711952657109991e-02
7.818008077105079678e+01 4.489560258580062024e-01 1.874479080358208705e-02
7.606884530669694300e+01 3.987706256783913328e-01 2.547379521870686558e-02
7.571646428117429650e+01 3.134177715724574265e-01 2.146641369153432649e-02
7.661387632027883399e+01 2.966923557988733196e-01 1.941421831673783432e-02
7.743983232975439535e+01 4.309520702442886098e-01 2.232883206554189467e-02
7.777910907002292618e+01 2.713554237773582734e-01 2.791694365185063906e-02
7.660251544353555175e+01 6.371026122214589194e-01 1.418301499130498675e-02
7.537065474778266605e+01 3.518797828200547761e-01 2.193772708770240151e-02
7.801013898417501480e+01 2.431625316700465889e-01 2.441423667655553270e-02
7.722246300468199820e+01 3.804647832220647841e-01 1.531221296622282957e-02
7.746775880525420632e+01 4.329324931315413627e-01 2.292480253556281738e-02
7.626434768720895363e+01 3.326108010044371288e-01 1.961592296468596397e-02
7.670078513425264077e+01 3.131134852944977287e-01 1.586085377876760363e-02
7.501140835517240646e+01 2.347963746347707659e-01 2.108357191487537571e-02
7.603304416356479578e+01 3.315343793288749175e-01 2.244299089534688291e-02
7.543267907408312567e+01 4.565660168345347936e-01 1.869409352659768750e-02
7.562657301521849718e+01 3.582386237332452206e-01 1.104141364695086260e-02
7.526946555027708996e+01 4.081072798691832704e-01 1.152477107774580074e-02
7.717757419693316479e+01 4.611136566359134714e-01 1.819777883988415307e-02
7.635181276742630985e+01 4.219087084851026459e-01 1.772297957051941625e-02
7.692777552052618262e+01 2.428851204869328373e-01 1.767023271544790677e-02
7.526066353567502176e+01 3.442647199194803220e-01 2.564862952470999685e-02
7.587588706788284298e+01 1.828750840087596807e-01 1.471850330591797235e-02
7.645459942137054554e+01 4.944116413394269438e-01 2.192060975275315904e-02
7.567310344934874422e+01 3.866183966850283982e-01 1.883171397274758033e-02
7.568171478263579388e+01 2.141540894304736486e-01 2.687048216705539491e-02
7.352079208250434306e+01 3.897859200279269465e-01 1.773782957171933169e-02
7.564965926854839040e+01 4.792315156117812336e-01 1.651643369658511648e-02
7.537993084597158600e+01 2.969605761080469364e-01 2.201876773566945750e-02
7.561814421770712613e+01 1.526141069464114486e-01 1.577708204447919246e-02
7.734133385646451586e+01 3.174776789135511645e-01 2.220042577416498492e-02
7.579857879282695876e+01 2.440502303826730390e-01 2.818326560914834883e-02
7.587180814294892173e+01 2.656630120472873169e-01 2.534703593344068279e-02
7.533763964113261125e+01 2.505272656226003036e-01 2.004998382447267455e-02
7.606027010408817546e+01 3.359611347903214140e-01 3.020326385070969816e-02
7.639624824635237132e+01 7.219460372491995348e-02 2.159170216308078580e-02
7.609787999448960250e+01 3.143450024351457373e-01 2.119974297266424834e-02
7.603132171232520875e+01 3.047387906944610814e-01 2.299045955985749498e-02
7.551791920280550130e+01 2.152313664360824275e-01 3.475015342742630159e-02
7.534414255621877032e+01 3.200142912460076650e-01 1.270409633719333034e-02
7.617646841505143129e+01 2.166774449310664985e-01 1.784159540073165448e-02
7.710506466577112406e+01 3.572009568378073929e-01 2.277272938816984893e-02
7.428879516160813523e+01 4.936895169829013108e-01 1.418594482467377960e-02
7.758856081429387075e+01 4.121543865981486254e-01 2.281625727699844106e-02
7.520501521909162079e+01 3.251589844819522956e-01 1.770282238709824582e-02
7.608903957150529607e+01 2.850127740914439878e-01 1.005555850452483600e-02
7.718178415098458345e+01 3.018892843450639019e-01 1.763512000242811045e-02
7.549967276717023879e+01 3.458459576366768040e-01 1.564021298392940379e-02
7.380482444152596599e+01 3.507129803208275942e-01 2.253220974613083863e-02
7.586036817532236398e+01 1.952097124809991091e-01 2.043383190677700370e-02
7.459546763168641803e+01 2.072769403312340608e-01 1.633805884632116498e-02
7.690393907089155334e+01 2.737389049563082599e-01 1.781528579621238784e-02
7.801469251541125516e+01 3.452462497188714119e-01 2.165363175841378621e-02
7.569029925479122767e+01 2.503628332363222464e-01 9.334602731623654892e-03
7.702874053192356030e+01 3.548309705756378940e-01 1.912601954530042392e-02
7.592277329816374731e+01 3.836144262261055315e-01 1.241604842400071546e-02
7.547011866844619021e+01 1.963697137107469626e-01 2.864150869505729946e-02
7.693565553185329975e+01 8.973073588646357512e-02 1.261579694321962944e-02
7.592765432664251080e+01 2.627559787927575274e-01 1.353959898499078676e-02
7.800476223765049610e+01 3.412539913982579054e-01 2.231617718469800643e-02
7.536798505076778554e+01 3.822274147178002512e-01 1.814423043423409043e-02
7.577665682629250909e+01 3.711001959825259711e-01 1.205367041434000051e-02
7.765702785985098444e+01 3.282389214723875903e-01 2.624850833551426593e-02
7.498458024338118832e+01 2.176834875971807026e-01 1.433219404097652548e-02
7.631029767266484498e+01 3.165983301918245951e-01 1.773457649155521509e-02
7.504593080711472908e+01 1.833403730269157483e-01 1.976349316843582435e-02
7.559441322041139699e+01 2.414393007641737476e-01 2.754677798112980386e-02
7.597767432180727099e+01 4.370042933926925333e-01 1.739876984057221049e-02
7.630477628379865962e+01 3.044523983743664952e-01 1.171891556332622930e-02
7.748833830626391261e+01 2.964846392967583899e-01 2.364106448601444380e-02
7.530797127753844222e+01 2.935155618420235424e-01 1.577145190281290313e-02
7.729599848276339458e+01 3.411409347450675700e-01 2.179050500819945668e-02
7.741818414710498075e+01 4.256341296899023297e-01 2.373337822505505040e-02
7.463827265296254154e+01 2.404320880483316325e-01 1.510298470238364416e-02
7.678753369362580372e+01 3.270651941750051250e-01 1.321701251887514791e-02
7.587125578698876893e+01 1.605887664281221427e-01 1.974070005819629492e-02
7.440462749601282155e+01 3.628827493384613190e-01 2.184372012699548060e-02
7.796794849334688138e+01 3.947873289497342286e-01 1.793700363013413235e-02
7.687807009327448782e+01 1.702336119054821406e-01 1.530501168936055853e-02
7.639314253207511740e+01 9.417503372520724669e-02 1.981872787837130404e-02
7.503973670788158756e+01 3.201307055153263526e-01 1.474274947294017778e-02
7.648424813745519657e+01 3.119327423667389576e-01 2.683105325307966194e-02
7.606673453410162722e+01 2.331357195038533670e-01 1.879567875206203387e-02
7.471576360298327302e+01 3.506137254705439799e-01 2.287731827470864537e-02
7.852919603669282367e+01 2.478164009395595335e-01 1.869368500646252304e-02
7.548424147556178809e+01 3.312113701131224053e-01 2.186190504624201808e-02
7.600662515557149845e+01 4.186325916873032127e-01 1.699034388412303670e-02
7.704617404789071600e+01 3.638497853641082802e-01 1.994131746390757909e-02
7.574506335924286304e+01 5.526667758731369506e-01 1.601459194759961152e-02
7.635793317696841598e+01 2.349780929757867565e-01 2.871034511522588262e-02
7.694682632879920448e+01 2.421650121158855917e-01 2.250046338259135970e-02
7.631769572127656431e+01 2.583375238025261145e-01 2.369836203525938281e-02
7.644930539110441714e+01 3.315698713885952276e-01 1.979551360369595850e-02
7.649105449259965894e+01 3.329387661492459460e-01 2.028826016109764457e-02
7.541898408401243614e+01 4.793766240762492581e-01 1.487600027634855028e-02
7.648763621887974296e+01 2.779759257698566910e-01 2.858315741194780712e-02
7.515651746277616496e+01 2.364736738239667790e-01 1.526918017921060841e-02
7.638346505095061900e+01 1.726949340431358226e-01 1.766571465971821311e-02
7.390763417714572370e+01 3.340421354128090270e-01 1.755992751826213408e-02
7.457194325606815255e+01 4.185609402974058701e-01 1.362113708104907561e-02
7.685694369002821702e+01 2.398959176012195327e-01 2.781254330680695691e-02
7.680955053892614615e+01 2.091952129125971838e-01 1.552642657458387122e-02
7.666552520522431280e+01 2.837621869289833065e-01 1.917393899013968006e-02
7.733223886177209749e+01 2.351311126630043491e-01 2.044533547402660814e-02
7.701462779365230915e+01 3.909117488385600581e-01 1.922140162185037929e-02
7.577109411914734949e+01 1.361184537479068202e-01 1.484758540163319193e-02
7.637835922657473020e+01 2.962117811057763950e-01 2.036549794422549617e-02
7.709925360963406149e+01 1.912676890937725638e-01 1.884790096471878132e-02
7.624871096341121302e+01 2.395840062425483863e-01 2.698281518988984023e-02
7.696858680161315647e+01 3.390133327088755699e-01 2.875235014306627701e-02
7.456110472038986359e+01 3.092273718894318346e-01 2.178700960455639754e-02
7.514544495320608064e+01 3.400714541817728143e-01 1.460203661566888619e-02
7.675055731827426087e+01 4.157834768128906844e-01 2.132845561526013761e-02
7.420720218493505627e+01 2.133206478833965525e-01 2.275468294250322307e-02
7.608119864351236572e+01 4.059973823075119226e-02 2.606258723838166327e-02
7.619665650625383080e+01 2.280925335999954839e-01 2.485344193934958118e-02
7.538245998709309958e+01 2.411547882395785325e-01 2.174806171226359094e-02
7.784103845924229859e+01 4.723587177972886630e-01 2.175469023855661904e-02
7.652238565885032529e+01 3.891498932084824780e-01 1.386837231527146726e-02
7.670414833715199165e+01 2.365926531856471782e-01 2.155355154534917619e-02
7.583253237239266298e+01 3.601208327114214236e-01 2.057611446344614903e-02
7.298696972917869630e+01 3.278891711705180789e-01 2.313245342585006428e-02
7.650592834833845757e+01 2.997414053791420119e-01 2.801054483868491152e-02
7.637137312912166465e+01 3.537673300193105996e-01 2.509508241000277598e-02
7.642259299969660447e+01 2.201982246585796332e-01 8.105671152294524270e-03
7.558287909798191606e+01 3.860945525881116502e-01 1.827757887113265478e-02
7.686117837228172789e+01 3.248728175920272965e-01 2.628324912323017071e-02
7.576478329287934343e+01 3.567614826567688247e-01 2.246773202212370285e-02
7.756160187263120065e+01 1.393362693665722019e-01 1.776386207535044989e-02
7.690851610538850025e+01 4.645896479778648391e-01 2.117108054947356224e-02
7.576729583557850844e+01 3.857118368674444797e-01 2.423757402552040655e-02
7.570033832133269414e+01 3.430307312177546253e-01 2.575866957274131758e-02
7.795045899327445227e+01 3.842604959235291773e-01 2.021531169105167391e-02
7.600592482396208993e+01 3.657396557193622888e-01 1.943574223180756164e-02
7.624964049902239083e+01 2.042123735469125179e-01 2.632710827556663039e-02
7.491981527285132358e+01 2.667888239546987172e-01 2.047606468708201843e-02
7.805098687988864015e+01 2.677317015147672730e-01 1.675114237092489508e-02
7.550918308266621182e+01 4.758897167611312318e-01 6.281234178019406630e-03
7.505726198785141889e+01 5.831288709159552219e-01 2.288235157800798392e-02
7.495401505066078585e+01 3.058082017825228260e-01 2.032904666374566599e-02
7.690612524590561350e+01 4.939502002822563353e-01 2.189537405502056319e-02
7.552021169698704739e+01 3.887084442098204251e-01 1.659388928359580018e-02
7.502666250401097159e+01 1.340091128043554847e-01 1.236522734390048395e-02
7.516355484387572972e+01 1.922210232299128851e-01 2.152798306036447437e-02
7.486059817417596207e+01 -4.366630202474408584e-03 1.490774744102699514e-02
7.558814035227858596e+01 2.494550512128034525e-01 2.741231550882529053e-02
7.544645744071085858e+01 3.980923463199197987e-01 1.990740195277628313e-02
7.601769527432740858e+01 2.264619711151962811e-01 1.971325535814259788e-02
7.529490387310258370e+01 3.270024314254570408e-01 1.884756276768932703e-02
7.511537206680840484e+01 4.091894339700595240e-01 2.208214868303134265e-02
7.561193726585774755e+01 3.245493047035309941e-01 1.959110965120993211e-02
7.519240906273672920e+01 3.170496229021163570e-01 1.697067436679329522e-02
7.511506616437989692e+01 1.477232669733475057e-01 1.825069583639692475e-02
7.662697065958371923e+01 2.405340646621140221e-01 3.229613996174619805e-02
7.694568565365273116e+01 4.404330132660477792e-01 2.387923420523784673e-02
7.791286497493857155e+01 2.312998016527457734e-01 7.508598118738430555e-03
7.561387439164711566e+01 3.658218575547537710e-01 2.073910717925843070e-02
7.633547261096778414e+01 4.420910002669872219e-01 2.186369548518292405e-02
7.685891292759102100e+01 2.160437258147240858e-01 1.465661615016567408e-02
7.767411392302449258e+01 3.200901535147067656e-01 1.695985764172617052e-02
7.543860550645288754e+01 2.450876878361742395e-01 1.654166331197150230e-02
7.477685219739633737e+01 1.599579597779491325e-01 1.904875913339307628e-02
7.546707412967960238e+01 4.207159285443295427e-01 2.142964221105813152e-02
7.632531768007798689e+01 2.356879592445549343e-01 1.940961748400011830e-02
7.642100110363143983e+01 3.816195739712675561e-01 1.954199109015431618e-02
7.713912377932420839e+01 3.107989308907942450e-01 2.386754691959843896e-02
7.557014779141084659e+01 1.287411633431358171e-01 2.130906823423669647e-02
7.678532406314663206e+01 3.675347331807569673e-01 2.205944712896312082e-02
7.571141303404500889e+01 2.293253748554407445e-01 2.269135740996966119e-02
7.648644741619827414e+01 2.539100909156173369e-01 2.541182531313198462e-02
7.517713448545239885e+01 2.516476621208959541e-01 2.798256201142275759e-02
7.692858193773390951e+01 2.741990694108977222e-01 2.140185712021244052e-02
7.621479224452383505e+01 3.543861350226218399e-02 1.557817585622740635e-02
7.600915338289071599e+01 2.743388523440694060e-01 2.120537836502644352e-02
7.718948231294791640e+01 2.778464215346072574e-01 1.484070831159578149e-02
7.638485165851105307e+01 2.773376666432196269e-01 1.923871463013706110e-02
7.576822628084691758e+01 5.341837800010985626e-01 9.069735312205144326e-03
7.567166609686735512e+01 3.096310974351608181e-01 1.618954881813278526e-02
7.695982583212828843e+01 3.913257678719639365e-01 1.976705064151931465e-02
7.578932624465630852e+01 2.988043165768353160e-01 1.948884559196190080e-02
7.598162697187423475e+01 2.912000898483200206e-01 2.123146007118240433e-02
7.681321206482786579e+01 1.869739852401423041e-01 1.487481024764317553e-02
7.431148197051648197e+01 3.966397400357599690e-01 2.122108923507542988e-02
7.656526751593277424e+01 1.670501761636531413e-01 2.870706401404945693e-02
7.545114909185464569e+01 3.268205807111255745e-01 2.416773005208961919e-02
7.507302024420393138e+01 2.553675641487332948e-01 2.087400865658962934e-02
7.891747307546471291e+01 3.401124742852024152e-01 2.783590805185716388e-02
7.726567314519195406e+01 3.468010036494518777e-01 1.517465477253327442e-02
7.711975361081823621e+01 1.601889658351952905e-01 2.780914694476630325e-02
7.626000530821825407e+01 4.497764527018238701e-02 1.833899465838127393e-02
7.671394782092293951e+01 2.862976126960233292e-01 2.348783322435889567e-02
7.520997583228771077e+01 1.794017627212392552e-01 1.965148583879217092e-02
7.609156566728991322e+01 2.751615648937678626e-01 2.598678608118142747e-02
7.520979262486093830e+01 3.413165607332349638e-01 2.033156083494451483e-02
7.450328404786391445e+01 1.780969816331487710e-01 2.005810251828600566e-02
7.804119999868696311e+01 3.679269811898810971e-01 1.158226914563593654e-02
7.294951193488066110e+01 3.833053593004379644e-01 1.953066593693561503e-02
7.720126596951037357e+01 2.219282079288558418e-01 2.170835364809037271e-02
7.690617346302786927e+01 2.652536361793518260e-01 1.792153380375089908e-02
7.608526283109839028e+01 3.642676346560329015e-01 1.993007802677116552e-02
7.703399633775948985e+01 2.638064810732970167e-01 1.352002338798483083e-02
7.803697536811317548e+01 2.495366263457553524e-01 1.722711178674269511e-02
7.599419667892782115e+01 3.167181109653980919e-01 1.811373832932544961e-02
7.604256610305098718e+01 3.060237768571826278e-01 2.085277720497954665e-02
7.370251254101268046e+01 4.980876307007849335e-01 1.928152042178264691e-02
7.664062261944698662e+01 1.721898658465975673e-01 1.770243775000365782e-02
7.538768413367958487e+01 4.569723764508545338e-01 1.714237264958105855e-02
7.681807998694009143e+01 2.449579547326804774e-01 1.779210273339539364e-02
7.581444983479931921e+01 4.383845126829299943e-01 1.078120654131649314e-02
7.474433644472557603e+01 1.152694834310183103e-01 1.469511161091975431e-02
7.524839994880790073e+01 1.485518745909610860e-01 1.641879147992844276e-02
7.404528551906658151e+01 2.082011276232318686e-01 2.585570926785463880e-02
7.646358807028110505e+01 3.287467672172527666e-01 1.510839728644334384e-02
7.452391504095527353e+01 1.960843924465719423e-01 1.978922035660480444e-02
7.692817677972666957e+01 4.002367417135320737e-01 2.307615786577235650e-02
7.532244313593206186e+01 3.124549832403987759e-01 1.843247546323294878e-02
7.585881023650524924e+01 5.137127896959813311e-01 1.140487689266530408e-02
7.582532318407774596e+01 4.311748907196156777e-01 1.284930978032420255e-02
7.541625257473374688e+01 2.570961502432360657e-01 1.891078184363910106e-02
7.446404284039378751e+01 3.695286060338039413e-01 2.325018186591777669e-02
7.656837532501795351e+01 2.229626325708918555e-01 2.042200385749899996e-02
7.516055976043091391e+01 2.767403339228487469e-01 3.050472159595550570e-02
7.615569537759625973e+01 1.912473424012826606e-01 2.087968458860445936e-02
7.470820407393669882e+01 1.900989607484988020e-01 1.492135055634736043e-02
7.561569054780431998e+01 4.036968995589201858e-01 2.282145462447238843e-02
7.658299532824733546e+01 2.001075434409457510e-01 1.735944216860659320e-02
7.633200110688319739e+01 2.471680014611586929e-01 1.864211492536049439e-02
7.650135869252994780e+01 2.751227318798697974e-01 2.110272970293670947e-02
7.765272845601957385e+01 2.928141201013002570e-01 2.575286736448393482e-02
7.661937006730735789e+01 1.632758006513233273e-01 1.462372180847061262e-02
7.522640411693011231e+01 2.245165083067216516e-01 1.955956221411310134e-02
7.667464404808183076e+01 4.355158416704723034e-01 2.150329311573210764e-02
7.561432044394679508e+01 1.017758756370125695e-01 2.034433939227969779e-02
7.608577019369499794e+01 3.282928753538957856e-01 3.027434291562601520e-02
7.730059654619307707e+01 3.885060918249985673e-01 1.530694082891902522e-02
7.554700525080325235e+01 3.005155393071498038e-01 1.621752622433973723e-02
7.656046452498512167e+01 3.456908849215704627e-01 1.469118149729418260e-02
7.725681670909612819e+01 3.202310333808860432e-01 1.156550660125730927e-02
7.600865714165503562e+01 3.381206455922904919e-01 2.474532859236946644e-02
7.572252359687338696e+01 3.927938267447207421e-01 2.091288774034251452e-02
7.474494539096242818e+01 1.684833226517486182e-01 2.547590180560658016e-02
7.725598417838176601e+01 3.422909230404723169e-01 2.729613034721965412e-02
7.711660984904160898e+01 3.783628729479721065e-01 1.555457810373818590e-02
7.779142875103234189e+01 3.636301432208273177e-01 1.811785963604086933e-02
7.539172999469469971e+01 3.356783781513856812e-01 1.184849226908070777e-02
7.675967327535286699e+01 2.146429185305973042e-01 2.180784443328920297e-02
7.553837966264184445e+01 2.835581287275296125e-01 1.630775671821919556e-02
7.589877056881920225e+01 4.989379546017354006e-01 2.675638842462751618e-02
7.641447895499545950e+01 3.074705734435047577e-01 2.411805458874578117e-02
7.718997039410756145e+01 2.270181617792470519e-01 1.962224942618438078e-02
7.423804177043191999e+01 4.223102110260895103e-01 3.007328906195539525e-02
7.614008262462309062e+01 9.749898750969834826e-02 2.297019764183917678e-02
7.515591083385092475e+01 2.436650558335539951e-01 2.305647019410245885e-02
7.631455412551272843e+01 2.611891224661398447e-01 1.683119203608944223e-02
7.618583605522083246e+01 2.690534447487632486e-01 1.458908715315606133e-02
7.572743681852163888e+01 3.439592623255184334e-01 1.913120260087983887e-02
7.464649140175181685e+01 4.089064621375539388e-01 6.639944210032517474e-03
7.561363484497157117e+01 2.479801545446084221e-01 2.072282379449470746e-02
7.662166180780273805e+01 4.226764808261035400e-01 1.652485427633092543e-02
7.664658233733348425e+01 3.295818387881461198e-01 1.165102743813061642e-02
7.796054025543411115e+01 1.661224872759800575e-01 2.204632815760836778e-02
7.644995994419774377e+01 3.375636782329077268e-01 1.758742984311410795e-02
7.688725265114049989e+01 1.539632526056904371e-01 1.967888395768817994e-02
7.549612532344754356e+01 2.422702057932968334e-01 2.209145262172461377e-02
7.713747854271969118e+01 2.756744238163134075e-01 2.380820043866233027e-02
7.610974066544460470e+01 2.207267790761991422e-01 1.874169710614115303e-02
7.576051410920838691e+01 2.403340087494553190e-01 2.209016062758943286e-02
7.629464618770475681e+01 1.509350301730581767e-01 1.194377563297874256e-02
7.648468445320575881e+01 2.284713571205465310e-01 2.147337148829426418e-02
7.684093157810919195e+01 1.829047162594440723e-01 1.311445241670153652e-02
7.773443168239529655e+01 3.451570782962459227e-01 1.795492362598404348e-02
7.512605954735373359e+01 2.589559151092720168e-01 1.419233006773994860e-02
7.694341217409059652e+01 2.323248846393679012e-01 2.533431506446959594e-02
7.565937108022998814e+01 2.056649816382685181e-01 1.792048005846925973e-02
7.343583322249858725e+01 2.979231423325993111e-01 1.917015028716995834e-02
7.688474274654797114e+01 1.213695072016620358e-01 2.566764078470023386e-02
7.688059929499765133e+01 4.352043563698662632e-01 1.974282255607737874e-02
7.707389683410275438e+01 1.628755965093094671e-01 2.347828080587577304e-02
7.528883723790005433e+01 1.448598167577063722e-01 1.451638771627141063e-02
7.606553113862926807e+01 2.275700791782396537e-01 2.183450503266243931e-02
7.425176244499598965e+01 9.729024563841381923e-02 2.669457284948086040e-02
7.696380012940143445e+01 2.050703164086192243e-01 1.998536759282663541e-02
7.707950706020132259e+01 3.519200608290605770e-01 2.072303949357794453e-02
7.715515408131260244e+01 2.369287524798779354e-01 2.015208999348599289e-02
7.604215136170761014e+01 2.827237952328957582e-01 1.809850970038657386e-02
7.613286823782848955e+01 3.134407495985527259e-01 1.488571881690475135e-02
7.686179590990045085e+01 2.123614792233741722e-01 1.893544661196500459e-02
7.576471952727995074e+01 3.458103612659215731e-01 9.662907608695935763e-03
7.695090981492946014e+01 2.423009652387835833e-01 2.595104046232709488e-02
7.558183507548385194e+01 3.051156414265989714e-01 2.933554165887036075e-02
7.578266179120633694e+01 4.338849884673459112e-01 2.019046383202224501e-02
7.647541883029349208e+01 3.169958589411374650e-01 2.413586159170792375e-02
7.537446838714694763e+01 2.115951476980814649e-01 1.688499419328282070e-02
7.615971037632409946e+01 2.879181214449670345e-01 2.346475549498135138e-02
7.736473169982151887e+01 2.124161662764991187e-01 1.641976199212715620e-02
7.462376058168715076e+01 5.130372990759104468e-01 2.148619267864305959e-02
7.653980232005157802e+01 1.759791614968951590e-01 1.999429273655183026e-02
7.656924798441308155e+01 2.847242309465575216e-01 2.524734451134826724e-02
7.837183112564282794e+01 2.152937172906048136e-01 1.501420855621123443e-02
7.518224393447142972e+01 4.706199160016490968e-01 2.508466008307163458e-02
7.592447218220635818e+01 3.136559664400874192e-01 1.601686036001599353e-02
7.695002715774319313e+01 2.720098175891446091e-01 1.873133395387805225e-02
7.666878977152926211e+01 2.912005061916778659e-01 1.885382442196172417e-02
7.607057520552908159e+01 3.895355413793076815e-01 2.803167353894552710e-02
7.664548623224608548e+01 3.903314223624266832e-01 1.902510213609207718e-02
7.535220213683128065e+01 3.753986232235115295e-01 2.083532109561254259e-02
7.463737135125025191e+01 2.771930376574401889e-01 1.959562427569973980e-02
7.554954213297152421e+01 4.581735594542127310e-01 2.234067822879130111e-02
7.743317491788864970e+01 3.363425261652159826e-01 2.039701383621989050e-02
7.512340218238975353e+01 3.111929533196566844e-01 2.006367768622166134e-02
7.469288611596576288e+01 2.560472530229604970e-01 1.842301171455432846e-02
7.647347954405572068e+01 3.561350111985706057e-01 1.716430008797461063e-02
7.652886960254188864e+01 2.917921070651482984e-01 6.001853537292892171e-03
7.557529796804846001e+01 4.178988640142378697e-01 1.179606947986497692e-02
7.617269120041554231e+01 4.685261214185287293e-01 1.628969291214399720e-02
7.606214908042768741e+01 1.795983742772078728e-01 2.793771288616376733e-02
7.597666737300339435e+01 3.146626842794018053e-01 2.660634373417376797e-02
7.672147839464548724e+01 2.224371267503260086e-01 1.684254671176919210e-02
7.655493130452330774e+01 2.475878944937059956e-01 9.671983843314501880e-03
7.600675920136092145e+01 1.619787338875190441e-01 2.788430123689622508e-02
7.623678763776315748e+01 2.194824943256424299e-01 1.659203700164656875e-02
7.417060241212608673e+01 2.000538113219496039e-01 2.495767415873512141e-02
7.829178614549239512e+01 3.826396513198958571e-01 1.955101200672668821e-02
7.562804062434608454e+01 2.143504186423637603e-01 3.004763853336459012e-02
7.587125129813563262e+01 5.215629830062504801e-01 2.679765614443932464e-02
7.431920356865373378e+01 2.434047604240708318e-01 1.673636524793257335e-02
7.598015363589426840e+01 3.039685746886246487e-01 3.461580046535679689e-02
7.498277212552524418e+01 3.328969935664389812e-01 2.300735484130635861e-02
7.605842799553080624e+01 3.210180577781358013e-01 1.490337124728494111e-02
7.616648619460268321e+01 3.611398996174371989e-01 2.159805163059087124e-02
7.663020090391209749e+01 4.512607900636231850e-01 2.457056849714313318e-02
7.613129461349744531e+01 1.928241648116721940e-01 1.707314500140917277e-02
7.584036884808259060e+01 3.352345831341447258e-01 1.766666945610051095e-02
7.512426680081564712e+01 1.911801310879662763e-01 1.194547434607057951e-02
7.582504929622542988e+01 1.630334557929694894e-01 1.511938690654930639e-02
7.566609812715570627e+01 1.764082690608566040e-01 2.185244969999364587e-02
7.680022306360568507e+01 2.550572980224601327e-01 1.786815947507316288e-02
7.659742977013908671e+01 2.386004902765320734e-01 1.618178579708636627e-02
7.725649847818628757e+01 3.984187738712787197e-01 2.293439025533619557e-02
7.698564462139410125e+01 1.122721274632637045e-01 2.660407583801515860e-02
7.645206211658374684e+01 4.110781384005735006e-01 2.188859404447006385e-02
7.610892482468015885e+01 2.824690787637945677e-01 2.179094817993270858e-02
7.574825209109545199e+01 3.967876100065112488e-01 1.226118709974536279e-02
7.551842413820573086e+01 5.144823248476646516e-01 1.694594895818345159e-02
7.582131627693652831e+01 2.217419066649923831e-01 2.163827157505280110e-02
7.532373510985780740e+01 2.914389065192949935e-01 2.414081237090278526e-02
7.536123658118518165e+01 3.888611119265220628e-01 2.401087471005051988e-02
7.711495609471928958e+01 3.240540994918040263e-01 3.581101988769164191e-02
7.711453369654208245e+01 3.424877624406826304e-01 1.572719798008909847e-02
7.596294087412586293e+01 4.526326976900033605e-01 2.833919324695741149e-02
7.753832910044023663e+01 3.885192306729619571e-01 1.387482826197281895e-02
7.654716181782566764e+01 1.858597621947002398e-01 1.274404295911825066e-02
7.629915868457723604e+01 3.623199447269750406e-01 2.440671755356490363e-02
7.655713624038610021e+01 3.631585985742748490e-01 1.519681665857377378e-02
7.595502331531533002e+01 1.592883214365511946e-01 1.022746766146245823e-02
7.680064270984307484e+01 2.346875606209041232e-01 2.425609025435635988e-02
7.716834757788004140e+01 2.480682675376802426e-01 2.287956631490389858e-02
7.539884327138635456e+01 1.254121125373175993e-01 2.060150928996321365e-02
7.558912612028424860e+01 2.659910989412868076e-01 2.963582008705134552e-02
7.453414301726732560e+01 3.482871135371470861e-01 1.514728177002560086e-02
7.696826140926732762e+01 3.398431236175065706e-01 2.185046023990543443e-02
7.511511038239774507e+01 2.334412086711676326e-01 2.452317320656529839e-02
7.783079772172756350e+01 3.580307817224187006e-01 1.562233794745642584e-02
7.639893852246207473e+01 5.527472044337609081e-01 2.049962346692152035e-02
7.752184085939360614e+01 2.359670634161287750e-01 1.979470218713957549e-02
7.667956520612554527e+01 3.497328308262864227e-01 1.626151863360409539e-02
7.525048254286940619e+01 4.088284403102658837e-01 2.581244298853729510e-02
7.757214355812192252e+01 4.903930483252867956e-01 2.065668017718339661e-02
7.574880075576841421e+01 4.450990938778468520e-01 2.347838674073944934e-02
7.507754474133241729e+01 2.066364334481088361e-01 2.239965951881126363e-02
7.588272533851599633e+01 3.073570045259302330e-01 2.523187007175704821e-02
7.681903714498503177e+01 4.429873248418431664e-01 1.057787265183723555e-02
7.631339791722120935e+01 3.794688522397207109e-01 1.255323972347471145e-02
7.540510435869002492e+01 2.259514837671081078e-01 2.010584473687763996e-02
7.768785396869407123e+01 5.122589404664901203e-01 1.602786559476447603e-02
7.658655725049356988e+01 3.658797852142315343e-01 2.189085742202315915e-02
7.645897963473923653e+01 3.403742502451327923e-01 2.823204936978741461e-02
7.716246651436806303e+01 2.039846102401732808e-01 2.388156624819780249e-02
7.695237337451145265e+01 3.414967287151788877e-01 2.551914327074502470e-02
7.624807403429903729e+01 3.300467721076250638e-01 2.059141729110752772e-02
7.404175591420033697e+01 3.019601606094126089e-01 1.674024110022160478e-02
7.487355202180744129e+01 4.534018284739522731e-01 2.245954887089979604e-02
7.603016891905545549e+01 2.535196648897573568e-01 2.144472968111580530e-02
7.705143609331751975e+01 2.273034156453059285e-01 1.997644696450434285e-02
7.692806649885118020e+01 1.163998870915869954e-01 1.971917189070534690e-02
7.563070862945245665e+01 2.966170142244966001e-01 1.755303143233218066e-02
7.619762460520729519e+01 5.023627220422718365e-01 1.841989037108024072e-02
7.635171100909410313e+01 5.094746418409112909e-01 1.731699717867046101e-02
7.787467534892897447e+01 3.105323006627107030e-01 2.869217671153622556e-02
7.681020112494631746e+01 3.407108362582421668e-01 1.967985033226055461e-02
7.543595856012079537e+01 3.175791549964352978e-01 2.437737297082938695e-02
7.604688856900332894e+01 2.783377194938142507e-01 1.877667056498647305e-02
7.705247661358305322e+01 4.325161455099855723e-01 1.674560724991038668e-02
7.539141214255251100e+01 3.479358919667112637e-01 2.745137592564514742e-02
7.720599030831256471e+01 1.848147787820088317e-01 1.871182453662506226e-02
7.512939644531049055e+01 2.832487478084741994e-01 2.782639022456270816e-02
7.463739935121698466e+01 1.481134706719809679e-01 1.595827242227510975e-02
7.634731060257600177e+01 3.720754820640757021e-01 2.213389480420260153e-02
7.723568540323101672e+01 1.336914405766070624e-01 2.579676360175091332e-02
7.574790467995370591e+01 3.831494309804867604e-01 1.354426621091119748e-02
7.606495669700906603e+01 3.336270770589013779e-01 2.563780993901667443e-02
7.447474537739223877e+01 3.130752548534904145e-01 1.470616931150174091e-02
7.656549604420827393e+01 3.877216536456126184e-01 2.627887923174677259e-02
7.552497054569163026e+01 4.027226485688790714e-01 2.663854432915635853e-02
7.441675303014453391e+01 3.712344920098450407e-01 2.467566465258588457e-02
7.580127361361256533e+01 1.889226422474891420e-01 2.459978417614469906e-02
7.486049117244225215e+01 2.921648565489097793e-01 1.980427288876424746e-02
7.677553805170400381e+01 2.473368440487467290e-01 1.666056737157143794e-02
7.615891547876312018e+01 4.106390477619749069e-01 3.115829268611291364e-02
7.455251880022122180e+01 3.415342017786577866e-01 1.469982914032052709e-02
7.707881124320674360e+01 2.161455452690766998e-01 1.670903308203744442e-02
7.547072914093600104e+01 3.023801061280196323e-01 2.157657364321320659e-02
7.654370139360851510e+01 3.094232453817216677e-01 1.351272671980204183e-02
7.678778615031019683e+01 3.047041336336971940e-01 2.566699897568145913e-02
7.535226122052006303e+01 1.497725272649005346e-01 1.983401949910695156e-02
7.735595268828426185e+01 3.260942136616050702e-01 1.902600097964460280e-02
7.518965298234256522e+01 4.857766466680822348e-01 1.497754831763522219e-02
7.533460574237176388e+01 3.670034196084022704e-01 1.094624053713760987e-02
7.733459066538134152e+01 3.724193114217355660e-01 2.438649303322492495e-02
7.661811701194964996e+01 2.938876482543629765e-01 1.481390873094915600e-02
7.591992455877503687e+01 2.124763688247365279e-01 2.237148931744577240e-02
7.686677983054809715e+01 4.576808631198207578e-01 2.181350068562372402e-02
7.698457535659518669e+01 2.802855262769857747e-01 1.766694079020392910e-02
7.653367189081680522e+01 2.713527127283091311e-01 2.131310140891540250e-02
7.499880781066458724e+01 2.218372317523698845e-01 2.309955756594287909e-02
7.694669007540609584e+01 2.114343831033319576e-01 2.327128931954351720e-02
7.552726432696472614e+01 3.116505176200309868e-01 2.691192397946657114e-02
7.686748723402294559e+01 3.895871988022192589e-01 2.931117248027788683e-02
7.535612065895020351e+01 2.114125025007454195e-01 1.647745234034833639e-02
7.580549894659338861e+01 7.454493857081062602e-02 1.898815494294238751e-02
7.551542926810509471e+01 3.883759767397799156e-01 2.171911892200019747e-02
7.545930337223066431e+01 3.689960845362904029e-01 2.352811248694521712e-02
7.529145421020858464e+01 2.606975744617581192e-01 9.144569819034229288e-03
7.496934002563071431e+01 2.357530439576421555e-01 2.036178622734644700e-02
7.511461732064019259e+01 2.586548012950891096e-01 1.402277716301171193e-02
7.623111389853127662e+01 3.525714594584907768e-01 2.196275779716986426e-02
7.607236113190526794e+01 1.558927003498605524e-01 1.697583578588853295e-02
7.565269332768151855e+01 2.696704687079374829e-01 2.036576203897481202e-02
7.748554137237101713e+01 3.912096212684599839e-01 1.518284009829905072e-02
7.673840287529662874e+01 3.740302367665736538e-01 1.606796354657773207e-02
7.690886592263544230e+01 2.939623364054736454e-01 1.312217809749051216e-02
7.651520272463714889e+01 3.316961823614524296e-01 1.888937741860571840e-02
7.602254691501670436e+01 2.380914521111537896e-01 2.297624635998590098e-02
7.601654936549107333e+01 3.266448843948228098e-01 2.174215572892132867e-02
7.490541438557367826e+01 2.205716978117948091e-01 9.219783123823368717e-03
7.662474225849041432e+01 1.887789976253233526e-01 2.064668151168611021e-02
7.643098822493955424e+01 3.702352838892520315e-01 1.412674676177531896e-02
7.599483838185931006e+01 4.770280420787749165e-01 2.836251063406983880e-02
7.704732309402695023e+01 3.437493138818839555e-01 1.509704200563230514e-02
7.677862162539105384e+01 2.941978771253159208e-01 2.273428426962363288e-02
7.542715654514788071e+01 2.927066887160071351e-01 2.080071882964109817e-02
7.630627809149386565e+01 3.593722714460247936e-01 1.717465861207366148e-02
7.471671554788980529e+01 4.724785039899794814e-01 3.214270326352857560e-02
7.650742071120238563e+01 1.776007905269889331e-01 1.622831650320548033e-02
7.656911756905097377e+01 4.441115611681285547e-01 1.408346031930801830e-02
7.593566717915109621e+01 3.295932064443968801e-01 2.421745585993109739e-02
7.571639890559961827e+01 1.536185308678075234e-01 2.303023199733123319e-02
7.718479596517124719e+01 3.017408538254839345e-01 2.197678093320210371e-02
7.558550877057292894e+01 2.254227205274105805e-01 2.500695453925472558e-02
7.644749584781446572e+01 3.590368599401882466e-01 2.732739096582738336e-02
7.500515766568142340e+01 2.547973731840577627e-01 2.077040657968144341e-02
7.549568676223876196e+01 3.883136535272450063e-01 1.908585745900495678e-02
7.506746719250281785e+01 3.165771675187661338e-01 2.083092083320384549e-02
7.699468206289633088e+01 3.493140903147424203e-01 2.224949459199919780e-02
7.638029168400723279e+01 2.911777478708069689e-01 1.650624821896944094e-02
7.634883835165938137e+01 2.766875234116359383e-01 2.824303717288300514e-02
7.740218229477322609e+01 3.732839132351608580e-01 2.184618019167310077e-02
7.597204094901881888e+01 1.838876268652864798e-01 1.894550134964894869e-02
7.616140003340525766e+01 3.329456474444662528e-01 2.229042130251622511e-02
7.698133019787768205e+01 2.407845928307132954e-01 1.666792386727311559e-02
7.751085667974315641e+01 3.870981589193148720e-01 1.809380028227648360e-02
7.595278883104776924e+01 2.997286053325101673e-01 2.015402010868967350e-02
7.653268309223861365e+01 5.634992746099831695e-01 2.092564176176903851e-02
7.672259815042525588e+01 1.413523293809857140e-01 1.763463418156665727e-02
7.728881500271660343e+01 3.502315391356615737e-01 -1.410315048121158626e-03
7.673402320231619456e+01 5.018164394628769065e-01 1.026386543356198368e-02
7.757938767564552052e+01 3.280443693740719979e-02 2.457560461001665267e-02
7.605135137398775669e+01 7.500287847553835374e-02 2.217628208409651996e-02
7.721083974915205772e+01 3.463887003821572996e-01 2.285281774175421110e-02
7.564832388766093629e+01 1.238610244778977909e-01 2.337494645042470509e-02
7.780975391944629393e+01 4.229580854227459330e-01 1.030304473365196809e-02
7.454510559278907067e+01 2.254032258202659511e-01 1.222938804253588529e-02
7.610418991955603474e+01 3.493415805180523082e-01 1.302315471589089030e-02
7.683712845927553303e+01 3.701103944020013858e-01 1.732605304954291242e-02
7.588747801401601123e+01 1.150198824346968240e-01 1.837920899372158870e-02
7.606738497413033429e+01 3.268747595228189695e-01 2.184818005863499446e-02
7.630424174323057684e+01 2.835656302734329559e-01 2.139607289050886318e-02
7.706203199331025644e+01 3.004501926690355540e-01 2.154924336991061867e-02
7.587382893733588674e+01 2.453241083520428800e-01 2.255063252154929088e-02
7.550477405582979884e+01 3.486146900992190822e-01 2.013783108053680826e-02
7.575606532347985933e+01 2.771857167853339354e-01 1.752136101260640469e-02
7.441419882791099383e+01 3.482895095161692156e-01 2.112949670867473456e-02
7.690967025244849253e+01 2.568543097693204991e-01 2.924577378281301154e-02
7.568026405215036334e+01 2.224890357805304197e-01 1.515275648857236646e-02
7.432607759677034664e+01 4.632627892393128000e-01 2.668813361350566918e-02
7.666074516288476559e+01 2.203911192224219939e-01 2.883545210516643906e-02
7.570828083847834478e+01 2.830974168773347510e-01 2.701101990456622470e-02
7.671891058448088074e+01 5.301103138754593713e-01 2.121327931862936403e-02
7.566296920042127283e+01 2.488195116540204144e-01 1.099026255028962354e-02
7.578140422719380354e+01 4.244593338827380435e-01 2.292114230563936303e-02
7.608030800656041492e+01 2.105065556183670639e-01 2.110669764884262264e-02
7.707281370519537234e+01 3.530719256469984635e-01 2.081334229089443558e-02
7.526304234671879101e+01 3.967181814112012983e-01 4.722415518321067263e-03
7.644284570886514985e+01 5.670321980944599272e-01 1.264208103740562320e-02
7.581863054529863177e+01 3.092089009875273464e-01 1.774349846801669822e-02
7.709637424255897997e+01 3.572451014355301213e-01 2.074292864657228952e-02
7.685727256116928174e+01 3.116750709071742231e-01 3.551153409182201959e-02
7.621134693365674195e+01 3.295282098489704103e-01 1.165625341671572973e-02
7.551654967269658414e+01 4.247377681799809901e-01 1.348557633970793798e-02
7.390244282569804568e+01 3.132315471187575029e-01 2.668655857304867360e-02
7.610238122869613164e+01 2.763875397373656284e-01 1.093420518175131605e-02
7.651225412270220261e+01 3.761275108883044838e-01 1.130862195560438689e-02
7.719453244869721686e+01 3.865695525892108853e-01 2.552349240266997901e-02
7.664352509183333950e+01 3.753682708811318380e-01 2.254010194488653349e-02
7.692847232150120362e+01 1.281242230876081245e-01 1.267775886038285428e-02
7.532399209981022636e+01 2.970179828327446647e-01 2.189335084540575474e-02
7.638468165322885284e+01 4.217105811456031139e-01 2.560241609063585930e-02
7.518761489170620393e+01 3.338576110050471280e-01 1.586423635257639894e-02
7.587175296164643612e+01 3.421791369048494680e-01 3.372136212333214783e-03
7.847124403963968575e+01 3.666408677397475224e-01 1.709413036383704287e-02
7.798736975523023318e+01 2.752568829513805659e-01 2.064643602842955103e-02
7.557288418960237664e+01 4.751991837443339528e-01 1.948787948143473198e-02
7.620948410073951607e+01 4.303782153025446089e-01 2.285433881688330240e-02
7.600565193486592364e+01 4.210390972357462847e-01 3.238284502159977096e-02
7.637741044879942365e+01 3.216760087872566620e-01 2.083232723716625309e-02
7.737042950083151993e+01 2.500802264967077471e-01 1.864235336726019140e-02
7.452255705087335969e+01 1.916132137360026244e-01 1.747414632830258246e-02
7.600406300593958520e+01 4.869083325770119375e-01 2.261459904841572888e-02
7.514792148981020148e+01 2.372019514635884674e-01 2.670609113771051091e-02
7.718661034862918768e+01 3.128149910224203301e-01 1.784133431444472062e-02
7.718493283570464314e+01 2.106672873275313440e-01 2.191234340515865048e-02
7.833265899089333573e+01 3.305355682251457372e-01 1.621653912555314977e-02
7.647036870267153574e+01 2.629991280984652624e-01 1.319943490851992890e-02
7.676103602687210525e+01 4.217834400549722584e-01 1.848338208745086558e-02
7.568276432590373304e+01 2.138434608878170273e-01 1.926860682698747912e-02
7.549763161707680581e+01 2.088967313296744566e-01 2.923009185560783429e-02
7.652649281674950998e+01 3.672395108029352651e-01 2.430926618991428173e-02
7.683103621675981287e+01 2.686890047203285281e-01 2.132952499010471945e-02
7.579096951573934859e+01 3.538463624776659877e-01 2.166678480955202060e-02
7.567733973913580314e+01 1.770701277078200742e-01 2.071335149739272213e-02
7.585573051219270724e+01 1.209627752291241587e-01 2.247639887262789168e-02
7.702534211224278238e+01 5.628356475208950993e-01 1.809171949599677406e-02
7.552128810345092802e+01 1.990578969560758416e-01 2.101776539749759462e-02
7.626231818055835276e+01 2.288703665213250860e-01 1.914668350242029402e-02
7.408133433311064664e+01 4.026376747833246839e-01 1.624058897720894248e-02
7.602534364858702531e+01 1.673306578702220826e-01 1.715925073433378911e-02
7.578040884648247300e+01 3.088709153039169708e-01 2.234015861230493477e-02
7.749907508348621832e+01 3.832710942769356199e-01 2.469348557632314659e-02
7.750610410994313781e+01 3.669707881522697446e-01 1.982094050917563438e-02
7.706911190625505981e+01 4.173009285961656878e-01 2.316373579495627222e-02
7.460537240296389427e+01 2.258539846905352477e-01 1.865924827302202840e-02
7.683962102073590472e+01 3.078653580929440192e-01 2.554570065097835907e-02
7.737523662874428965e+01 4.299170468677206425e-01 2.588068568039164630e-02
7.502300609534128739e+01 3.582635499455775752e-01 1.703644370265650770e-02
7.441093366864080849e+01 2.812528867944164013e-01 2.646213153964513051e-02
7.652074201011846810e+01 5.117809371605892554e-01 2.086453729399078902e-02
7.850780275359291238e+01 3.277521225517051051e-01 2.010965998123773885e-02
7.478060991207850350e+01 4.210562740292768114e-01 1.755060912711961518e-02
7.541295236059127660e+01 4.381230563762572028e-01 2.564986667705345183e-02
7.719205136721068072e+01 2.737808865945018932e-01 1.975133724241340608e-02
7.600014560230414418e+01 3.882518180672397956e-01 2.757836423655721930e-02
7.642814655519840983e+01 5.074891085357358111e-01 2.437655813674664135e-02
7.582520060588558408e+01 3.928711406128975181e-01 2.832165989614035886e-02
7.805828898334134180e+01 4.286891344599080833e-01 2.012524123735609516e-02
7.584330674594407640e+01 3.676069503561391061e-01 2.816572924522461885e-02
7.649376912221445934e+01 3.554531871868810700e-01 2.025072124057118381e-02
7.573210893736879257e+01 2.937865493356082158e-01 2.066061456217331907e-02
7.777809999623983117e+01 2.860286221469198198e-01 2.025664427273844367e-02
7.519462233959349362e+01 3.816631066473155087e-01 2.666672770106479420e-02
7.768449784595675567e+01 3.303364524695710513e-01 2.280172821111822387e-02
7.590644967782996844e+01 3.628018679694522408e-01 2.153153732926446282e-02
7.611826438725148591e+01 3.237753692277129391e-01 2.220449894338365204e-02
7.576584756515444496e+01 2.857503207921966437e-01 2.832859518864172532e-02
7.877054676884638695e+01 1.895633051465956120e-01 1.385623802743385889e-02
7.510284717219185779e+01 2.996711584961445074e-01 2.436966102945003348e-02
7.665125294204827355e+01 3.272031136780468308e-01 2.258017339979462995e-02
7.536791384337163890e+01 2.855877228247380994e-01 1.990197781280099096e-02
7.447578366112814763e+01 1.938689795277404038e-01 1.452894604254800423e-02
7.682410822368377978e+01 3.345354948572416554e-01 2.298078634182411373e-02
7.422034501019753350e+01 1.616433313948396622e-01 2.323519726954387937e-02
7.328133035833394615e+01 4.324629357599804602e-01 1.110577003159614502e-02
7.690334489192497358e+01 2.211415375243037107e-01 2.511660348864186779e-02
7.926816091391650332e+01 8.268223698788743081e-02 2.339208364810072688e-02
7.425183728640625702e+01 3.526768922217504154e-01 1.899135529974686071e-02
7.618978232246185200e+01 2.188313723671763134e-01 2.380751760730000222e-02
7.461164216202962507e+01 4.341637262898740413e-01 1.800365704092593902e-02
7.465730932259691599e+01 4.694936823340698506e-01 1.967149925458949733e-02
7.796763597044203209e+01 4.321356129313342342e-01 1.610660631811495005e-02
7.597501019906324871e+01 3.221037939663574101e-01 2.744538146334848591e-02
7.649751771336711670e+01 3.276292621096459357e-01 1.902497762391069588e-02
7.600944296414536439e+01 4.404592085678324387e-01 2.001807488193890067e-02
7.566500272870182187e+01 2.535492834386313121e-01 1.729870656665286749e-02
7.465790400395724191e+01 2.349624691673520838e-01 2.730936719829426054e-02
7.585340073943250161e+01 3.804411668556098580e-01 7.908504790727634640e-03
7.662831130896587695e+01 2.938647295630886225e-01 1.765151208346093376e-02
7.624095995742113985e+01 2.604174746187972178e-01 9.639634537129970066e-03
7.698224794117193426e+01 3.343017561348193278e-01 1.846857339147389351e-02
7.509381462792757134e+01 1.630142483892864924e-01 2.109215954667345225e-02
7.767344096022536348e+01 3.303166476741038471e-01 1.325482143369353071e-02
7.628511672703839963e+01 3.046657037753272013e-01 2.421484695645965968e-02
7.666673317741172866e+01 1.141774658900762685e-02 2.265971807038271585e-02
7.505652059049592140e+01 1.678271258551300993e-01 1.908061751037285966e-02
7.647097110903001749e+01 1.459265389713175487e-01 2.343695813198805669e-02
7.682333884753160191e+01 3.146976196299497985e-01 1.576768960864854269e-02
7.508062199581071638e+01 4.125932131580227757e-01 1.262818201709314629e-02
7.712447046081918245e+01 2.934800840869563054e-01 1.953251463588850240e-02
7.435191229458668261e+01 2.953283369871413377e-01 2.299310007810427547e-02
7.472358991214801449e+01 3.598635867251845366e-01 2.043420611550742644e-02
7.541624438616769055e+01 3.954673086491304335e-01 9.257284053763139078e-03
7.640668074874371030e+01 4.719435158073292391e-01 2.702411287366176390e-02
7.644980672053851833e+01 2.798319223869153993e-01 1.689852411440180210e-02
7.575707420609435871e+01 3.643807247917906222e-01 1.606222533922235796e-02
7.681742381805038633e+01 5.233160518003323602e-01 1.969813056035417051e-02
7.471560519671669454e+01 1.755255253683587202e-01 2.378812464249549161e-02
7.600025382103956417e+01 3.976830896064053045e-01 1.739690610166171048e-02
7.689062354753983186e+01 2.941700826550274761e-01 1.642680948622463749e-02
7.565900152119762367e+01 1.902945644576763407e-01 2.970419296869079157e-02
7.596361818644152208e+01 3.744514088682195929e-01 1.738112618111805133e-02
7.500807217802018556e+01 2.866119489082064598e-01 2.537167089453267604e-02
7.553926820860171176e+01 2.229468027270584685e-01 2.075836216765435810e-02
7.655902260071775345e+01 4.742848168853183166e-01 2.172561208962192625e-02
7.670399267853123604e+01 3.819275236920321448e-01 1.437553472227985282e-02
7.509666792953045444e+01 2.016103710394349657e-01 1.350172802101636330e-02
7.685545987487040520e+01 3.390050091663755483e-01 2.038778567361682753e-02
7.346728348459772917e+01 5.155476858618618374e-01 1.563769754071436119e-02
7.811181275593895634e+01 1.650758519348683728e-01 1.603706751923640594e-02
7.385715061749037602e+01 3.462124975942697525e-01 1.462801550823789043e-02
7.498699984590165002e+01 1.727485782825602667e-01 2.379197591579445409e-02
7.677146365156754371e+01 4.912033891078785297e-01 1.665508965330256969e-02
7.627881937104680787e+01 1.810664802598048462e-01 1.836566330373015643e-02
7.554115468671882638e+01 3.564449957495420818e-01 2.496108198252776356e-02
7.705106669083150450e+01 2.257187727782389297e-01 2.487057514450243673e-02
7.601591486289220256e+01 2.775403104102984742e-01 1.654384640576137336e-02
7.550006420563845211e+01 4.842313846196233396e-01 2.149956471460499202e-02
7.623461184750121333e+01 2.837753141463053019e-01 3.193160298262453373e-02
7.736501048884642273e+01 2.378937885201207192e-01 1.866529241607500431e-02
7.584575545662909235e+01 3.245871978282599546e-01 1.657938540179787479e-02
7.649881652336169680e+01 4.552088132039314727e-01 1.359205800485773982e-02
7.493185326290793569e+01 2.616841444702693309e-01 1.786928995069351350e-02
7.805846587474593434e+01 4.101709220014838619e-01 2.460645049813787316e-02
7.579563430648660471e+01 2.813686593213186038e-01 1.291851017675415235e-02
7.684174022804782567e+01 3.591054604808785466e-01 2.627315787647943601e-02
7.584917028664384020e+01 2.958220853799602978e-01 2.082949038322261248e-02
7.695189757550710397e+01 1.629784377902520898e-01 2.359051772555304655e-02
7.603950443782717628e+01 2.041362732046303474e-01 9.831191450467968024e-03
7.592352628812164994e+01 4.547712983274070364e-01 2.816919349629948971e-02
7.641537621067010377e+01 5.062005663842248371e-01 1.979053130265002666e-02
7.701330355164277819e+01 2.648769111093572937e-01 1.748976175958951926e-02
7.538249088311935964e+01 1.039471052875687307e-01 2.627849882900932729e-02
7.541836756086198079e+01 2.298561220244803582e-01 1.424404057749914347e-02
7.585564056346372297e+01 4.863492310559742737e-01 3.021355536986691792e-02
7.439913312419791680e+01 2.745552004023717463e-01 1.495435234100634878e-02
7.704833774121152601e+01 3.386593547293926809e-01 1.689478376887885297e-02
7.613257308059101547e+01 2.622581378592291346e-01 2.787437119207266875e-02
7.660695951501604384e+01 3.769823420916438295e-01 6.990646448620010597e-03
7.599321132117118793e+01 5.183210959059034728e-01 2.646892229286187601e-02
7.421291041407970113e+01 2.786574167316405726e-01 1.413892943454282160e-02
7.777110156036287947e+01 3.344278282275908731e-01 1.625465580618811606e-02
7.609415794354079310e+01 4.926344709315161330e-02 1.470750583679718629e-02
7.609644372582631888e+01 3.945675368453322451e-01 1.053017502147638590e-02
7.567884469229757372e+01 4.109685738518821796e-01 1.291973988110598978e-02
7.628918283478417095e+01 3.165974503106003257e-01 2.836283083100781671e-02
7.582986380688836903e+01 2.928399401624929843e-01 2.417053538129116524e-02
7.473365133195065368e+01 2.879116793449141287e-01 1.777695116663165556e-02
7.592108818729489883e+01 3.948406448962837878e-01 2.270322675649840555e-02
7.531131769147133070e+01 3.236699203327212393e-01 2.727044689805133842e-02
7.522863430120270323e+01 3.245166780397012452e-01 1.905775279542132328e-02
7.599699498416322285e+01 1.469342377750599282e-01 2.688177002103514512e-02
7.528564809911182465e+01 4.126071970153533108e-01 1.696889459489019092e-02
7.543449534810423529e+01 4.313123250465467073e-01 2.484821757794109659e-02
7.626866589896398807e+01 3.861150549806319776e-01 1.859242546216390360e-02
7.605163237228111939e+01 2.438375607536180656e-01 2.441007292341590418e-02
7.536658666883265312e+01 4.585156344937852957e-01 1.845934552039110027e-02
7.608050856401634121e+01 3.858728020654334512e-01 2.011641181068088771e-02
7.576209168571469377e+01 3.069976552191528429e-01 2.436008952954919066e-02
7.539714777786329591e+01 2.973762992726735055e-01 2.005017915774378115e-02
7.692458519552765495e+01 3.000154626128563318e-01 2.882097119265230462e-02
7.590346142228490578e+01 2.862316361594720027e-01 1.916569696771838055e-02
7.474335857134198591e+01 2.063273153241315105e-01 1.741138102566296142e-02
7.719582984885013843e+01 3.066873940637989682e-01 1.763588200187460320e-02
7.728653474560660186e+01 4.651177132892260757e-01 2.612381688247688086e-02
7.520691000276484317e+01 2.604751379806344302e-01 2.884749302592545805e-02
7.630113969200002089e+01 2.832372935103921185e-01 2.350413639673579191e-02
7.706729906735812108e+01 2.528550429071735328e-01 2.107043882253625128e-02
7.698656006921706307e+01 1.939712854040146761e-01 2.006022174354214760e-02
7.494561034694928026e+01 2.116419503073189157e-01 1.725317035375461411e-02
7.653711953787947664e+01 2.777977371361865511e-01 1.683698475625167862e-02
7.611155456332495817e+01 1.953037271733570335e-01 2.209172301382395301e-02
7.719138676195831295e+01 3.020795959011988163e-01 1.901146832536483935e-02
7.643344035321557328e+01 1.071530581168455010e-01 2.261862173950179161e-02
7.916188580374486605e+01 2.977323778885279659e-01 1.941890227455448509e-02
7.680360700009968866e+01 4.745332668197962400e-01 2.475594070455675727e-02
7.390439312141644734e+01 3.663398837662746876e-01 3.254600070849597571e-02
7.668244104675946460e+01 1.945398086728250542e-01 2.137477865570055688e-02
7.477931274865893840e+01 4.332803689268859837e-01 1.533715810718085104e-02
7.613424363469202660e+01 2.242219998008152249e-01 1.733439971927809228e-02
7.754615064586049300e+01 3.203457164893697140e-01 1.727218305499648651e-02
7.491477202911327993e+01 1.228298513600563635e-01 1.389619203159665056e-02
7.617195924144438379e+01 4.080233768722663634e-01 1.726657808574535991e-02
7.763054360071902238e+01 2.382499577771773069e-01 1.883896720546400505e-02
7.498042327966274456e+01 4.090761734567855967e-01 3.023175909290033367e-02
7.429818303906380095e+01 2.753837931365301639e-01 2.616965779048797958e-02
7.461305447857439788e+01 3.666683906971086593e-01 2.595840097662229645e-02
7.613822881435683598e+01 3.650263070940132915e-01 2.858976773720784542e-02
7.800842655410114901e+01 3.038032786965517151e-01 1.740303488146715399e-02
7.514001988892630379e+01 4.076964150428712408e-01 1.330841191321478767e-02
7.580742596200879291e+01 3.202689770954466053e-01 1.754632920624997830e-02
7.633982026501912799e+01 5.664513318292758726e-01 1.940683614465101361e-02
7.562459437257261641e+01 4.115331824381852632e-01 2.116870070314888844e-02
7.749933577121137773e+01 3.264687619819718334e-01 1.878817947331203400e-02
7.427627511190544851e+01 1.480265306188259800e-01 1.104537224181901048e-02
7.643933916628424186e+01 1.737750520132540222e-01 2.612476763863113768e-02
7.609024656485595983e+01 2.855813080898331191e-01 1.588363377949103539e-02
7.668225874827021471e+01 2.295502180457588692e-01 1.519327802892741011e-02
7.724834992060534944e+01 3.454621160775022681e-01 1.885400278903281990e-02
7.670143298473371374e+01 3.108931873110698518e-01 2.186835683147162965e-02
7.524315209762454515e+01 5.170398608910622418e-01 1.717258552353060838e-02
7.761601632694997477e+01 2.911131150695523417e-01 2.393705910075591414e-02
7.679422349902614542e+01 4.246851755150045649e-01 1.589939655041880395e-02
7.713563540127886142e+01 4.946439850911440450e-01 1.873808302808850287e-02
7.609470606714212693e+01 2.576553357519845711e-01 1.831006706251170693e-02
7.777142279893249111e+01 2.095765473869795614e-01 1.540429842999623336e-02
7.767090093641438386e+01 3.724548425888362102e-01 3.034326950752451110e-02
7.560956136217414780e+01 3.226281137237569374e-01 1.677718564013754021e-02
7.620330116864769820e+01 1.325903302715696064e-01 2.334124173978052719e-02
7.638347408349234513e+01 3.042445337534080974e-01 1.809578378244065811e-02
7.516524601263189709e+01 3.827712912032761317e-01 1.428736592339801756e-02
7.657189591204924284e+01 5.174451394809457261e-01 2.724644628606974830e-02
7.455487205732934797e+01 2.563261939656696908e-01 2.205585727100164983e-02
7.598971807798565692e+01 1.700594281717578704e-01 2.187959000718776165e-02
7.604998310488370805e+01 5.014325408603781398e-01 1.876473803601245646e-02
7.722800338532658770e+01 1.832911596870024362e-01 1.498532049806581244e-02
7.678166195980949738e+01 4.183730780607374800e-01 1.532979158012491572e-02
7.608407740648391382e+01 1.718420826470921925e-01 1.911600084729034310e-02
7.689692278562412753e+01 2.665041500863855051e-01 1.878519655637169231e-02
7.493020460170394870e+01 2.451641586375074011e-01 2.857615081080165306e-02
7.613292489171713839e+01 2.097692233349401914e-01 1.846452707357077241e-02
7.446257237883344260e+01 2.085840307859787579e-01 2.663580360510465345e-02
7.591751757561340241e+01 4.990730176101206284e-01 1.953488859270216538e-02
7.602402130380851020e+01 3.740894158542123482e-01 6.962987403807796571e-03
7.626493932365357864e+01 3.051013511939048017e-01 2.724897021226901223e-02
7.702467939416361276e+01 1.966308314453199257e-01 2.605921277379307649e-02
7.579768547441901205e+01 2.195546773703954679e-01 2.096147927254245202e-02
7.585723064433618390e+01 4.638465314028523689e-01 2.166157087068882811e-02
7.626565892088601117e+01 4.000647082855439685e-01 2.533108106386688929e-02
7.684360509429730257e+01 4.519463472814953531e-01 2.296918250201848005e-02
7.622765146472670494e+01 4.339172062088029191e-01 1.955660419472127556e-02
7.609324651634466363e+01 4.821576917296914733e-01 2.791182501441576147e-02
7.605182419307668340e+01 2.646448422694382963e-01 2.713743170833414139e-02
7.686041835791522203e+01 3.415581254197362915e-01 1.842988921858563708e-02
7.639169657871460117e+01 3.078291540112297331e-01 1.675932595330245981e-02
7.618904232858723446e+01 3.365424045639607287e-01 1.816880455160863050e-02
7.696382568860951778e+01 4.388832392310988983e-01 2.473120826173372255e-02
7.578375161478601285e+01 3.855821504188371995e-01 2.038029949980507335e-02
7.482425402143404369e+01 3.772729378497745589e-01 2.071283727296072477e-02
7.865354800206931429e+01 4.557270863278559681e-01 2.346902515577816567e-02
7.630917050128817891e+01 3.263722255058018051e-01 1.510395412861898629e-02
7.432101277280008844e+01 2.227440890918434835e-01 1.976723405770521719e-02
7.395446072179102259e+01 2.555678207727251072e-01 1.879213154573450631e-02
7.584457344651454491e+01 2.438276401811855232e-01 1.833407895423707148e-02
7.778389382812386543e+01 3.762145281490603121e-01 1.726682547854561239e-02
7.599165221163804063e+01 3.071686664347733076e-01 1.625387593297487193e-02
7.529086978225615212e+01 4.110524020326712935e-01 1.795227132918626387e-02
7.496530361296913725e+01 3.056859655930557196e-01 2.057565733233718969e-02
7.408729577580616876e+01 3.059253642182807043e-01 2.423404846023541684e-02
7.651122938552182973e+01 5.329795115194970734e-01 2.610297308444965714e-02
7.750893402475085736e+01 5.900085935914326507e-01 2.369832322816877238e-02
7.622307020793270738e+01 4.073740293431332149e-01 1.727201739807320002e-02
7.616768631949497603e+01 2.452272356921686436e-01 2.194138808567259319e-02
7.540809091198018166e+01 2.413071500138282421e-01 2.201694289319758302e-02
7.592228855921943875e+01 1.172478864283252875e-01 1.289972233506297625e-02
7.491273350853853685e+01 2.217028093886025397e-01 2.202157721696896761e-02
7.627893884707164318e+01 4.165279371699199262e-01 2.367220401435010321e-02
7.713190295618265679e+01 3.708396191459122915e-01 2.102282589800726770e-02
7.715935174228765447e+01 4.019412791740099578e-01 2.183461154904385929e-02
7.733107187086014278e+01 7.542117574966031301e-02 1.858310646760756232e-02
7.575420953434827709e+01 4.252682877481570589e-01 2.766534144854033983e-02
7.460982062978973772e+01 4.511167174149275927e-01 1.428563323889624898e-02
7.491878475443917296e+01 2.865714297672635191e-01 1.844777330667031826e-02
7.450158272028312467e+01 3.749877973492566907e-01 2.331415816939805957e-02
7.711404159616367338e+01 2.666544670222134594e-01 1.980691358550025136e-02
7.602957283509735475e+01 4.787995441468464453e-01 6.174415694472103894e-03
7.510305565101090508e+01 3.105540842791797429e-01 1.470453543943656995e-02
7.580167964272888526e+01 2.973924463630090442e-01 1.679177507906112754e-02
7.612446892610267923e+01 3.728149277757813462e-01 1.884748075594633310e-02
7.560680526603127305e+01 2.934235083346127815e-01 1.996372513831419851e-02
7.431968043466558527e+01 3.561553917961278737e-01 1.779999400269856313e-02
7.732153507481105237e+01 3.691053475642474546e-01 2.570764099619344059e-02
7.504899620628509638e+01 2.728613358812573275e-01 1.393922689045166280e-02
7.535480879107068120e+01 4.352105424508591613e-01 2.725605159962192839e-02
7.491186670519553559e+01 2.641722331682716529e-01 1.962831379500512563e-02
7.664560564180978020e+01 1.340189736463507364e-01 1.218048740717834859e-02
7.654962614387240194e+01 1.150961431082075381e-01 1.782050045785917025e-02
7.622209180855884370e+01 3.515665969933117196e-01 1.930869221685935569e-02
7.569424328095247745e+01 3.944570859716479694e-01 2.139124842129637785e-02
7.541298337804853702e+01 3.137722896682238471e-01 2.186911718368874519e-02
7.777823724145137874e+01 3.886323668291579159e-01 2.592466759001924026e-02
7.544939260370037459e+01 2.575817093744997566e-01 1.885180491310736728e-02
7.591642735336183989e+01 2.091975042197109502e-01 2.617528598320399344e-02
7.694335163775879494e+01 2.794322138698492886e-01 2.313029584884806686e-02
7.628289916300383311e+01 3.819827980931374545e-01 1.344240427548473032e-02
7.591433892680257145e+01 3.041961472094204533e-01 2.304215658347147019e-02
7.543156239881787428e+01 6.000692759176035063e-02 1.472341601130282632e-02
7.599895201428908820e+01 3.163884225503331704e-01 2.821340547621943584e-02
7.664274644065810094e+01 3.181530279231489233e-01 1.984199377179786394e-02
7.716418338216969630e+01 2.509889547842562019e-01 1.931568884028976238e-02
7.497074187986170557e+01 4.518906048695303657e-01 2.191462896098348226e-02
7.535247670399606079e+01 2.985544989681692130e-01 2.248610128393307636e-02
7.580928108727772496e+01 2.565529378287398909e-01 1.680842104397886963e-02
7.639896189924111525e+01 2.741945720789314977e-01 1.778654763530367749e-02
7.472393824494459125e+01 3.177640576527169802e-01 1.911598322540532593e-02
7.573835165135804459e+01 3.298770677488718217e-01 2.364879152554096725e-02
7.676156547194047164e+01 3.652728500899762865e-01 1.882599864080135993e-02
7.549300166405876666e+01 2.056084358677562618e-01 1.710655362274106361e-02
7.607965009513657151e+01 2.313713878347517239e-01 2.046857141032899091e-02
7.509454332208814265e+01 1.439008110992977818e-01 2.399710302860875652e-02
7.558558540463415909e+01 2.262966346776108806e-01 1.466416028635395864e-02
7.648303597473039872e+01 4.474907711467966953e-01 1.803378604387246772e-02
7.584443662533742270e+01 4.171631839889072269e-01 1.116855753971554913e-02
7.802686864291267455e+01 5.544100302326369079e-01 6.798353515023983565e-03
7.596249677108325216e+01 2.381052968130436542e-01 1.870843038583056700e-02
7.564161493038407968e+01 3.911759098479358210e-01 1.945087850259516818e-02
7.514909278580005036e+01 2.927814838704875799e-01 2.251114261932882915e-02
7.487627867223471867e+01 1.453766311030019465e-01 2.972069658944058793e-02
7.541757332029156657e+01 2.962647013080477176e-01 1.805953460572891356e-02
7.660808770408213775e+01 4.872789923091043751e-01 2.282894556941114303e-02
7.454163485246000675e+01 1.715876572991470173e-01 1.805383036425894233e-02
7.579176680046673198e+01 1.378048730453399207e-01 2.399678497646068678e-02
7.497367944211852375e+01 4.593301562125755577e-01 2.888113462051571101e-02
7.581174646736782563e+01 3.538972640418184823e-01 1.399050135568682095e-02
7.668367632647911591e+01 2.601807576565630109e-01 1.469641306542266573e-02
7.577066501174701330e+01 2.634251991594637188e-01 1.841385657071339249e-02
7.700967990281635878e+01 2.314692407364267179e-01 2.846352682816525106e-02
7.473494036717464439e+01 4.715430273178595755e-01 1.504141160045515194e-02
7.605898676746338083e+01 2.609803886521980254e-01 1.832327477298607496e-02
7.686135723635554484e+01 4.599826797228810937e-01 2.580743758514947306e-02
7.565514366765815168e+01 3.284255222404553476e-01 1.618498598210554862e-02
7.506844968742531421e+01 1.953699094271331149e-01 1.786549606349205344e-02
7.630960563101494643e+01 1.188184840248495133e-01 1.977388437765480178e-02
7.757602512454953114e+01 4.221911069074125167e-01 1.714544352913821568e-02
7.466312709071721088e+01 3.559830306464826788e-01 8.695471950207315365e-03
7.717015411588268137e+01 2.886412542116759683e-01 2.893317229549951727e-02
7.433303451442353094e+01 4.018146225207833155e-01 1.950971299115025065e-02
7.572894946852791520e+01 1.730156534787855305e-01 2.290608734981325334e-02
7.673613738477685331e+01 4.885127801965889471e-01 2.491731835541752260e-02
7.546610467104426334e+01 2.096137416382485297e-01 1.332443203159811365e-02
7.753322434563946786e+01 2.321825715722133920e-01 2.722063350717711036e-02
7.658507204086207310e+01 3.429902881593960284e-01 1.850308140214488792e-02
7.672067291300224667e+01 3.084529237163197712e-01 1.819895955381068200e-02
7.675600478664820514e+01 2.956027890778869516e-01 1.610568400615206355e-02
7.665982677546065815e+01 3.036014344371434914e-01 2.238492688662343730e-02
7.560614014164580965e+01 1.890878695319044012e-01 2.846377542689890877e-02
7.760661141076357694e+01 3.983784961261961355e-01 1.810824055914988726e-02
7.575968202683893082e+01 4.482327445896464591e-01 1.827399981674432752e-02
7.542744396365270632e+01 4.972234675636453272e-01 1.976742594334696471e-02
7.782842532851384476e+01 1.701608089309998018e-01 2.252773113553415557e-02
7.813108259921661158e+01 3.129750744658861827e-01 1.871217320844977341e-02
7.489224808240157927e+01 4.182343054435247454e-01 1.624327764565518251e-02
7.596519144061001327e+01 1.865497720207388577e-01 2.759460780535333280e-02
7.721488531072569117e+01 3.068415250786868942e-01 1.437000519225888756e-02
7.759590704924264060e+01 2.734068272952852596e-01 1.460875687406088322e-02
7.429788198752746098e+01 2.454034868106225176e-01 1.290420428034175747e-02
7.543717916347718244e+01 3.844408733697715075e-01 1.816877968792569159e-02
7.641569338211371587e+01 2.376665340467767895e-01 2.031789788470356878e-02
7.798090082208602780e+01 2.751513921973103294e-01 2.187526554936419093e-02
7.449447277253156585e+01 4.620106122416870464e-01 1.767216278563480542e-02
7.711053364990650039e+01 2.976819704241094877e-01 2.298331397571125312e-02
7.673101242721099879e+01 2.647559660487283084e-01 2.532637285737488961e-02
7.530101513600689600e+01 3.877934220027542955e-01 1.809655954065106723e-02
7.640955794863205597e+01 2.638006997645738760e-01 2.024378524247119962e-02
7.498530629830823102e+01 3.347556984688794257e-01 2.021555041443700435e-02
7.551984644592752716e+01 3.044972033609703588e-01 2.065368037155078038e-02
7.544364294673488303e+01 2.971241424270330556e-01 1.509486858100038409e-02
7.840573303896100299e+01 4.159118660208185325e-01 2.133216636893439655e-02
7.723211292747669177e+01 1.120747523316222016e-01 7.523513473980456348e-03
7.566070893825009591e+01 1.721435856397890984e-01 1.884582671000814905e-02
7.626565664059489791e+01 4.020414498340611487e-01 1.444749275963310396e-02
7.645963068616006808e+01 3.114389693152232463e-01 2.169516736552724173e-02
7.554022804924640866e+01 4.483135139862119978e-01 1.949507976375743426e-02
7.783418222350377391e+01 2.309611346317776426e-01 2.362354799978318848e-02
7.600033151943947018e+01 2.772257583333236353e-01 2.308446507545144910e-02
7.576082652081041147e+01 4.380346628426717848e-02 5.059179886954595293e-03
7.733242216028405380e+01 4.330258457879695988e-01 2.920654120124852038e-02
7.604247175171782658e+01 1.807365198002108542e-01 1.795324954804389597e-02
7.607142451536131489e+01 2.092961775714890504e-01 2.804182791694569132e-02
7.829950287964373956e+01 3.578280700730177566e-01 1.994700611366733919e-02
7.476503302152556785e+01 4.646433896156051402e-01 2.037222834560510620e-02
7.577083560158939690e+01 3.581174088674537459e-01 1.714287059029665633e-02
7.620687517312181569e+01 1.657533149154339913e-01 2.530286433781675504e-02
7.595558895886432538e+01 4.258800860634012198e-01 1.901884791296771030e-02
7.592380029121602547e+01 1.887682571708042545e-01 2.370613157569826171e-02
7.518416004597690971e+01 2.613577626800771547e-01 2.000510822479286202e-02
7.618122418368935200e+01 1.393903059782240772e-01 1.887411772932674758e-02
7.685523021864371174e+01 2.721661965476097622e-01 1.890374754042282307e-02
7.622240605084273568e+01 2.974039567453000688e-01 1.497309511030436857e-02
7.602365387633309979e+01 4.094073170005896323e-01 1.487231245235565505e-02
7.568551811051418099e+01 1.718368676064922773e-01 2.459210707556265876e-02
7.596764179316213017e+01 2.249800366394136830e-01 2.045007609825940167e-02
7.485639978510454284e+01 2.066504468539593353e-01 1.287739741535716756e-02
7.499322076244260415e+01 4.457337583999806396e-01 1.642381301813367750e-02
7.652622512265148202e+01 2.263698580044078423e-01 2.370504266225960735e-02
7.503391799906869153e+01 3.139227927761756298e-01 2.025781126765341042e-02
7.838780533642659520e+01 3.730425287980165261e-01 1.710778529595476452e-02
7.674504896365051820e+01 5.238174470485208456e-01 1.205055565617416981e-02
7.521751795743126934e+01 2.863102440886706179e-01 1.796542328223438637e-02
7.572724330167012852e+01 1.795767734406756855e-01 2.684856611487811129e-02
7.463739140152338791e+01 2.899787190377500767e-01 2.510161264273511050e-02
7.602981514285414733e+01 2.120605833097231052e-01 1.342109435915142535e-02
7.583000080397222575e+01 2.342970434149533321e-01 2.100112727659989367e-02
7.465854885227582827e+01 3.913035736887621741e-01 2.056365621055836548e-02
7.624983639435248506e+01 4.541076778240016876e-01 1.786441220306406868e-02
7.533418330526677664e+01 2.552236371653126557e-01 1.906084600232556964e-02
7.596903510520867542e+01 2.269302263398226827e-01 1.013129144861922397e-02
7.549907099912095987e+01 3.459825666286889811e-01 2.066467466465118225e-02
7.725955446982582941e+01 5.055486543963788604e-01 2.370406717784618797e-02
7.744252064240822619e+01 3.866774292263119861e-01 2.834097198013357799e-02
7.791085363429127142e+01 4.051165170778927016e-01 2.344575681182724594e-02
7.585476782806263429e+01 3.058662719036089883e-01 1.835201301780359923e-02
7.668125161089506037e+01 2.379651962640651486e-01 1.906777458643946557e-02
7.370483011482170355e+01 4.823089894772509822e-01 1.892451423128625049e-02
7.651558043733658110e+01 4.557786694711402076e-01 2.146484603629843918e-02
7.750434370209343626e+01 1.858262187848633007e-01 3.169451994925708699e-02
7.714711019848876106e+01 3.309202492486640890e-01 2.695160650061192986e-02
7.489136511401062535e+01 2.811385121230506323e-01 2.704512388488965885e-02
7.419293981910503533e+01 3.660457774958805199e-01 2.259598126753733713e-02
7.802922581682216219e+01 1.517044580277763510e-01 2.785185881478845910e-02
7.550052925685109528e+01 2.652990540088144833e-01 1.403900299044003389e-02
7.497214796253307156e+01 3.503522347453922325e-01 1.457399065960314315e-02
7.680028433365291107e+01 2.437033953030246503e-01 1.408276192268952294e-02
7.553219085364010255e+01 3.436707191756305790e-01 1.864705725887307736e-02
7.609421011833279636e+01 3.796207461836084152e-01 2.528010464203389596e-02
7.574990469141057758e+01 2.055777984423841354e-01 2.037119258010983494e-02
7.653064958610407587e+01 1.639274694028049484e-01 1.565556928288983074e-02
7.534081310403706766e+01 2.892177811279623700e-01 1.628763949450348289e-02
7.676704072509690491e+01 1.494866798541582553e-01 1.229405513563695124e-02
7.572611118848854517e+01 2.924347195860143023e-01 1.290417622996046891e-02
7.545325115735244026e+01 2.698956182580910523e-01 1.808147342916026704e-02
7.621188148328928946e+01 2.438421115576437925e-01 2.720895756101596868e-02
7.654820463973356937e+01 2.292886479358677843e-01 2.046103167496376996e-02
7.618401531860560283e+01 4.314721474497781317e-01 1.707130522479828605e-02
7.682733869772057744e+01 3.141854475782477341e-01 2.727593422657934724e-02
7.735089145263941646e+01 3.296979304592600468e-01 1.872057258040946137e-02
7.656660590967945268e+01 2.919549972872834132e-01 2.819662002916261193e-02
7.613847007817700785e+01 2.694357367487162924e-01 1.775797518988328841e-02
7.484696441480129181e+01 3.656559128093322952e-01 1.599994535297803722e-02
7.715814825218774331e+01 1.807064945998426708e-01 2.062068999499146529e-02
7.721022375849744890e+01 9.477529353763636255e-02 2.984519777459603007e-02
7.563471480280189496e+01 3.241095382162139105e-01 2.278755719764070237e-02
7.678612905611555561e+01 3.373883938259681914e-01 2.486529065222618448e-02
7.657907071292181911e+01 4.860881140032303760e-01 2.254793923343706083e-02
7.802463551988309121e+01 4.001078840237656253e-01 1.119146280113042513e-02
7.867110267838783955e+01 2.525655891522781138e-01 2.729533665952066021e-02
7.608679344311944703e+01 4.161090257602579889e-01 1.664156628845954097e-02
7.668574454308958366e+01 2.846809454605594425e-01 2.770245420287750782e-02
7.649866816741700859e+01 4.035942641301566436e-01 9.443527456228924602e-03
7.597442732021137601e+01 3.510551635058295483e-01 2.109080442165710972e-02
7.702115721371785639e+01 2.734095754862545524e-01 2.023798587821771036e-02
7.724122676441498925e+01 8.213109965546430691e-02 2.287488049579678578e-02
7.572611517400645198e+01 2.187681875446378377e-01 2.164167914280966040e-02
7.728745129680865489e+01 4.139143831484181080e-01 1.934091204435790801e-02
7.693574096376094928e+01 3.968067898445843955e-01 1.957379868052113933e-02
7.536691944801179943e+01 2.464765968877670188e-01 2.408708950667384080e-02
7.601785318628731147e+01 2.053817780269411586e-01 1.178115689995548783e-02
7.689183145209638326e+01 2.553221577735775849e-01 2.161164758856576676e-02
7.729970690706912251e+01 1.791075523146514747e-01 1.977981765603490164e-02
7.588930585378113847e+01 3.479742875627960808e-01 2.604468291912407502e-02
7.473054818533759658e+01 3.669797948705766921e-01 2.503182329265220274e-02
7.587362293604321906e+01 2.962553007106876191e-01 2.204121643407279396e-02
7.640481707788978838e+01 3.682352607367122554e-01 2.273795378732301059e-02
7.507802769438434609e+01 4.090266497704943549e-01 2.569162518141579823e-02
7.624608289369029990e+01 1.605844693450333149e-01 1.944026484878004501e-02
7.625440587694056660e+01 1.955399762213182735e-01 1.824322895816091195e-02
7.465063061244146070e+01 3.707292224986443729e-01 2.080953812147342055e-02
7.441421683518575492e+01 3.451464861581980403e-01 1.972434659809614230e-02
7.657641428275441342e+01 2.708467566244572300e-01 1.609034438661939570e-02
7.528915537354220078e+01 2.561829783451595177e-01 2.009182973941974273e-02
7.620795846542479524e+01 2.909280122191897355e-01 1.793502659026088158e-02
7.570859673199451834e+01 5.607724785506933429e-01 1.624036511464288512e-02
7.550202799145381505e+01 6.393854108368148825e-01 2.205372342663684121e-02
7.468001933409630055e+01 3.942687203977263133e-01 1.556078590633586459e-02
7.696906150780509392e+01 2.889037720629318295e-01 1.785465439273459937e-02
7.766916496882758736e+01 3.666401352659244828e-01 2.474628993877662358e-02
7.649491967951995264e+01 2.655555476206901133e-01 2.298221668418638092e-02
7.726921539268445827e+01 3.234738043517553230e-01 2.878850050900734828e-02
7.691048720320191023e+01 3.311982549771612105e-01 2.122676356594057484e-02
7.619723712896762891e+01 1.848761214405008346e-01 1.956062343507997472e-02
7.628118648534116630e+01 2.683914878733471010e-01 2.164720496929119567e-02
7.608130749035511542e+01 3.873691891098768325e-01 2.323469454178405530e-02
7.622715328758484077e+01 1.732787108698001510e-01 2.873523287161546674e-02
7.591810900142885998e+01 3.019113546304867945e-01 1.832916659171030319e-02
7.557158834393446512e+01 4.644058048000523908e-01 2.676119180676136619e-02
7.650439340357768003e+01 2.992499845569274730e-01 2.302008773177440654e-02
7.613379698176937893e+01 2.909777081676900856e-01 2.164929717807966003e-02
7.561884225305455232e+01 3.352264264003432248e-01 2.099619963717870921e-02
7.666293602125792006e+01 2.480863042524391049e-01 2.346407977012946941e-02
7.515368850704949466e+01 2.527433348378761435e-01 1.741987776026466400e-02
7.498794822762631895e+01 4.115662283385662645e-01 1.527291475029367122e-02
7.536108366259333025e+01 4.355407710486641770e-01 1.721666974705536243e-02
7.587185731486189866e+01 2.087970999083464119e-01 2.406317662254968404e-02
7.690673624419106602e+01 3.838945904123446939e-01 2.262209672289728843e-02
7.613358911101947513e+01 2.575623333062015408e-01 1.602453996748282386e-02
7.734990552676167397e+01 3.864804271726590135e-01 1.661802815999793154e-02
7.609983176822314022e+01 2.799884907014986712e-01 1.449653314289877856e-02
7.623765137662130087e+01 2.684507335760804025e-01 1.535347967660641126e-02
7.458086744585824590e+01 1.536196499794328652e-01 1.818816523075785646e-02
7.597490502957508340e+01 2.224699189837683888e-01 2.317433867149867183e-02
7.599445345821703768e+01 3.676885310598649870e-01 1.910775224298679256e-02
7.527288236479289196e+01 3.214117571138613849e-01 1.384061213649598679e-02
7.659943852063665304e+01 2.162850793486866263e-01 2.447918305626072683e-02
7.572154425375808273e+01 4.162533516309916970e-01 1.452378932395943789e-02
7.538223029927118546e+01 3.480934946848570632e-01 2.570974191915490620e-02
7.772660890831492964e+01 3.141366163680872625e-01 2.896461283310612644e-02
7.577033545017457072e+01 4.198767622362972740e-01 1.540399513678387608e-02
7.648020050686325533e+01 7.583069591435542822e-02 1.452882433339939584e-02
7.652667679808077139e+01 1.787561147799476557e-01 2.208268102823992413e-02
7.696645812081236215e+01 2.598679807281721876e-01 1.527340021622342406e-02
7.558581338414526840e+01 2.134187680815814447e-01 1.950627532675162229e-02
7.616209062488808001e+01 2.793989876903191227e-01 2.816760604969181445e-02
7.534059618031302819e+01 4.491433179255311936e-01 1.492078421311163888e-02
7.613277756994155254e+01 4.283105408548069648e-01 2.551881537684545440e-02
7.563974210229976336e+01 3.655069720071345007e-01 2.205453211543524986e-02
7.552006082140725596e+01 3.715949937148074200e-01 2.908532766854816237e-02
7.653170066506262970e+01 3.666356379070671023e-01 2.327880477171076837e-02
7.459902339264486670e+01 3.560224673206288659e-01 1.504019719590962180e-02
7.547011305930220715e+01 5.261941781188502754e-01 1.876457751385946296e-02
7.531982589570577602e+01 4.252582578901392130e-01 1.537718535198840525e-02
7.561258085581032162e+01 4.349052167986167117e-01 2.020862226979492499e-02
7.449840295487346964e+01 3.643989614322619142e-01 1.806602008757800595e-02
7.759985148653024112e+01 2.493813052365866367e-01 2.512793157915086187e-02
7.783569803236571261e+01 2.249056776188429474e-01 1.905749745971613285e-02
7.644862527414444742e+01 2.242654247445825533e-01 2.131851193516014903e-02
7.583507971249400725e+01 2.854932428406634637e-01 2.023872386686883726e-02
7.613126471557856689e+01 3.263880769076040189e-01 1.707889587582056556e-02
7.550482827565025445e+01 2.981412411175169419e-01 1.978167004275221963e-02
7.562115066005338804e+01 3.423939642086017976e-01 1.114750366499903805e-02
7.532953374109105482e+01 2.820072173797145698e-01 1.582382835594826898e-02
7.768919801480889475e+01 3.118861846724951814e-01 2.086229111329708855e-02
7.557676929203454108e+01 3.084221079627039175e-01 1.407193432047446763e-02
7.589018296390493390e+01 2.162991571404244140e-01 1.864681178167725689e-02
7.350008343369751174e+01 1.971996791556474282e-01 2.714110441226504078e-02
7.689039774910754943e+01 4.419039335915231348e-01 2.676937204717523902e-02
7.673298742416447737e+01 2.647131314620865261e-01 1.494023928650915767e-02
7.720674460544969975e+01 3.164567974387390570e-01 3.216596495796052169e-02
7.569490202398924339e+01 5.072895854780480329e-01 1.923516199660607259e-02
7.739604859725869801e+01 4.796691737232454678e-01 1.501000035033798682e-02
7.557500192170913067e+01 2.067020774301469022e-01 1.400027078898427590e-02
7.672706685052494890e+01 2.903371629750978178e-01 2.025544547897627570e-02
7.661623913497328431e+01 1.242613166285085335e-01 2.627690733637587719e-02
7.571090583666008911e+01 3.632401306237857397e-01 2.302786750843193592e-02
7.743079656076383799e+01 2.995142612216966649e-01 9.640792882717410042e-03
7.611712761345356171e+01 3.300706858161601143e-01 1.495482507736528230e-02
7.620749065443294512e+01 2.738981565273708174e-01 1.344998073520726513e-02
7.673148489500928804e+01 2.536274849102203577e-01 1.801766236713624875e-02
7.559742115271291141e+01 4.335478597464146877e-01 1.980040896695906341e-02
7.613909982054582315e+01 2.659363845613602617e-01 2.225788693782880523e-02
7.740931804845067177e+01 3.747860817486506346e-01 2.335057054309686020e-02
7.666623020588434656e+01 1.719757356688836614e-01 1.572624960146761647e-02
7.585501260640087651e+01 2.374135957506774419e-01 1.480713646460488780e-02
7.418782425912942813e+01 1.753470786865858888e-01 1.874865581784097499e-02
7.599057363318111413e+01 2.306946223869424384e-01 2.038500103747915154e-02
7.562616635909162710e+01 4.190573587373848108e-01 1.921158163890323428e-02
7.675633088140172333e+01 3.303213762294692768e-01 1.316062907685826809e-02
7.596934182426282689e+01 1.864375900671316200e-01 1.947258127699062757e-02
7.531486918276931419e+01 3.481963033484808401e-01 1.345193006114048066e-02
7.607470182527943336e+01 3.672415582563193781e-01 2.442729546004387964e-02
7.529583224211577885e+01 3.117750972207175009e-01 2.089827791664182130e-02
7.760712627954276854e+01 1.618669939249862966e-01 1.555559734111683357e-02
7.886446249273608089e+01 2.826902716044025210e-01 1.077563995169134210e-02
7.547744985665183037e+01 3.311267785356375448e-02 2.117522298759099211e-02
7.686978476027822182e+01 2.188337623831246859e-01 1.770378574511460162e-02
7.698365415536891021e+01 1.349784535153929488e-01 1.355331116000221651e-02
7.583188481828436522e+01 2.347665162533181527e-01 1.856650293915322950e-02
7.479624968059347623e+01 3.314313485921507874e-01 1.927203373082932505e-02
7.660919049423303306e+01 3.300399500480292181e-01 2.100824425607816445e-02
7.461369264546988234e+01 3.592591551644871983e-01 1.838601755217345382e-02
7.589340169235038047e+01 4.148264376390810027e-01 1.649055826089319485e-02
7.741118432845900088e+01 4.544475299373093025e-01 2.367211920665547586e-02
7.507937918923258280e+01 9.137067543730681418e-02 2.526260933785337212e-02
7.617138506133107967e+01 2.354802529178537385e-01 2.572469435978342808e-02
7.519844111912219375e+01 2.675844741769057289e-01 2.256044080154631301e-02
7.494639716838511845e+01 2.990519090392932400e-01 2.531286431177249413e-02
7.627111074362113641e+01 4.347426336823680959e-01 2.552976760002926074e-02
7.606773833442161958e+01 7.632586236426114334e-02 1.460598880382777201e-02
7.682333411238448662e+01 1.549748579714712859e-01 1.840637761664902505e-02
7.639848061368903132e+01 4.569570695761510093e-01 1.719502587095407889e-02
7.541651229091687014e+01 3.047554233504499721e-01 2.171177058443952285e-02
7.590575317260390875e+01 4.149268348885810642e-01 1.610173739986111088e-02
7.618016093337904238e+01 3.545212710247018784e-01 1.804764482972752784e-02
7.689970993655997233e+01 3.248958541242349396e-01 2.384802786903548327e-02
7.625410410804883554e+01 3.476404571487228257e-01 1.691516216171046194e-02
7.542922829480878022e+01 4.324396479928777071e-01 2.310005094887966973e-02
7.503703483377759653e+01 3.280863424654831273e-01 8.420604616900360592e-03
7.548605983630058347e+01 4.061027676619906046e-01 1.938953371360409988e-02
7.617791266966602848e+01 8.361875347978831030e-03 1.808656771640901675e-02
7.639827222382722027e+01 3.565289875398339747e-01 2.469441810407007123e-02
7.584974224822657618e+01 2.934344187375850788e-01 1.350186619800067093e-02
7.585547846082680223e+01 1.838424937602201326e-01 1.098599941558333140e-02
7.497482062988942175e+01 4.608684907803971553e-01 1.868018926091084483e-02
7.627987736302337396e+01 2.586503748801943781e-01 1.126560478316147515e-02
7.699611312492970683e+01 9.278018601444110169e-02 1.729369425955288447e-02
7.600538511914993478e+01 3.330489643429855318e-01 1.645624583156648710e-02
7.422203851694503385e+01 2.298906707664561677e-01 1.634752201161140256e-02
7.528690650484492153e+01 4.070058590207603633e-01 1.407998644810174414e-02
7.636097927443816502e+01 3.258297037217915970e-01 2.468514671937400290e-02
7.592686812826306664e+01 3.891130967197558577e-01 1.915990176539464351e-02
7.649439252658480370e+01 1.597058912752759297e-01 7.130350847360444541e-03
7.643754685356586265e+01 3.531183126039229569e-01 2.231952357635064860e-02
7.553506748524532100e+01 4.589722252210372555e-01 1.775669358177062521e-02
7.648087901967237201e+01 3.694636225004078733e-01 2.838409834023956566e-02
7.574297038021016704e+01 2.446807093770846930e-01 1.269197373455939817e-02
7.761236700666248112e+01 3.521410907048539984e-01 2.221005417509415783e-02
7.917670424132391815e+01 3.425044741186299424e-01 1.364721265804862138e-02
7.586409642500701977e+01 2.125217591151346563e-01 1.806893466057184205e-02
7.565741039724539974e+01 2.512975608932950244e-01 1.320349997387611218e-02
7.765250163367230130e+01 3.398848044438393945e-01 1.890013641609639833e-02
7.681763782951574626e+01 3.571067274849391016e-01 2.134483284264413611e-02
7.674499807276683327e+01 3.233934743758656860e-01 2.326937296093459229e-02
7.681311230087777631e+01 3.262718735032802964e-01 1.892490490977504630e-02
7.759039780145391774e+01 2.622098460226566230e-01 2.190884683135290584e-02
7.647390841073907097e+01 2.490442147736364464e-01 1.605940299848052089e-02
7.570614797913015082e+01 2.607783146824392273e-01 1.288716799200553473e-02
7.540850491748072670e+01 3.366222984634562043e-01 2.617533455682243340e-02
7.661439133517363587e+01 5.004655016297615555e-02 2.312831080369428388e-02
7.550184821410428526e+01 3.553080074687763323e-01 1.993104751604571692e-02
7.586731237391317961e+01 2.997764272037858890e-01 1.989061313039131723e-02
7.740440497209024784e+01 3.080339812914912323e-01 2.529529821064000275e-02
7.699990586584566188e+01 3.767045547583652843e-01 1.128478624326986410e-02
7.717663265616161539e+01 2.642098705864411867e-01 2.349135259060864539e-02
7.508746716675959476e+01 1.914925956696744147e-01 2.964092066746926851e-02
7.510301693316188221e+01 4.246106639051747678e-01 2.057766010456839670e-02
7.563987994163983331e+01 3.055171115669793602e-01 1.365319757789604238e-02
7.604624562039077773e+01 2.017259686104040384e-01 1.807100588139519057e-02
7.698529956396957630e+01 3.354190676557657347e-01 1.276990000546086856e-02
7.691148812691386638e+01 3.092900238090857679e-01 1.735519381263737199e-02
7.680667630390892953e+01 2.932793163022997529e-01 1.431384712241115693e-02
7.790780971144960176e+01 3.082712557109012486e-01 1.960299900252577068e-02
7.565489482826940559e+01 4.279965739457589624e-01 1.743961703345346323e-02
7.451502014118840123e+01 2.421322338104021366e-01 2.647207122173069610e-02
7.689213216145711272e+01 2.844984347340138719e-01 2.669880556897792634e-02
7.680794222882188649e+01 2.833410636365393254e-01 1.919068363365326879e-02
7.638931773194543950e+01 2.268113050336184044e-01 2.002197592931390796e-02
7.636851336461329254e+01 1.413033761391460086e-01 1.907648623137610938e-02
7.575694381463431171e+01 4.128068019960322577e-01 1.100245368872666135e-02
7.567849398029629526e+01 2.618245352635413248e-01 2.468327299473951561e-02
7.601645343063511007e+01 4.896094645652369626e-01 2.323030918003115425e-02
7.564977700581047770e+01 3.339658696558958639e-01 1.827283507624654496e-02
7.691939609049042303e+01 1.767802286708987924e-01 1.598197084599349560e-02
7.651568991855492641e+01 4.325756448723621084e-01 9.258689774930736402e-03
7.743447121599041338e+01 2.959864871571993850e-01 1.081036603933091013e-02
7.305827215811066822e+01 1.570613934191720240e-01 1.990387875197364986e-02
7.599410196219112379e+01 3.733200434709310067e-01 1.731957474360505678e-02
7.495195945355382605e+01 2.686913612339106860e-01 2.016395261908086531e-02
7.629077279495527364e+01 2.310835300727593911e-01 2.439730097724565616e-02
7.543860322827596576e+01 2.230282637675096158e-01 1.735418775869126962e-02
7.713484017570260676e+01 2.967203547059340529e-01 1.661212925331818566e-02
7.698610775044853938e+01 5.242748539948746123e-01 2.102284211858023236e-02
7.729384246086543442e+01 4.136077950574789663e-01 1.704565974800813233e-02
7.608663418047623850e+01 1.817455370296012507e-01 1.900028162750421953e-02
7.543380963087427915e+01 2.697114042824365066e-01 1.634197545668128471e-02
7.577290319180443134e+01 3.632232686264914578e-01 1.941711263200002202e-02
7.419562680224461815e+01 2.353879435101513817e-01 1.258829584117925580e-02
7.630406022598177174e+01 3.603317364054187677e-01 2.125145474075202517e-02
7.527259560670061944e+01 3.346853929131216043e-01 1.770675972795670780e-02
7.492177455024975075e+01 3.841929919708930163e-01 2.399037928645742640e-02
7.700889548108351335e+01 2.491651399967543812e-01 2.575298689118575221e-02
7.556641774867193817e+01 3.753501321538513236e-01 1.750774311333328989e-02
7.583601783625422854e+01 6.788221426108104195e-02 1.852725261260041237e-02
7.615108996678503672e+01 2.689950382636161486e-01 2.856677106382994949e-02
7.489753391467472454e+01 2.536418762896074375e-01 1.558598726836169131e-02
7.549622302100452487e+01 4.131413062940705316e-01 2.720991119183884671e-02
7.535920738908106387e+01 2.376992457276796422e-01 1.435547000685895129e-02
7.736628538651930853e+01 4.221004406916302742e-01 1.948301560981079497e-02
7.466390080369312443e+01 1.793337434543747777e-01 2.083233878236387046e-02
7.660933791844649932e+01 1.033855194978851588e-01 1.843263458274203501e-02
7.767829588955738984e+01 2.882490793369714699e-01 2.726652727214938510e-02
7.670904612895569130e+01 2.015720399164642185e-01 1.857233515438119070e-02
7.593130576145530597e+01 2.147488431906493522e-01 1.526893647409297006e-02
7.756676859211856367e+01 2.122639380307048129e-01 2.526066378735941642e-02
7.562351552163498525e+01 3.074360670116827454e-01 2.274070447921254859e-02
7.546144132709532926e+01 3.667904313494533275e-01 1.001741609976398821e-02
7.649970738841463458e+01 6.314698754283637472e-02 1.889343060147093828e-02
7.691424298531849502e+01 3.722295306058375775e-01 1.366629034652711711e-02
7.489033560390647892e+01 2.411327959677365129e-01 2.090837006028358619e-02
7.402806680995630018e+01 3.086776424151441711e-01 2.151916767707348632e-02
7.577696281912902521e+01 3.625320968053051818e-01 2.109133735768880039e-02
7.551834574060110583e+01 1.163810639740509578e-01 2.065079551985767384e-02
7.510692463477002434e+01 2.521657375138454671e-01 2.233719130713700610e-02
7.747733338343435605e+01 3.061939876557990825e-01 2.270275529973595635e-02
7.461552065884711737e+01 3.345523580995034552e-01 1.970777591376993848e-02
7.728922758062618925e+01 2.559541523971243238e-01 1.882127991628111674e-02
7.711881446713279331e+01 3.007966207605350384e-01 1.459101765225722519e-02
7.861163327329012418e+01 2.021407236663266549e-01 1.968438984609988465e-02
7.640668815602560926e+01 3.367617509031114453e-01 1.907442095606634927e-02
7.587523962947369682e+01 2.865068133712044829e-01 1.455642020199330623e-02
7.821021921442273594e+01 2.880009082286623112e-01 2.291185850157607604e-02
7.572534714231839814e+01 2.745236327644516305e-01 1.777832359673341134e-02
7.451015421201074673e+01 2.939378859879230865e-01 1.801459680819790174e-02
7.723152450918477996e+01 1.903299882415484534e-01 1.718464791436655897e-02
7.516155953324592076e+01 4.542530394011808914e-01 1.575898319583086959e-02
7.662229984472614319e+01 4.070161473405979891e-01 1.928720531016873962e-02
7.468318899905953856e+01 1.735846141236309648e-01 2.419397104778575613e-02
7.479940598120013817e+01 3.492026611059912411e-01 2.055780053571022725e-02
7.643713248431103580e+01 3.571584807845887832e-01 1.544550836869316296e-02
7.508447182098525730e+01 3.814927134100402628e-01 1.693002628992977196e-02
7.330985150799484984e+01 3.748755297883865079e-01 1.494506688746942251e-02
7.652713587790525196e+01 4.492821849316969152e-01 2.008176808420462228e-02
7.705576583166353544e+01 3.253797680536202330e-01 2.774355769824950191e-02
7.499789289124289837e+01 3.091785019583510041e-01 2.328371514654374586e-02
7.586958824298996262e+01 4.252218996652669669e-01 1.789249005116692534e-02
7.812937115162888801e+01 5.222197504272245716e-01 2.137596095720634137e-02
7.661260118035461630e+01 4.291671435624637709e-01 1.420879317576894188e-02
7.474799998542221147e+01 4.356418913857634800e-01 2.133652913596584960e-02
7.583349475402020801e+01 3.111123302881160790e-01 8.360773305541123815e-03
7.586943768554300505e+01 2.346953260806776131e-01 2.447839821275650182e-02
7.705503077838400827e+01 3.676680234129910407e-01 2.192906657950800808e-02
7.456265325127974108e+01 3.690643079996874243e-01 2.307023388060187516e-02
7.730519265376872795e+01 5.218209812430196770e-01 1.174360647038239641e-02
7.567152317438178954e+01 2.357733362842355240e-01 2.084149847992719171e-02
7.607340185821803402e+01 2.865917926919854253e-01 2.501270420195694788e-02
7.495858578881922085e+01 2.058878532607393841e-01 1.500377916537540268e-02
7.569967241257401724e+01 1.871409784088153838e-01 1.976306590829624010e-02
7.589450980536913960e+01 2.313484886000919949e-01 2.426227441003022539e-02
7.600049947171326892e+01 4.162647364031804020e-01 1.904853731119789118e-02
7.603580511176865286e+01 2.537217595318289054e-01 1.996562663153422096e-02
7.677223130613204205e+01 2.688665767729702116e-01 2.252883884163250916e-02
7.524725303895425554e+01 3.859050565522209597e-01 1.717119108628328145e-02
7.691167987322904764e+01 3.160976542433664993e-01 2.741928650434665229e-02
7.490593227374579044e+01 1.623823226688131671e-01 1.699406221475333045e-02
7.467538905196569488e+01 1.717265105571722239e-01 2.303195492907256572e-02
7.605582120658733913e+01 2.620319023295741290e-01 1.811237757411984436e-02
7.546276233567365921e+01 4.750369167819044058e-01 1.641216727979006446e-02
7.473786610191670832e+01 3.896050617486327972e-01 1.894753354464477624e-02
7.809877368881788584e+01 2.573794361205864467e-01 2.412675209637459711e-02
7.714219733059930206e+01 2.578664167797996010e-01 1.637599625410226384e-02
7.680136653093090615e+01 3.674891917913930550e-01 1.311897511848328368e-02
7.493156436369528706e+01 5.635699950519945656e-02 2.290432611696976983e-02
7.579817280686425818e+01 2.937849579024717772e-01 1.174905318194217896e-02
7.496189764691067126e+01 2.622041087432434026e-01 1.672036292610818917e-02
7.617783607551763225e+01 3.683468126631813666e-01 3.107128082578144990e-02
7.603998296996907413e+01 4.215402663096945446e-01 1.595135230741573373e-02
7.438505368502464421e+01 2.747698353289875217e-01 1.220623552256467487e-02
7.607467316716910943e+01 2.319545875491334785e-01 1.046696884509958070e-02
7.779602514586018458e+01 2.562438286894619943e-01 1.201161315636976520e-02
7.695817179050729351e+01 2.371385637460714513e-01 2.531788309117396357e-02
7.532660566532194935e+01 2.559102309737202874e-01 2.168210589988803227e-02
7.665321938070411534e+01 3.868483737340598361e-01 1.956223834766181169e-02
7.658861672155458677e+01 3.845628606923420234e-01 2.097838604178951100e-02
7.591734188673571282e+01 1.654705051768869672e-01 2.292280076478043355e-02
7.610217369914114727e+01 2.686384147649292231e-01 2.623300665166663700e-02
7.463216636708668261e+01 4.744036315364886236e-01 1.989134986031967922e-02
7.637751817850289626e+01 2.704955885469729204e-01 1.186793701208131539e-02
7.592039010153422396e+01 3.434744906892792660e-01 2.329866071415899464e-02
7.586196680156109551e+01 9.074601587955816173e-02 1.247970075813353320e-02
7.811201962376330243e+01 2.007464016227884507e-01 2.696121686945955609e-02
7.512591326258240088e+01 2.917544090272132240e-01 2.304979638829221522e-02
7.523980555341913146e+01 4.692215135759054134e-01 2.036940662472395622e-02
7.652085084629966616e+01 2.832392991980874353e-01 2.321326969276629737e-02
7.763879273984986185e+01 2.968714062376785479e-01 2.843762336950847111e-02
7.544840419162088097e+01 3.864096039351709866e-01 2.238592359142951155e-02
7.499141792731762735e+01 3.313809704637331599e-01 2.003593140414815926e-02
7.520680782372315321e+01 3.458002434194126229e-01 2.071360754199276857e-02
7.598741305269278712e+01 3.031422530941315086e-01 1.956092556622624629e-02
7.569230037875367145e+01 3.239834095014981763e-01 1.685895506164009419e-02
7.871680949147000206e+01 1.690666754534684013e-01 1.714762889153922248e-02
7.555425789542306347e+01 5.140493414324537325e-01 1.356031878059756404e-02
7.648592229798610731e+01 3.348394065046539914e-01 2.162732831548560067e-02
7.729634316261093829e+01 4.315829359747088700e-01 1.780021060234088931e-02
7.625401744949398619e+01 1.235897967847855994e-01 2.048338052937526479e-02
7.526601057216808499e+01 2.913617574039483737e-01 1.177867383016246300e-02
7.646487228671907133e+01 1.403431304424392068e-01 2.072333954532481343e-02
7.483349440697745081e+01 2.250358964864115352e-01 2.563283952461055046e-02
7.664791794591361906e+01 4.249203137670543029e-01 2.760842503659166267e-02
7.528716129286023317e+01 4.598971662440871633e-01 1.285119192107852734e-02
7.680610033454490804e+01 2.606662285400028756e-01 1.546195052371065158e-02
7.667446986730443825e+01 4.044951525169213080e-01 2.446472383730021946e-02
7.627485988889479529e+01 3.231957301329239085e-01 2.257008090585318344e-02
7.636376407551719581e+01 3.641355839585980192e-01 2.099511932249129020e-02
7.690278382450637196e+01 1.472792193449571907e-01 1.935964158494445780e-02
7.467615350615442082e+01 3.376702017604884531e-01 2.800941549196925978e-02
7.558591521805303159e+01 3.227252030297215191e-01 2.369017909717872905e-02
7.399227706823347717e+01 2.577889517855811996e-01 2.177812516718463653e-02
7.316300527434272283e+01 2.123191506925028449e-01 2.537003889454287481e-02
7.706299690045072737e+01 3.474318227370100098e-01 2.430340312167403663e-02
7.627510423442146248e+01 3.655394907442314767e-01 1.846022581053359188e-02
7.617581268292209984e+01 2.467629613584177428e-01 2.616333338625518798e-02
7.758155940950220497e+01 4.479912800697073427e-01 1.800922555279091397e-02
7.510622596063491585e+01 4.376973660750163031e-01 2.265320586629957639e-02
7.638858434152363941e+01 2.466367915054854254e-01 2.207640884213056195e-02
7.497472194033807114e+01 3.734062356079032030e-01 2.672627658344493146e-02
7.769104554390796125e+01 3.808524054109815871e-01 1.325843146526282067e-02
7.625733013094603052e+01 5.239681744057713697e-01 1.576287029052544225e-02
7.600081842708978286e+01 4.513524351800977108e-01 2.301040937596871006e-02
7.854015632448511042e+01 2.367130616771411511e-01 1.517192299638623482e-02
7.728412543583517902e+01 1.904121371728463852e-01 1.904015615210958093e-02
7.599435345514042695e+01 4.135989473385922044e-01 2.299642911231827846e-02
7.651706491417687062e+01 2.697569122098333327e-01 2.592684887357045442e-02
8.008582404272726762e+01 3.791282098922915678e-01 2.048620589047237331e-02
7.476213702900784597e+01 2.462518550682846474e-01 1.895751105391559055e-02
7.552539975973286346e+01 3.083922165473151900e-01 2.867324915515750278e-02
7.730716691736922996e+01 2.941167283531745946e-01 1.410595148943482625e-02
7.739736764290240956e+01 3.050945726538635272e-01 1.157804670437875480e-02
7.677243011849303400e+01 4.125686684233465518e-01 8.166300463733320442e-03
7.523544535786709275e+01 2.989545988692285938e-01 2.358298005516398788e-02
7.554425341537583449e+01 2.267858098026063474e-01 2.354716707161113448e-02
7.559167762668583634e+01 3.642054650548697259e-01 1.457797241475809399e-02
7.470766698076360512e+01 3.855269157570396787e-01 2.123180444057177693e-02
7.698245573323620761e+01 2.567406999078558072e-01 1.612143754887929159e-02
7.742071888754091447e+01 1.577041236005529701e-01 2.610468638624695303e-02
7.738050470748238752e+01 3.960089514266075250e-01 1.664484138043683878e-02
7.524347616327463584e+01 2.889944227001800536e-01 1.368273328374926961e-02
7.509830600124639943e+01 3.744734291509045909e-01 2.316755665475198761e-02
7.501042517346505178e+01 3.776121935300074672e-01 2.221611368653563998e-02
7.756988625457709929e+01 3.669136441867521525e-01 2.516381001821647867e-02
7.653707759093020968e+01 4.079929109697187917e-01 1.372137972405963399e-02
7.593825554288909530e+01 3.061017231772470426e-01 1.881097586860838028e-02
7.650388663031672820e+01 3.734379654495750822e-01 2.191344915644462613e-02
7.588305611877866852e+01 2.364269920154875027e-01 2.535212719100602211e-02
7.640973281661383965e+01 2.081386141600591322e-01 1.905518272366037158e-02
7.431670032229264677e+01 3.135370614347443019e-01 1.903229296293367998e-02
7.548553304964465838e+01 4.684600189803529435e-01 1.436022380711164670e-02
7.676639295168233446e+01 5.286708160931873346e-01 2.525496538398384547e-02
7.602846121790223322e+01 1.965931360576672615e-01 1.335579426056363039e-02
7.564844830504247852e+01 2.412999266086091610e-01 1.649001507825301194e-02
7.573368654452875148e+01 2.997752907114313303e-01 2.236688754948925120e-02
7.482220378053757770e+01 2.417756203866949782e-01 1.922111179110984683e-02
7.586451480657673585e+01 4.936423707413423179e-01 2.113291020840906212e-02
7.444641018804057353e+01 3.518181361586764644e-01 2.266177425728770067e-02
7.593487197175527115e+01 1.886603325590798796e-01 2.857587656250469912e-02
7.499011608641875171e+01 3.760772206415933239e-01 2.097585623933627061e-02
7.666081054902977598e+01 4.806857924167330376e-01 2.273970181532212337e-02
7.550133577295646603e+01 4.205992275127961033e-01 1.692146609734575952e-02
7.622355801139526932e+01 1.806916391984209891e-01 1.495960376908901310e-02
7.611138667043618966e+01 3.468086708580871980e-01 1.169565549906814370e-02
7.655728736800067225e+01 2.280571023401702369e-01 2.624238056424959414e-02
7.570803557117550042e+01 1.976377730450014081e-01 2.036977833150854789e-02
7.514376499892127015e+01 4.368945141433125956e-01 2.000258637821024366e-02
7.590832337690672205e+01 3.691801018931007983e-01 1.509781736975466734e-02
7.477084634467148305e+01 3.508351579441637003e-01 1.463575264385946761e-02
7.495998984625055073e+01 3.936756031220887686e-01 2.256128834138507178e-02
7.480617045754709693e+01 2.480863957058663527e-01 1.559155338562770790e-02
7.783631929804057847e+01 4.006010427570608767e-01 1.794709831216939611e-02
7.663619468934349754e+01 1.743813814069170576e-01 1.671879926249027898e-02
7.616486326594188938e+01 3.552230749145912636e-01 1.952458963164173736e-02
7.630801351071423255e+01 3.178336459953126081e-01 1.920206145354967295e-02
7.576385440780910585e+01 2.673735127322215965e-01 2.113140248111506497e-02
7.647081558919946076e+01 3.298359167318833940e-01 1.425074609755580535e-02
7.506107214885680889e+01 3.498881805948067525e-01 2.717889414961403849e-02
7.621241546155876279e+01 2.688331587523005717e-01 2.109434368508671109e-02
7.492317857748656706e+01 4.408943156536463404e-01 2.091021533906355437e-02
7.539054278678945309e+01 2.933204533907124989e-01 1.742909155090919052e-02
7.737166997681683256e+01 2.897759910552940577e-01 2.075788168836874628e-02
7.663372645665128857e+01 2.359233396235457803e-01 2.094492422504954862e-02
7.633443556939421626e+01 1.545921178979378641e-01 2.123266579891517139e-02
7.601423793505686888e+01 3.229966292115996618e-01 2.017380348044178762e-02
7.631916987295008425e+01 4.437343225676158021e-01 1.424630530690190397e-02
7.571784766449958681e+01 3.766618628962836723e-01 2.234597984257517822e-02
7.651940555334208227e+01 5.853577215673337886e-01 2.299578304447173760e-02
7.719093779625502805e+01 2.792927941147491655e-01 1.515652500537911090e-02
7.574568257076636257e+01 3.811960171343404258e-01 2.198452612111792895e-02
7.646325137059888277e+01 2.885655613202872116e-01 1.817657259115621621e-02
7.588014275570672851e+01 3.824475450165212842e-01 2.410110940570935750e-02
7.505375835032877774e+01 3.862342559431449218e-01 1.682575009387204945e-02
7.652892165184105977e+01 2.908034257537511769e-01 2.763799292311699962e-02
7.564192537101885705e+01 3.278611840894783414e-01 2.295899101248501453e-02
7.518604114987712705e+01 3.027142944573054661e-01 1.869958592866762317e-02
7.554618651659403383e+01 2.660276998516760139e-01 2.542446145432582932e-02
7.546144926523966490e+01 3.666407882671605667e-01 2.153460976600558158e-02
7.466301988422482339e+01 3.619169438426441121e-01 1.310481361093807431e-02
7.668809182816515602e+01 2.592808356869151787e-01 2.004081586954366972e-02
7.476572005037365898e+01 3.222382323604816023e-01 2.452170935595424442e-02
7.525303457197738055e+01 2.492832913855989041e-01 2.221766352959751029e-02
7.653961832364694828e+01 6.658207015914932581e-02 2.983125055503792200e-02
7.658855348354833836e+01 3.796918662452961613e-01 1.929980269920967412e-02
7.420464649144776104e+01 3.774722061250240235e-01 1.724298522814201803e-02
7.660393169418334480e+01 2.881198929737271430e-01 2.116116770300672037e-02
7.528500361859076406e+01 3.964388942678931382e-01 1.420302907581623419e-02
7.830556942533918630e+01 5.337948634987011998e-01 2.796438822178785866e-02
7.733547898577451463e+01 3.015451641766359048e-01 2.569047173535223688e-02
7.596382350172387987e+01 1.546482457754692896e-01 2.733268982453994356e-02
7.718882446292251132e+01 3.068660892344564628e-01 1.402349142765292600e-02
7.547379932342103359e+01 1.278854415112490039e-01 2.461015050057549849e-02
7.445669103313582582e+01 3.386830870146676498e-01 1.588442269375761953e-02
7.463329655500052695e+01 3.338355093278571606e-01 1.837171031555106734e-02
7.689818910542537367e+01 1.832394731271292931e-01 1.630578221720086624e-02
7.367235779150911412e+01 9.156533176720771383e-02 2.877167029257811370e-02
7.814359824409967814e+01 3.192726205223953007e-01 1.598132309313896743e-02
7.576155107450989590e+01 3.973574202486364060e-01 1.749078526916075099e-02
7.629763386704169648e+01 3.087243949518750363e-01 1.722530404837630327e-02
7.553380725400812423e+01 3.393320871685508444e-01 1.523469201762223633e-02
7.651172934562352168e+01 2.628421040350817917e-01 2.062130392511331983e-02
7.744396256616856533e+01 2.931807954773047453e-01 2.448685043996094018e-02
7.426796714411617018e+01 2.629636986359405459e-01 2.013506644427352776e-02
7.798333067920646045e+01 1.140047916740109524e-01 1.953068360052304109e-02
7.751668885091626748e+01 2.314979594733128088e-01 1.896176190036258369e-02
7.639173898505553950e+01 3.284508553722780277e-01 2.763790475831421831e-02
7.650847381007324088e+01 4.427772895514219265e-01 1.824386167165896813e-02
7.531947458874969925e+01 2.874276806980364252e-01 1.434583856893852788e-02
7.654351169621010342e+01 2.714121887244754228e-01 1.672298097571963196e-02
7.655865840962100322e+01 1.956284222025711506e-01 2.375854738466241442e-02
7.558166261150864784e+01 4.259096444094184197e-01 1.808420693546552646e-02
7.669190966655793318e+01 3.279562373772905715e-01 2.362878962787554743e-02
7.616994689214763525e+01 1.436602587656756191e-01 2.492094409386405932e-02
7.597231707754210106e+01 3.889516077354813195e-01 2.336705598472613166e-02
7.528670351898865931e+01 2.185204594824702862e-01 2.319685415340977733e-02
7.575675097058949348e+01 4.036429279466496878e-01 1.913072710798525283e-02
7.708340977744829559e+01 3.523304484209101584e-01 2.140475606689828600e-02
7.568598880125972528e+01 3.332427614061516663e-01 2.581879373147663234e-02
7.600578454133668060e+01 3.631174443683855557e-01 2.022614671341320045e-02
7.618460404274541986e+01 4.823410756938298904e-01 2.586209771238805535e-02
7.613940381519572043e+01 3.314454087936034021e-01 1.657624144609283479e-02
7.588702845373505568e+01 3.409397787548614778e-01 2.414933458326403923e-02
7.680922089691091514e+01 1.990740944095489573e-01 2.476576941794454353e-02
7.597122632062244918e+01 2.113008644322462160e-01 2.651894993869230097e-02
7.752327899673795741e+01 3.363746982340660163e-01 2.345752976539139043e-02
7.682744920874444006e+01 4.495772152812250733e-01 2.355155378259378082e-02
7.473231172256143395e+01 5.109807748971127994e-01 2.519832629014655268e-02
7.555047579472723385e+01 2.070374927642590346e-01 2.246250453855650614e-02
7.578173996163242521e+01 3.429995353998959162e-01 2.362637483550372383e-02
7.549355811200319977e+01 1.983892007315662398e-01 2.188204130669257549e-02
7.552661214472303186e+01 3.246095785732397987e-01 1.344718811237919504e-02
7.580781727552536609e+01 3.814951891039996545e-01 2.295576832998437455e-02
7.527164202912673829e+01 1.931735630681948312e-01 2.007689604756971932e-02
7.662103279701941005e+01 3.505175140192551275e-01 1.750165929579848914e-02
7.635782444248660283e+01 4.602355471275995091e-01 2.100070579175135344e-02
7.442685206418138932e+01 3.303200338100641953e-01 2.997052181079321725e-02
7.477260918688440938e+01 3.129724661829021981e-01 1.889592471691641656e-02
7.615588295927506124e+01 3.294252153153771623e-01 2.556083895640451006e-02
7.614478328640080917e+01 4.377259557212047070e-01 1.942606995713911169e-02
7.570986322602536234e+01 2.430817016961394073e-01 1.113616083356022864e-02
7.633578141192583644e+01 5.154000288471842772e-01 2.223529501115054444e-02
7.674674735416168403e+01 2.686968674985544814e-01 1.880812979866502282e-02
7.704464148833326931e+01 5.108693640289820870e-01 2.725828261364302355e-02
7.686524462972802496e+01 3.135150579390508785e-01 2.102301909398694366e-02
7.530649268057175050e+01 1.651832478697342899e-01 1.450342264507345838e-02
7.610980003452193898e+01 2.808007738573322642e-01 1.283199168429421944e-02
7.602267662095026424e+01 2.781569675534055208e-01 1.427878607178497371e-02
7.568982098937992475e+01 2.779046999283655839e-01 1.699201395158796840e-02
7.698667016477594416e+01 1.197098437906687907e-01 1.031317565506843260e-02
7.606328578444909283e+01 3.196127189392306001e-01 2.197178115131206630e-02
7.552102649172090310e+01 2.182076194907668354e-01 1.996431154782952674e-02
7.561842186465200655e+01 4.651071404655694463e-01 1.841840365890150266e-02
7.600681484828292866e+01 5.575418139597942968e-01 1.904995011350884421e-02
7.661615686519908763e+01 3.746309433386353360e-01 2.356781289618641376e-02
7.634948726541125552e+01 3.293840794410509698e-01 2.048943556018105461e-02
7.548400609776622616e+01 3.425518802839268573e-01 2.989583335329069197e-02
7.727068190896355304e+01 3.403918022224636797e-01 2.417477950295605221e-02
7.519082409126934863e+01 2.839487845800281463e-01 2.462365777650758758e-02
7.754716719345819342e+01 2.329133827904621978e-01 1.764103263696020774e-02
7.824137579387853236e+01 3.196261249768972412e-01 2.889444864731892382e-02
7.626685731727579309e+01 3.346180282325434963e-01 1.850980054800049901e-02
7.700255514151022851e+01 4.457777550303999581e-01 1.495120863345918497e-02
7.570754944777957007e+01 4.015078524374220414e-01 1.936805542544230152e-02
7.556661453146679719e+01 4.109542153869402137e-01 2.538269855957322671e-02
7.561035790932785972e+01 3.312366527987945508e-01 1.410500099558910717e-02
7.516451908952130623e+01 3.224165232133379688e-01 2.015320384185289443e-02
7.509312390826936223e+01 2.384026075274424672e-01 1.480466160997288144e-02
7.651505985691321143e+01 1.132360803308099795e-01 1.506547692897465193e-02
7.419705845216768125e+01 3.519020603857980767e-01 1.120617780461121045e-02
7.609172919853554617e+01 4.739524015747423324e-01 2.816309259156537723e-02
7.425409243082117428e+01 3.398409601630955623e-01 1.517574977375387921e-02
7.486686396428974888e+01 2.986530045609925854e-01 2.599166418016158817e-02
7.665965887422035507e+01 2.384859071517119178e-01 2.343919023126830523e-02
7.381629166811832476e+01 2.347054201566759479e-01 1.598101685511585032e-02
7.613832069173894013e+01 2.897172036340000534e-01 1.930989710429324366e-02
7.588528046989385700e+01 3.122407240989086841e-01 2.263478520467426119e-02
7.620933102610239018e+01 2.815648183395441650e-01 2.195974770636479126e-02
7.688612354365277213e+01 2.543974109277370443e-01 1.971023058208450779e-02
7.722190656304658773e+01 1.997239322732643485e-01 2.880342534758997125e-02
7.472084502526043082e+01 2.754635388795263484e-01 1.536492684450725676e-02
7.824792699686938136e+01 2.596649971152847902e-01 1.755687240717788977e-02
7.568925126006008952e+01 3.195602807893950237e-01 1.839784498095360654e-02
7.592711319537760062e+01 -4.292099530237375449e-02 2.027882846830159763e-02
7.607780662148664419e+01 4.138568797412393585e-01 2.638566316233854903e-02
7.587229193860819976e+01 3.916229081673955337e-01 1.462649375392777173e-02
7.682734234269611306e+01 2.527524200865423065e-01 1.422098796034119636e-02
7.587441132179594661e+01 4.500472447197779169e-01 2.088295383771144806e-02
7.755648814767837962e+01 2.351267286184196004e-01 2.511146880267312378e-02
7.540783996276306311e+01 3.325328671489203303e-01 2.105698940809470898e-02
7.672149173392416799e+01 3.350740619911327656e-01 1.639422176672284195e-02
7.694030695209256976e+01 4.831656594325394183e-01 1.715217842801893336e-02
7.422476792355496400e+01 3.599319568353788745e-01 1.838448588267244457e-02
7.592889714404471135e+01 3.656177755731012113e-01 1.777369546426537175e-02
7.579114802865633749e+01 2.999880483063413483e-01 2.716953140480495715e-02
7.609006960411358023e+01 1.864326419185039774e-01 1.416644643345797358e-02
7.619922992165960807e+01 1.970571999309020939e-01 1.237900738085775248e-02
7.669553599093401886e+01 3.784498402868644584e-01 1.820421202978608072e-02
7.635365929115171468e+01 3.288121644195500792e-01 2.293863115106871062e-02
7.666474990393980704e+01 4.942114124727736701e-02 1.882683434886637044e-02
7.657790418817813816e+01 2.689543408960985427e-01 2.017659824029183896e-02
7.681069998167808421e+01 3.180925233252162032e-01 2.735570447431642446e-02
7.718698625228113031e+01 2.981435847028566233e-01 1.903392111841571352e-02
7.320967589479863591e+01 2.773497803109474247e-01 1.339868832824133230e-02
7.628122954200063077e+01 3.252870711120001701e-01 2.339441832208184399e-02
7.745667047194820043e+01 3.073730570328031542e-01 3.112398200938144843e-02
7.629245144521991051e+01 1.789783606283366912e-01 1.725818597507258745e-02
7.568725329969217341e+01 3.692127151153378750e-01 1.537926877936926506e-02
7.576202411719060592e+01 2.938959719203913523e-01 1.781404484070466671e-02
7.687141538167972499e+01 3.741321388465355668e-01 2.569057139075102067e-02
7.572897481888880122e+01 4.302527567647901896e-01 1.334635567816075050e-02
7.467161569901014673e+01 1.886198313908786783e-01 2.004493508601019186e-02
7.726237811657776433e+01 2.497857919360369772e-01 1.767466631724664769e-02
7.584398204469066229e+01 3.672828123387654742e-01 1.767012047144110240e-02
7.552658304208350160e+01 1.754604736642309537e-01 1.721111653084331228e-02
7.723746175293533156e+01 3.190926008478476850e-01 1.639095360854675443e-02
7.729614397272894166e+01 2.514786497939812682e-01 2.692661258284129860e-02
7.746360697790009908e+01 3.156011626374668477e-01 1.269000230550396124e-02
7.834950061534576093e+01 3.487276056264546065e-01 1.842006329404590262e-02
7.701612791477505482e+01 3.802302787021347164e-01 2.639482121895824623e-02
7.539765221132010709e+01 3.418473412774392095e-01 1.421526716953689165e-02
7.672633439574123315e+01 3.077054630372812460e-01 2.137077685603323146e-02
7.591365027615952954e+01 2.849011179411639061e-01 1.576472598041602988e-02
7.685043021468423774e+01 4.589704036741437676e-01 1.728454459068251223e-02
7.661354050497109824e+01 3.532183624660242272e-01 2.003950151877492009e-02
7.453340426663528717e+01 1.798402648889407540e-01 1.619033194560209540e-02
7.392099527642807288e+01 4.508030729905614931e-01 2.179367428868152906e-02
7.603003895160088632e+01 9.097641807321713014e-02 1.110306899990048425e-02
7.605765861181303933e+01 5.070489965483977457e-01 1.659197953232642922e-02
7.692379801441244069e+01 2.620097592325039138e-01 2.026945980140910583e-02
7.727468384889293418e+01 2.754048369833455578e-01 1.663363459486764256e-02
7.747807055412476984e+01 3.145557821113595387e-01 2.532295166139592046e-02
7.537475110661532085e+01 4.506674208960975703e-01 2.133476719285175988e-02
7.649478762621465933e+01 3.231629311429174423e-01 1.753426838050486936e-02
7.605831718950503273e+01 2.657409762010633503e-01 2.468071250070627207e-02
7.585694283293133822e+01 1.603492772206100425e-01 1.180768909761324877e-02
7.433328184767957225e+01 3.717970757553941130e-01 1.438290579817831996e-02
7.636008577583857004e+01 3.236574517491413450e-01 1.968434831751328384e-02
7.649840520338237582e+01 3.258303537090526114e-01 6.781806132775852411e-03
7.573637475915151640e+01 3.525103134063430899e-01 2.800137956465853159e-02
7.774645761658250365e+01 1.736849486414743238e-01 1.829402293018159500e-02
7.449388518629200462e+01 4.619885075110082839e-01 2.494076199096854213e-02
7.641058788686318337e+01 3.266094861260210314e-01 2.673478585536329111e-02
7.727132519476013783e+01 4.258044696656121397e-01 2.222770663308419256e-02
7.571077170048583582e+01 3.867124832017557745e-01 2.398069222075665738e-02
7.586936253040803990e+01 2.748751081165758392e-01 2.552835741247907325e-02
7.772411610876960708e+01 2.350604219085233870e-01 1.871523572952207490e-02
7.641093307645469679e+01 3.586598997748610684e-01 1.745187141833514852e-02
7.794352063034403955e+01 3.522095265545170939e-01 2.259211418766123372e-02
7.781888408151175440e+01 2.650938374755409943e-01 1.956862499296449856e-02
7.480667777097836790e+01 2.927649527746421509e-01 1.273693890763237524e-02
7.680784935419318060e+01 3.519996750069992464e-01 1.864844240469004655e-02
7.595957629218214890e+01 3.861466415188990475e-01 1.445953128346391149e-02
7.626416786745252807e+01 3.799509806458744587e-01 1.130598011020857684e-02
7.674493800570202495e+01 1.425937536738433042e-01 1.942636837145593834e-02
7.489660889590477666e+01 4.531246579290014731e-01 1.435550705291537693e-02
7.440981010803461970e+01 3.233352141596315676e-01 1.798193668282525512e-02
7.455539477133606852e+01 3.625815199154849289e-01 1.028537042707473349e-02
7.502375902741687241e+01 2.524781729579215206e-01 2.391327996173239073e-02
7.735546836701315954e+01 4.202782247327572773e-01 1.925232297335496140e-02
7.363269175520484566e+01 3.490853021218558450e-01 2.717353043524201733e-02
7.729379040781357446e+01 3.562949009743719975e-01 1.419754749103193867e-02
7.553469299637158940e+01 5.033814398745675156e-01 1.308912422115056720e-02
7.491215877184961869e+01 4.042551551165284307e-01 1.789678417168035288e-02
7.487824487779538174e+01 4.627971178723015999e-01 2.224905355192751191e-02
7.567819883562282257e+01 1.954225164100484302e-01 2.998734909199969947e-02
7.603554818125338954e+01 4.497328062469494458e-01 2.435918802248507320e-02
7.553909843833676518e+01 2.587058885010218856e-01 2.705519462406790268e-02
7.752251733261998368e+01 1.223084023879265625e-01 2.268185493162045221e-02
7.593878519527638105e+01 2.066676837061494076e-01 2.127681021813267181e-02
7.471040320901360587e+01 2.633544645353900204e-01 1.610500618160991271e-02
7.556020873584400022e+01 3.028521506338008873e-01 1.504601628338787106e-02
7.763317902887330035e+01 3.593283233394125586e-01 2.875396599210758644e-02
7.589992003092197592e+01 2.551210037702890676e-01 2.857763714386843401e-02
7.548194026012602365e+01 2.921707978010875117e-01 2.351242639266983014e-02
7.482227419170271787e+01 3.811294684793650189e-01 2.284559544470537995e-02
7.732932531803783149e+01 3.990044503010141130e-01 2.634135781891498024e-02
7.594957809949158900e+01 2.237329681292939410e-01 3.029261177601640098e-02
7.453330438447802919e+01 1.673486921126192128e-01 2.275672214882356811e-02
7.768498604817735043e+01 3.289550845914164801e-01 2.487465219366929992e-02
7.406419727252804819e+01 2.600455037818862891e-01 1.085879118466702778e-02
7.684041095822865941e+01 1.552768673410985234e-01 1.376673733642611031e-02
7.657402520496140141e+01 4.161824352017729489e-01 1.922454581351601757e-02
7.663017250410851489e+01 3.637788166873092144e-01 1.894913727101233195e-02
7.496529451711374747e+01 3.664891406884642766e-01 2.299071068670772294e-02
7.695402440309025849e+01 3.412066424078897264e-01 1.430000042205206712e-02
7.675034016136918069e+01 3.098618919771658486e-01 1.764518319842271754e-02
7.576536416280629282e+01 2.409742821609620056e-01 2.433582331148502129e-02
7.464188526641997612e+01 2.106514065193581531e-01 1.839622983086978275e-02
7.767375084823899556e+01 4.154280549092849162e-01 1.199589852074523996e-02
7.741134708875249260e+01 4.449420216983683840e-01 1.427313011696271575e-02
7.353854172940356193e+01 3.027778377652757813e-01 2.547524102097474194e-02
7.765126196980020268e+01 2.229172735638749736e-01 2.854623953494129715e-02
7.383206760418329395e+01 2.731949386170712257e-01 1.796482600382562356e-02
7.721233702492430950e+01 4.398302465939779582e-01 2.465474953869949137e-02
7.470944995125410060e+01 3.962619031798921831e-01 2.248313155411459444e-02
7.438876561472041260e+01 1.032986171198312930e-01 2.506336239034525140e-02
7.587990069902075163e+01 1.814817907545124565e-01 1.898452717703039833e-02
7.642404108111320227e+01 3.017148873332453074e-01 1.242933583840933470e-02
7.794555690356411048e+01 4.104217968987892151e-01 1.836401243086113397e-02
7.576490534409771271e+01 3.459487394713176012e-01 1.448965172809594387e-02
7.638267643653696837e+01 1.769267563139234334e-01 1.965593064953577440e-02
7.489142850014314945e+01 1.981916017673285291e-01 2.802791518838151225e-02
7.611922589428455410e+01 3.307406485401167551e-01 1.018839092155452049e-02
7.546299824147895663e+01 3.561212118704347174e-01 2.094700617535368362e-02
7.390597017864629947e+01 3.307137916657081345e-01 2.178809172463263069e-02
7.734376199819870124e+01 2.444768881061656907e-01 9.063079413972335505e-03
7.506322924819484399e+01 2.002934961131442870e-01 2.359370184282914146e-02
7.334326341160468132e+01 2.651643539927378002e-01 2.695509987110856001e-02
7.606721246283363769e+01 3.996316816176423981e-01 1.199122764121420513e-02
7.445801048679368250e+01 4.537242457845234167e-01 2.049373349149879661e-02
7.616327436220915104e+01 1.981847171893003356e-01 2.049161819000112905e-02
7.491406243165990020e+01 4.286870448905650277e-01 3.330649126764961832e-02
7.654394105366533552e+01 2.465053614538456062e-01 7.640691070757762299e-03
7.437553588545766559e+01 4.654861831027136132e-01 1.497955198404354524e-02
7.568916511831349681e+01 3.755325974579178383e-01 2.723068194810630838e-02
7.586041307883616014e+01 2.695333130333965044e-01 2.034937087078382209e-02
7.543236218336078025e+01 2.526180796707044873e-01 2.200917130504328675e-02
7.624529151783448810e+01 5.231605306558584356e-01 2.214072593480697487e-02
7.721114554809382469e+01 2.028714823276868695e-01 2.256174287819644533e-02
7.533701865339894255e+01 3.495453263296557922e-01 2.335860779568215209e-02
7.610986884400148256e+01 5.507325721474792823e-01 2.696575497126074694e-02
7.723724533282910443e+01 3.864286192370013362e-01 2.860176008648802198e-02
7.462303070253078374e+01 4.470283117990576094e-01 1.516466189268525500e-02
7.549566088093327210e+01 3.661392444061667972e-01 2.601570812444255545e-02
7.490642336831804471e+01 2.587455122322269152e-01 2.047576620732346683e-02
7.587363399530428865e+01 3.954032061235187578e-01 3.676062251699765970e-02
7.647932070852587572e+01 2.364803561837683921e-01 1.367556911883416673e-02
7.573474608641438977e+01 2.159750113971209973e-01 2.228073069256304023e-02
7.651202163578422244e+01 2.636831795475043094e-01 2.968270738431114109e-02
7.532455268076010668e+01 2.980568932101825830e-01 2.311786666287716022e-02
7.695205489376982655e+01 4.377576521543199428e-01 2.209022672679628735e-02
7.711091270078799198e+01 2.434891827972060774e-01 2.447844858707503429e-02
7.696472915015640126e+01 4.612886674753535754e-01 1.186128784278759653e-02
7.515281688439893060e+01 3.923140969367301945e-01 7.066514732285866796e-03
7.655200617378835659e+01 4.159804424931367040e-01 1.718841342658321975e-02
7.562980999988809572e+01 2.025862652760095917e-01 1.745586770862730258e-02
7.556743149803824622e+01 2.417158725534478414e-01 1.640156986446586820e-02
7.578899521511161197e+01 2.816895684343878603e-01 2.914210682859052354e-02
7.566581485688298869e+01 3.444150216191858571e-01 1.718593674889608985e-02
7.547040422415854266e+01 1.395629462267377607e-01 1.233479879116539807e-02
7.485300172034700950e+01 3.283696834760070904e-01 2.524962758675407606e-02
7.427333547310448125e+01 2.550923198651182666e-01 1.333224044219342291e-02
7.579572290586645522e+01 4.175769493707150448e-01 1.782008584581475444e-02
7.601248302780030031e+01 4.555228396392314028e-01 2.223366307564833902e-02
7.529990814418320610e+01 3.258915285835725095e-01 1.596317555413516789e-02
7.648048201273600455e+01 3.615340154072759216e-01 1.333092829025145018e-02
7.623514941738577022e+01 2.982426742004080089e-01 2.265696291303469223e-02
7.689134705101913880e+01 3.577449604124605109e-01 1.852100803229389178e-02
7.699333002086400768e+01 2.226937223689748335e-01 1.355842930063658885e-02
7.286471331543920371e+01 3.029859048262845134e-01 1.599245639271494948e-02
7.645775447607535114e+01 1.128772605955632169e-01 1.684303145902682833e-02
7.653026990586448619e+01 2.070163853651019459e-01 2.199637438347737742e-02
7.550297740493196841e+01 3.067191690220002487e-01 2.290320978739929583e-02
7.701279702311531139e+01 3.192492411320607126e-01 1.602921807376221988e-02
7.560196113762034997e+01 3.736955363086957860e-01 1.501827520252387027e-02
7.588193340335979542e+01 2.714115901638525230e-01 1.949579617893187899e-02
7.505071747075062660e+01 1.248055647787888189e-01 2.254020788272996859e-02
7.702413142348865449e+01 1.307825042501843393e-01 2.179963980939617768e-02
7.714318291484518397e+01 3.695911046762323515e-01 1.796746254304357887e-02
7.511650363024924104e+01 3.180978079349989218e-01 2.120870760413112732e-02
7.615580751115589919e+01 2.919865369882434503e-01 1.471877207744996460e-02
7.648268829130886104e+01 3.570854494413523983e-01 2.097962012420327704e-02
7.617099364507126324e+01 4.779249487746105585e-01 1.695424983134928565e-02
7.734143509745665312e+01 2.365975530778162139e-01 2.540951499003135661e-02
7.729336755008054638e+01 2.806948796598117690e-01 2.810225880029675050e-02
7.652903588674608670e+01 2.222727558859432517e-01 1.817484588102824886e-02
7.719276230610665834e+01 4.023064701876649663e-01 1.483882731034492225e-02
7.592074268780950774e+01 3.303522982776511685e-01 1.752388005328971154e-02
7.841779972337472771e+01 3.333663743405325675e-01 1.969847711754610028e-02
7.725085104425809845e+01 2.734786465161165303e-01 2.491428102740157746e-02
7.439226760441701458e+01 2.646345953754433711e-01 2.511741667501096037e-02
7.763019772058967760e+01 2.326704286994006887e-01 1.565940665259196035e-02
7.662744643037045478e+01 2.476966105082287206e-01 1.868986381582734765e-02
7.693640502473715514e+01 2.555897818385988174e-01 1.041255730958201911e-02
7.475891556439411545e+01 3.109955585720280968e-01 1.091013098305909819e-02
7.576283958270268215e+01 1.707903483756007812e-01 2.799970247251511515e-02
7.822514259476567133e+01 2.041802897657931659e-01 2.125248136603862664e-02
7.509959626800315391e+01 2.790684397945488726e-01 2.879741135588197859e-02
7.559331145227351101e+01 2.813962537762886296e-01 1.540229625742586816e-02
7.720618937766487022e+01 -1.632667025240269743e-02 1.784001306569940951e-02
7.601411390586454786e+01 2.438922670149085703e-01 2.421241711088374313e-02
7.726202728397048247e+01 1.687960487120485076e-01 3.021213001839417184e-02
7.463674117564649180e+01 4.388630681675841361e-01 2.073086682212533713e-02
7.555629890288618355e+01 2.690633070324163767e-01 1.983652297238871348e-02
7.626841786186378158e+01 2.179845648628474519e-01 1.885882947473956073e-02
7.528932717707240840e+01 1.884950472926127107e-01 1.601311364654684280e-02
7.491002536730456995e+01 2.679845087249481117e-01 2.210963368521178321e-02
7.618071035417796111e+01 5.074344776660650869e-01 9.217302372097963686e-03
7.652934096621419258e+01 3.106420238524352229e-01 2.397887971888764541e-02
7.677646520431041210e+01 2.935008249864822782e-01 2.084220138954515078e-02
7.531593078708151268e+01 3.713679979354453931e-01 1.083475096525511605e-02
7.683682643864932515e+01 3.076826555763889637e-01 1.762408762033615406e-02
7.582746680055328170e+01 2.940803765411619253e-01 2.632831102673415316e-02
7.929349366324851189e+01 4.319870824150382482e-01 1.724231323956216394e-02
7.668978182428527646e+01 3.773329166057484141e-01 1.548702086611112097e-02
7.479920070277931643e+01 3.036719071083211485e-01 2.394003708634846392e-02
7.444819173239856980e+01 2.379102132345593812e-01 2.279342297068491160e-02
7.610172361327057899e+01 4.516273620598995064e-01 1.311528071182271535e-02
7.841216493344946059e+01 1.562007556430420330e-01 1.010164039595970280e-02
7.600108722050269705e+01 1.965541071753990621e-01 1.981094798026888232e-02
7.598627312104532905e+01 2.904225787892568689e-01 1.589067789172302764e-02
7.649265615257969841e+01 2.782662885232830563e-01 2.538373107685250665e-02
7.587962774747170158e+01 2.135352577133410312e-01 1.176726560076397227e-02
7.588789056855162585e+01 1.830795428637377320e-01 1.341482022436693566e-02
7.658745730914698413e+01 1.322329938836608043e-01 2.688874818698981650e-02
7.621971638439553942e+01 3.056157368975038757e-01 1.495236126560689667e-02
7.682437229634294340e+01 3.097095066402604790e-01 1.665318710858145271e-02
7.625982469665159158e+01 1.417214544560619627e-01 1.202279448024810328e-02
7.493981391469893083e+01 3.449527267609713843e-01 1.998410574728716471e-02
7.710897926555576021e+01 2.180010147831423217e-01 2.280325775844557062e-02
7.594612944760471862e+01 2.156954805259071462e-01 2.187954961323375011e-02
7.599398814175476957e+01 2.470880805854601125e-01 2.020487359582483905e-02
7.593046961406261630e+01 2.946311931482497593e-01 1.798735048824000315e-02
7.475505146110636190e+01 3.174765415894872378e-01 1.608432012818822310e-02
7.503967113235593445e+01 2.859300155897392948e-01 2.358061728864477291e-02
7.624561350769099022e+01 2.568857791642411015e-01 1.721294605918118406e-02
7.669581326218876427e+01 7.032642305527597726e-02 2.388958531316819761e-02
7.418598422506966017e+01 1.684592091677019343e-01 1.749138618895987665e-02
7.823012414293084760e+01 4.777419360014266703e-01 2.344628173559578505e-02
7.641654237829544627e+01 1.237723031987525146e-01 2.076467396527170370e-02
7.551077848144002758e+01 2.283330666377278162e-01 2.075513702426663026e-02
7.558888999055329805e+01 3.969299545968850707e-01 1.055631820676747497e-02
7.613501142234598262e+01 2.220902776485956520e-01 1.800177644431369059e-02
7.636462641947925079e+01 1.982692137389933107e-01 2.080113238689007202e-02
7.584766179479073855e+01 2.439413134823111284e-01 1.770452445848332002e-02
7.590544810881307569e+01 2.332163487436787752e-01 2.003460719671030024e-02
7.578182337833392523e+01 2.488717462933039137e-01 2.775532797025846016e-02
7.647523992256162728e+01 2.717287767377045693e-01 2.071151429670589628e-02
7.503317986322649347e+01 2.663228393221416801e-01 1.843864658322805911e-02
7.481320609009011946e+01 3.487354047994417616e-01 1.753359657262036284e-02
7.570453333255260020e+01 2.531280140876644991e-01 3.443458824703951593e-02
7.539738484982598266e+01 1.031323046114172304e-01 1.219545380020080165e-02
7.681930262269543164e+01 4.436452691683129834e-01 1.667416004208363903e-02
7.733894966963546835e+01 3.841589999842544012e-01 1.907570667811664053e-02
7.579955371622946814e+01 3.280870226415653068e-01 2.428027230318849372e-02
7.645729456559502069e+01 2.423191698201304090e-01 1.915020952670092383e-02
7.804126345472192838e+01 3.351213797296191954e-01 2.424061183845178241e-02
7.659988498724924000e+01 3.373357743997702496e-01 2.053023853665887286e-02
7.695739062532497599e+01 3.818642235310683031e-01 2.128728525859292092e-02
7.536623747445212018e+01 3.485558805548472083e-01 1.967313201722886012e-02
7.575174408865493092e+01 5.778775974966068318e-01 1.249243264532766927e-02
7.701851285905748057e+01 2.237329055746169471e-01 2.063997799679705494e-02
7.862858751909018906e+01 2.137631005175937016e-01 1.646891387889139538e-02
7.604248626284839929e+01 2.252783042368638189e-01 2.431247000458683361e-02
7.552547056393670744e+01 3.754009640149337246e-01 1.351615057658502733e-02
7.425316849784577755e+01 2.871015021046950388e-01 1.234874225347514648e-02
7.757826891276545211e+01 1.570196509505001892e-01 1.493811371867952154e-02
7.647361988547461920e+01 2.513636049937993944e-01 1.259322941527997973e-02
7.809996416007196274e+01 2.098366196840426023e-01 1.904264484148024753e-02
7.585080747989397310e+01 3.810309151966577712e-01 2.225537785693199391e-02
7.523319896226900028e+01 2.774172782556693084e-01 1.889306129979602053e-02
7.680895949819856128e+01 1.931678085141398660e-01 2.984444174027211030e-02
7.530081661254055803e+01 3.091250603243406725e-01 1.434151492832564864e-02
7.476184098835938130e+01 2.225571590922376108e-01 1.526574040163777846e-02
7.564574297584516671e+01 2.121034971236259170e-01 2.339293864045956239e-02
7.527701610468162130e+01 2.206184506548084512e-01 1.808307871162307887e-02
7.705283887869629211e+01 3.314876173610399324e-01 1.951370961030502588e-02
7.462695523003132791e+01 1.957291540136290586e-01 1.376385395102622602e-02
7.736685122367235579e+01 3.630563123131647640e-01 1.579697312719905225e-02
7.549562835617435042e+01 2.274709823762666172e-01 1.567872577375264281e-02
7.652030103121617799e+01 2.812463779215687021e-01 3.015203777706079724e-02
7.731035982451700761e+01 4.409480340466722659e-01 2.327491207291769101e-02
7.563734092949280807e+01 3.697790884529584265e-01 1.829837709986020453e-02
7.769027605072837162e+01 3.504279383049920815e-01 2.127980662733178208e-02
7.618707266242951448e+01 4.840266427360858104e-01 1.300609593250348292e-02
7.789828782766872450e+01 2.913846192545862523e-01 1.314073670333828700e-02
7.530779026835693912e+01 1.449192737276417120e-01 2.318856949066165976e-02
7.502170704965348591e+01 3.268667666204700395e-01 2.553276600080901446e-02
7.538798307143386523e+01 2.831896306975607569e-01 1.364211409797065448e-02
7.567164289104880481e+01 5.674023625273372229e-01 2.379479592248995995e-02
7.579526958110639612e+01 2.488311963818284900e-01 1.979203221631008203e-02
7.619005075219364187e+01 2.680930292854242225e-01 2.258565461351770554e-02
7.510655250993958987e+01 2.141612325015731788e-01 2.180583149780587759e-02
7.489135824643560113e+01 3.829017252862539911e-01 1.993033847611251977e-02
7.423209078128279259e+01 3.209499125560946742e-01 1.177977256298051376e-02
7.675336200965566036e+01 2.851285670749403867e-01 2.902967910491131842e-02
7.713131284437261570e+01 2.039307493768175439e-01 1.014273237150527945e-02
7.530489874320862498e+01 1.878741397169628735e-01 2.890603944818094864e-02
7.604968534071984720e+01 4.033418804183166451e-01 1.860960530463128676e-02
7.588033251171935945e+01 3.067372977491091834e-01 2.539775277362169015e-02
7.637162475567460262e+01 2.042666156523335053e-01 2.791470311261667198e-02
7.576718450101368774e+01 2.644479876123351225e-01 6.197535110980315759e-03
7.669439959116134276e+01 3.201012639661883208e-01 2.048744222732635373e-02
7.565717532888918129e+01 2.524782159867217102e-01 1.819716864960765901e-02
7.652316087112728837e+01 3.739117773033350800e-01 1.887301664207512858e-02
7.700893749431676838e+01 3.021025818982522315e-01 1.754035893598216919e-02
7.625841557490736022e+01 1.740613581506139651e-01 2.113521126380121448e-02
7.451781789447363735e+01 2.072273040016235912e-01 1.015272484528475724e-02
7.588488304732850054e+01 4.709633702309093950e-01 1.942889433618812112e-02
7.670358537943313593e+01 5.452313897312388580e-01 2.197100413717120032e-02
7.529478795541197655e+01 2.472431397264162611e-01 2.000321077181954274e-02
7.542710535473908351e+01 2.541913000186568072e-01 2.480611663053410021e-02
7.708615628077221515e+01 1.453107517951335859e-01 1.600892918097453904e-02
7.559599561308661464e+01 3.699088946165252079e-01 2.557597848051539752e-02
7.876196793427388343e+01 2.634326703717338458e-01 1.797205505199010386e-02
7.664857001563771632e+01 2.417783281045140509e-01 1.931238116346089412e-02
7.564496189121645386e+01 4.783460780958209702e-02 2.060113770805632044e-02
7.587763904069721832e+01 4.371231050256899620e-01 2.002678247578709714e-02
7.480525252168582995e+01 2.841901127020476370e-01 9.799595887138396952e-03
7.484908216480036458e+01 3.735505968152997847e-01 1.879346126851871510e-02
7.698250823949807398e+01 1.133107749121952113e-01 1.881726147646949759e-02
7.558448750161221596e+01 4.055848582613206244e-01 2.328176960081279612e-02
7.670225215008829878e+01 4.641410038084101686e-01 1.820445312543138294e-02
7.739508083530071758e+01 2.055793849120263750e-01 1.472742561089905415e-02
7.681274657149833729e+01 1.595259261591198130e-01 2.279397867521442897e-02
7.616131319372132680e+01 4.171852728654872888e-01 1.971002943924444334e-02
7.611604894629553542e+01 3.609264992924905990e-01 1.676756317044010569e-02
7.535379369250978243e+01 3.574429439843419543e-01 1.985713263838713438e-02
7.565268608269572326e+01 3.017215900302332443e-01 2.777833906262600072e-02
7.561698159326010682e+01 2.627980386717984063e-01 1.167100378213416917e-02
7.601764706184289366e+01 3.756883511240391993e-01 2.407901519844326058e-02
7.616821760163053057e+01 4.055833573080883658e-01 2.356697757014752231e-02
7.717295022969226181e+01 4.084302655477561883e-01 2.765843022491342243e-02
7.589030683343375472e+01 1.772941957638491661e-01 2.323765240822156172e-02
7.684055318932277601e+01 4.669995393381139448e-01 2.625019685936441985e-02
7.800547245586456313e+01 3.719853980326532916e-01 2.111614922896891747e-02
7.467501687867425630e+01 3.408096534514080123e-01 1.730486167379844883e-02
7.627151001343247572e+01 3.154513186309655937e-01 2.230113945780553761e-02
7.596266929046149130e+01 4.035020190732584444e-01 6.716320424999715558e-03
7.624999357515784482e+01 4.302489779152561811e-01 2.912218784612787686e-02
7.679196133838506455e+01 4.784883022582538947e-01 2.082407802809142783e-02
7.606286257592707045e+01 3.629415643227751342e-01 1.998441813223870642e-02
7.527764253198263589e+01 2.584759755868100695e-01 1.457486387279923259e-02
7.658837709486525114e+01 3.111391812500477472e-01 1.824250674752147389e-02
7.549331624316270961e+01 3.605056346199626560e-01 2.380706429565887863e-02
7.492948600349481580e+01 1.812315330224382182e-01 2.465614612498056440e-02
7.468486676151140102e+01 3.647486833822484176e-01 2.788736194514152694e-02
7.767923480339314324e+01 3.837872590632091518e-01 2.345760739181522447e-02
7.831190745019645760e+01 7.656043371062290492e-02 1.773494792155787952e-02
7.690849184907659719e+01 2.762712992158042891e-01 2.604769906637578042e-02
7.602064593968981399e+01 3.231743860337597529e-01 1.866012358904420645e-02
7.553748904119194663e+01 2.552890036852347722e-01 2.132276242359402996e-02
7.528543503417714078e+01 4.053204883491287602e-01 2.318646792489182165e-02
7.715941644096984930e+01 1.971075644007001249e-01 1.170987050348076125e-02
7.605581424436823568e+01 5.998800613559520656e-01 2.617662818582717349e-02
7.550555369149329010e+01 3.524512134431341259e-01 2.354920442655455623e-02
7.469161175926714691e+01 4.469625869034604682e-01 1.918329694233687419e-02
7.596931915539214231e+01 3.123784659433855859e-01 2.558312263077022058e-02
7.530481784179859517e+01 1.393029995215547545e-01 2.157539167268314462e-02
7.401634191382687789e+01 2.798896404864459897e-01 2.578963068223813840e-02
7.663909390350873707e+01 4.142356065725276149e-01 2.302610422050160519e-02
7.847033448878340778e+01 2.511760372343184722e-01 2.194210574150401785e-02
7.562187952878734620e+01 4.056801269914870889e-01 1.969963475097319047e-02
7.777884487944405123e+01 2.569184044598023520e-01 2.686403183276577650e-02
7.665313953054396734e+01 3.067538930913019657e-01 2.264606018468256002e-02
7.632126438752919739e+01 3.455954680251809852e-01 1.899087281417370307e-02
7.535841149244501480e+01 2.764928880037469394e-01 1.178953669293549868e-02
7.690194833253262630e+01 1.864836027824520182e-01 1.893830704763073414e-02
7.670804504148102865e+01 3.939396717099911127e-01 1.134316128372078562e-02
7.596815192477492928e+01 3.559744699448821881e-01 2.025373711835281448e-02
7.740407495767354362e+01 2.278193100085397771e-01 1.000467741370635565e-02
7.687032601676853005e+01 2.562913880381512133e-01 1.142175318250732499e-02
7.590148760943353068e+01 4.330557975931701442e-01 1.383779210823074014e-02
7.839599595394726350e+01 2.262118405463338089e-01 2.042444319085731652e-02
7.484086758215239854e+01 3.141610348696013966e-01 1.934757160117718533e-02
7.457050609766891114e+01 5.925826968950910212e-01 1.758372112673807497e-02
7.556553744269398010e+01 4.069035879353654628e-01 2.885002382121204523e-02
7.718643686800430714e+01 1.898819876973413534e-01 2.104345858290079460e-02
7.417862751761501272e+01 4.001705081322356472e-01 1.202347249497335430e-02
7.525679867639075837e+01 3.096798495968689502e-01 2.217076371288298833e-02
7.579906537660468757e+01 4.619083676732881893e-01 2.352799796191355763e-02
7.670472475406421609e+01 1.870599098015336414e-01 2.828959950022148090e-02
7.525693485572149655e+01 4.837542432987094188e-01 2.986436613134425128e-02
7.657265653236378000e+01 4.132013097679421154e-01 4.961367009478686446e-03
7.586499758450962361e+01 4.202165639919539508e-01 2.450980618689797483e-02
7.484027666190011985e+01 2.806277960132126381e-01 7.627485340482209955e-03
7.647299284017275056e+01 1.216671598773176322e-01 2.551452606237840023e-02
7.724272486071741639e+01 2.625633185593501118e-01 2.254280941684921186e-02
7.584290127593949649e+01 3.341908395014865918e-01 1.440361256954560999e-02
7.668249262323990934e+01 1.458814769775583498e-01 1.107351140327130813e-02
7.593807168333300694e+01 2.888756720388720445e-01 2.132830112464268596e-02
7.541049250976367091e+01 4.985691665785589310e-01 2.078343897258264419e-02
7.629288177851623232e+01 3.297233877407045322e-01 2.489224326316135522e-02
7.663601741448447058e+01 3.542017899708279072e-01 2.359016636519800647e-02
7.423538536295281176e+01 1.313152349414222486e-01 1.962898173023686077e-02
7.586232611731810493e+01 3.679809844048207990e-01 2.009764342528539208e-02
7.664186493445421888e+01 1.854404730438714011e-01 1.994758746142100136e-02
7.471894326204221670e+01 3.486857934371400680e-01 1.083763393969111762e-02
7.640831009854088052e+01 1.631000619102887794e-01 1.812913271599124118e-02
7.695492769144925660e+01 3.327379988598417326e-01 1.197238915256438468e-02
7.538760615530597420e+01 1.598621474523198027e-01 1.173288536777954312e-02
7.617766317613397575e+01 3.660298343560103307e-01 2.214929717422287753e-02
7.666262681487975783e+01 3.088089149114181531e-01 1.866638917682942461e-02
7.498693067293768877e+01 2.659920328249500976e-01 1.355439812036014421e-02
7.521483447287307911e+01 3.188926870438041905e-01 1.942533615833696298e-02
7.912472803789478348e+01 1.754204402494992376e-01 1.938976233740594135e-02
7.463626788879628293e+01 2.712214124030049023e-01 1.830686252626739091e-02
7.690488002623314401e+01 2.650333460782078876e-01 1.906673365826264122e-02
7.562968203752778606e+01 1.698948255942790975e-01 1.681901282052142635e-02
7.567806328491617762e+01 3.173825883406384274e-01 2.272657213280402516e-02
7.582540349028897708e+01 2.847823736018653129e-01 1.160578947079486320e-02
7.659973451725635130e+01 2.404102112849959005e-01 2.364450360112085869e-02
7.737643994785419466e+01 2.912084973306994784e-01 1.500823765480052523e-02
7.604330138691369712e+01 3.448701998018638415e-01 1.846087804269892080e-02
7.549596159062068068e+01 3.663532210697413860e-01 2.242721109606924529e-02
7.571371035967284513e+01 1.445933834739309976e-01 2.222623505063147514e-02
7.529267280655862749e+01 3.314341075370308976e-01 2.073735234965383770e-02
7.417105257295733622e+01 3.181081684411573574e-01 2.250991475792417373e-02
7.669715241531048378e+01 3.217365751096312732e-01 1.035519002951419340e-02
7.733708106218664113e+01 3.511022667542580411e-01 1.413014961282694007e-02
7.527223695984173446e+01 3.331224209294520455e-01 2.331602045511344326e-02
7.557203714365229530e+01 3.925525407379074627e-01 1.125479595560888862e-02
7.501754098890621947e+01 1.035635990157917352e-01 1.562241393722100732e-02
7.756807718454409439e+01 5.157802234585402434e-01 2.114434374746557502e-02
7.542157079273144404e+01 2.878360099149056550e-01 2.230897507723425544e-02
7.449701914836091987e+01 2.527500824018795167e-01 2.699947841195243781e-02
7.501428993067163731e+01 2.350975100738457169e-01 2.006435929747044100e-02
7.634314225950471666e+01 2.474995953800527837e-01 2.037543601586319642e-02
7.666793953373944248e+01 5.061451823763647440e-01 1.938417375885472665e-02
7.601870268465944491e+01 4.627452345979510828e-01 1.732114215464343812e-02
7.473564696723782674e+01 3.350248975658962625e-01 2.524963426872153804e-02
7.642104713519968584e+01 3.002984342452754141e-01 1.293466647251298104e-02
7.600163075473163588e+01 4.333154926316336586e-01 1.397991667541843147e-02
7.581525282619672623e+01 2.712515267841639210e-01 1.659656307005977910e-02
7.630792300451901156e+01 3.543305241256007321e-01 2.211135075508993686e-02
7.508319023638487977e+01 1.454016305666317177e-01 2.127994359283282358e-02
7.555408095851734629e+01 4.938312379686785603e-01 2.919273022446315299e-02
7.805068979439603538e+01 2.159889098965286913e-01 2.277741017922972622e-02
7.693095251725148387e+01 3.858354233544402101e-01 1.827122954051776244e-02
7.733916490296532231e+01 3.100474986366522634e-01 2.062490792651433882e-02
7.452216654822285591e+01 3.744764969572988988e-01 1.872969895818336200e-02
7.652477886210053271e+01 3.335113699804618248e-01 2.088261744714034474e-02
7.601428642753332099e+01 3.886599734660454164e-01 1.902979250299967687e-02
7.460480258054701608e+01 3.668955606373933698e-01 1.605363158579688546e-02
7.473573815731786851e+01 2.077756665857401486e-01 2.138210916759473654e-02
7.596348119690514977e+01 9.673169703271525255e-02 1.812850759486502733e-02
7.722923122497476811e+01 2.648704329066621233e-01 1.919279730035320861e-02
7.710299143732714811e+01 3.895489258204535843e-01 2.498415164708151989e-02
7.328744638994629668e+01 4.833523038442110731e-01 2.310439236794111645e-02
7.852147641402414990e+01 2.317673969225715891e-01 1.139780192366385107e-02
7.606721845672517190e+01 2.824627670242839117e-01 2.318860479812108119e-02
7.713492834458635627e+01 3.012705855120502707e-01 1.882581441066962999e-02
7.658271981951612872e+01 2.843671334307502074e-01 1.834155072733274425e-02
7.709713493867528200e+01 4.359777856903572779e-01 2.528764021396631007e-02
7.589177028727448260e+01 9.602110122468168751e-02 1.927704348101049597e-02
7.530201998732295010e+01 2.970274980989411895e-01 1.672638588918239771e-02
7.603926014453439564e+01 2.060724370768435565e-01 1.375259786966644485e-02
7.728269148257089682e+01 2.130342386632346485e-01 2.000161768417733563e-02
7.701451484660283597e+01 4.014304126229572556e-01 2.387730831666024997e-02
7.636286651450153329e+01 3.824003308536849666e-01 2.669799089076172957e-02
7.648502259399538161e+01 1.262797653185816216e-01 1.742178923829221238e-02
7.675637007172208826e+01 2.472904066290595726e-01 2.790295677784704331e-02
7.599682017183357630e+01 3.185248771359436293e-01 2.548655706781334518e-02
7.587715010269070603e+01 3.276277035728186182e-01 2.438596821462981484e-02
7.458772938416632314e+01 2.814701837612450519e-01 2.404465022136156177e-02
7.612560014834259903e+01 4.567333812077479793e-01 1.231256898445405590e-02
7.436999823205387372e+01 3.869686516622717898e-01 2.422344982894036533e-02
7.586674999316817036e+01 3.500394400045724330e-01 2.363515598844588561e-02
7.524613679414825640e+01 2.393151624950700662e-01 2.092549355706652126e-02
7.696408895989372922e+01 1.934043073642014998e-01 1.903440179543892941e-02
7.581576336829556340e+01 3.517959105042763879e-01 1.995756892678617403e-02
7.551411641619714032e+01 4.348565780757405741e-01 1.736947569941063585e-02
7.576790363697854502e+01 1.508502364080376301e-01 1.651889816172734046e-02
7.657607607633904934e+01 3.420601956354860085e-01 2.292447312227200926e-02
7.661098228594566706e+01 5.187714036295154596e-01 1.635190815879556184e-02
7.444057625656520827e+01 2.049447003928476230e-01 1.656755202033369928e-02
7.508567306338309777e+01 3.193660847644854139e-01 2.611051173442449636e-02
7.759965907296991361e+01 3.604308501846604229e-01 3.044523031928788454e-02
7.570362694343357646e+01 1.467480957997573388e-01 2.513745398969838979e-02
7.422140560825093303e+01 2.344996977300195518e-01 2.253713284108681270e-02
7.595761851995122527e+01 2.909047237128494223e-01 1.424004862039021310e-02
7.604919761056666516e+01 4.103662488737792047e-01 2.009740447090740956e-02
7.522977412035893963e+01 1.852461539402669444e-01 1.605075813192400475e-02
7.645233375241436136e+01 3.443602262359710120e-01 1.609508731416747079e-02
7.384924057801794106e+01 3.520012763672165090e-01 1.562093951719389744e-02
7.674906247901527934e+01 2.343890357872250307e-01 1.518097339673264018e-02
7.621317190725959279e+01 5.457699230026369364e-01 2.365380483471499207e-02
7.619621929920585046e+01 3.458851536380967984e-01 1.145797140738732955e-02
7.493765962924744883e+01 5.890711349528610086e-02 2.843840924183718699e-02
7.758738602915575200e+01 3.492818526214909736e-01 2.065909806382539016e-02
7.450840999750242588e+01 2.880700039749308772e-01 2.874337501660435487e-02
7.619141599819572264e+01 2.535353533788103908e-01 1.142404556095798218e-02
7.744030572773080223e+01 3.029916198972343877e-01 1.143056656896180787e-02
7.513573431792846691e+01 1.822461982641869482e-01 1.935734865506355193e-02
7.626733896961282255e+01 2.596782935721475560e-01 2.379047120237503393e-02
7.613880224047244383e+01 4.162312385272129989e-01 1.825758986302088507e-02
7.910532559201114111e+01 2.535511276526042357e-01 1.559351223533721013e-02
7.503369944990424756e+01 2.889059273445694354e-01 1.161201906894739587e-02
7.635456284382780723e+01 1.194696230435192963e-01 2.078863865393771465e-02
7.470874825590364310e+01 2.718706592619907214e-01 2.294897755674321638e-02
7.836403768387636148e+01 2.021999479218842821e-01 1.926674414913955372e-02
7.533624132522446359e+01 2.230129677439204317e-01 1.651232521966075964e-02
7.688406647563694207e+01 2.611944135769620479e-01 3.097225706473587942e-02
7.647597925589474244e+01 2.089989338825924969e-01 1.821119423343864688e-02
7.525815300996001156e+01 3.900068652946713788e-01 1.200595289480364293e-02
7.471904861956419097e+01 2.508453881250858331e-01 2.333144777140646470e-02
7.729306027482277841e+01 4.480542190772843214e-01 2.258439765828063744e-02
7.597711046364197784e+01 3.894625812313992630e-01 1.441707015886970443e-02
7.421534277798377843e+01 3.536637577686488898e-01 1.509425162366414587e-02
7.599469326783452061e+01 3.219627015872814635e-01 2.121033931306486042e-02
7.699779153852504976e+01 3.932075188291731527e-01 2.095121983984239017e-02
7.561798471953059675e+01 3.207762088676320844e-01 1.709165650402477352e-02
7.586357107799382504e+01 5.718173423580413806e-01 2.088873024821239280e-02
7.651024501703754765e+01 2.394519350969637750e-01 2.497596788502374696e-02
7.682027242266342171e+01 3.867352554655084651e-01 2.104824998416323506e-02
7.709419009576677695e+01 4.371685196634733650e-01 2.138097033828924645e-02
7.594538764099968375e+01 3.994570990114760800e-01 1.558963265092807964e-02
7.534203971938467248e+01 3.046699657115098381e-01 1.150557527591148516e-02
7.688759527356342005e+01 2.137086112534176685e-01 1.770004379755240470e-02
7.584672040432023721e+01 3.139286821570549946e-01 1.832364255403394135e-02
7.599262895276964969e+01 3.040372367609586179e-01 1.781936118230669983e-02
7.528680554236123612e+01 4.181473924355602056e-01 9.734606330406325378e-03
7.585428484099051616e+01 2.631100528115784543e-01 2.204288530110481287e-02
7.460570720348098916e+01 2.600214658756395680e-01 1.950068422444021371e-02
7.713007361037045939e+01 3.432184966795424064e-01 1.422688677624945469e-02
7.557252328127934504e+01 3.986051352660691105e-01 1.414256162964357307e-02
7.598135573162763023e+01 3.090879547473724398e-01 1.811813141502065932e-02
7.875575178279891020e+01 2.687268540552451013e-01 2.219397638715998877e-02
7.529369887978072029e+01 3.627747991999404342e-01 2.424774437488749074e-02
7.547203596325390151e+01 3.045298184781466966e-01 1.563278161028842234e-02
7.491559618795011488e+01 4.136795432500206537e-01 1.729755636154317947e-02
7.364638767149193654e+01 4.865356156493623185e-01 1.608733988749948274e-02
7.581362695625196579e+01 4.740906505494315026e-01 1.930857515030419413e-02
7.589666339779813597e+01 1.871826955449466534e-01 1.202520146523138218e-02
7.589361373540387490e+01 3.462809774074894764e-01 2.149036784493059751e-02
7.557873891953079237e+01 3.120257799346942140e-01 1.103800002279040245e-02
7.652016702069548160e+01 3.261405844770046136e-01 2.962761411796516198e-02
7.606747964642904947e+01 2.157330647853920869e-01 1.975257007761551525e-02
7.573220019998416319e+01 3.534707868770398109e-01 2.013118078890334742e-02
7.480005329894736121e+01 1.464256711805980438e-01 2.128247903723422610e-02
7.744311454106923520e+01 3.179347884051719197e-01 2.396730416546442519e-02
7.707280915420359690e+01 3.366791845794668281e-01 1.602687079091996009e-02
7.625530808504557001e+01 4.307072887600480460e-01 2.258483194926787577e-02
7.680824534282865557e+01 2.637453758308174190e-01 1.901290848904643033e-02
7.594127268909963391e+01 3.048661997463203988e-01 2.569735763908467807e-02
7.371282627166183943e+01 3.130538304581837461e-01 1.961221280148851831e-02
7.468849885855586024e+01 3.771767216587464944e-01 1.646585272221988069e-02
7.570296735064684412e+01 4.948781907754043474e-01 2.492670072945880888e-02
7.663448693914511978e+01 3.480776934644403964e-01 1.919668281733979270e-02
7.805937726537010235e+01 3.902167631440239259e-01 1.634365895626706255e-02
7.465989772178234318e+01 3.666838001989269347e-01 1.972746765912953767e-02
7.463106183305383468e+01 3.528586165711581901e-01 1.868767238872429126e-02
7.659066492552747718e+01 3.541740214580906820e-01 1.703285843149346737e-02
7.669284476442420839e+01 2.602094917365100901e-01 1.788838110643428680e-02
7.552772859337862599e+01 4.230974427806271088e-01 1.863135420461287453e-02
7.743244318056424902e+01 4.883484870186859950e-01 1.639649201534415165e-02
7.313900468530306398e+01 4.144509543271273078e-01 1.833184440312126198e-02
7.519381358686801775e+01 2.511281893847031599e-01 1.797651794455595517e-02
7.735719309069374106e+01 3.259911239317514475e-01 2.626145673223480997e-02
7.655422011927849724e+01 2.790769276049515635e-01 1.809581852093045118e-02
7.662160875074960131e+01 3.920425629332708883e-01 2.486240334488229106e-02
7.579846148862425537e+01 3.275205856404472260e-01 2.284897760612354320e-02
7.567603497406314261e+01 1.965059966197232888e-01 1.606697040633110751e-02
7.581896455745201990e+01 3.762207139220301033e-01 2.614135363693708553e-02
7.470395279126537957e+01 2.502654986070017573e-01 1.825432928261828264e-02
7.685471703230665241e+01 2.571889464611499809e-01 1.790374470757330819e-02
7.464800742284977275e+01 3.583407315973258789e-01 1.921268744099241532e-02
7.540595496502039907e+01 2.840486775517903628e-01 2.549753903381104039e-02
7.505511309168015543e+01 2.258340368896403771e-01 2.610854852422254263e-02
7.613577482801885310e+01 3.769754096711917524e-01 2.195976541466188731e-02
7.602466544770605594e+01 2.751700880851443154e-01 2.405638059748204521e-02
7.722233656781115485e+01 4.184188347016096765e-01 1.421721154318202930e-02
7.736491101784433511e+01 2.742064745802355041e-01 1.631692908514715060e-02
7.589067230323152558e+01 3.931128435248731900e-01 2.263641065379542669e-02
7.580461358814572748e+01 3.937665866877974596e-01 2.068224673541187858e-02
7.548702853446063443e+01 2.391964717041506761e-01 2.200114558254448807e-02
7.597748226418440254e+01 1.724494846586363817e-01 2.413249508814391958e-02
7.557972497137558321e+01 4.692119647988794440e-01 1.315614641387945899e-02
7.587929140360999725e+01 2.400022315560772501e-01 1.524184136401298198e-02
7.557320928324162423e+01 4.870567609036981493e-01 2.069936668331465168e-02
7.526829196120257848e+01 1.271371589662594892e-01 1.160310953001128520e-02
7.552353685588126098e+01 2.466312015861339968e-01 1.890706972568543739e-02
7.378781619956414772e+01 3.008318404953466696e-01 2.501331597632735701e-02
7.768284124736419471e+01 1.205553852082860700e-01 1.609076702810167958e-02
7.520576613902547081e+01 3.245721427525650182e-01 1.404989040060266453e-02
7.774226324872668670e+01 3.143522471685739617e-01 1.939928639366238217e-02
7.765271373378277531e+01 3.083952375916652056e-01 2.195269954389604192e-02
7.530920172670795409e+01 1.729497934945616322e-01 1.702262618778423858e-02
7.824697583894482023e+01 3.733020948286955853e-01 2.133919432737097638e-02
7.508362660981480019e+01 4.011250800983846010e-01 1.337710597895711354e-02
7.449294355031761938e+01 2.541112877118353874e-01 2.953410200956804038e-02
7.795789423239261851e+01 2.648763071749455911e-01 1.671122430147324589e-02
7.441963795944022309e+01 3.178030725520084587e-01 2.079030610725911971e-02
7.684955625419691216e+01 4.010707513325164064e-01 1.903696625529447545e-02
7.661602787475958110e+01 2.399361132153463860e-01 2.261971967493017419e-02
7.555276792181544465e+01 3.559458515966937853e-01 2.184634792822129357e-02
7.612880362569507042e+01 3.894539718159354402e-01 1.233951672506982539e-02
7.499508378177905854e+01 2.829940326446965804e-01 1.295969079183744918e-02
7.565313548544528999e+01 2.725369704922449565e-01 2.638870139837411893e-02
7.620253370229146128e+01 4.129429576063878282e-01 2.147158399419374711e-02
7.552433272876793069e+01 3.233716807746512267e-01 2.355817723869352634e-02
7.725340132644258517e+01 2.967689937065566830e-01 1.196336271291246686e-02
7.434219774257809377e+01 2.773587389883113152e-01 8.595602433424521030e-03
7.785510446573682941e+01 3.696933231399733288e-01 1.689918531952563571e-02
7.495035240599121096e+01 4.128119095976109931e-01 1.456762363097070453e-02
7.504177323639895292e+01 2.334054059973308115e-01 2.055652397353329580e-02
7.668079743914739765e+01 4.292672233415663063e-01 2.509742097047171910e-02
7.606077370923473779e+01 4.120521973756333667e-01 1.672683115133482765e-02
7.423913398553803233e+01 2.428868928289491802e-01 1.606702188157908481e-02
7.542801292820082892e+01 2.140625270758110821e-01 1.775068498741603704e-02
7.668001721409358140e+01 4.815257102662571786e-01 1.158367573532183628e-02
7.477226537309925902e+01 2.308553741271832382e-01 2.373532623139801290e-02
7.585505255702695138e+01 2.375890776896377177e-01 2.349625857417278821e-02
7.701639026634197194e+01 3.081240040576369577e-01 1.601844279697295717e-02
7.633027956723539376e+01 2.866731791547433295e-01 1.882432564007092274e-02
7.554759978139816212e+01 4.024983247322089230e-01 2.121892793330143467e-02
7.709570088188962700e+01 4.436326145478125538e-01 2.223893057983727245e-02
7.555352288511484460e+01 4.140326232219784797e-01 2.227153513306514426e-02
7.866336777680764669e+01 3.410102888494686568e-01 2.340335628787357930e-02
7.635042389129603180e+01 3.000901408131881887e-01 1.873760219713382219e-02
7.635424384465856917e+01 3.621175751813855426e-01 2.563116048607036804e-02
7.636885055830376245e+01 2.637110824574770973e-01 1.840559026049276570e-02
7.473706305709681885e+01 4.761213843572310034e-01 1.736012871453244608e-02
7.702744046013791035e+01 3.376550857442533471e-01 2.148161868702149618e-02
7.594255212472766914e+01 2.312201111373326512e-01 1.527543707077085380e-02
7.778846538880493711e+01 3.213961078837245799e-01 2.548911095701293303e-02
7.744490693764525702e+01 2.689153069900785953e-01 2.206588178501387582e-02
7.610501077549135118e+01 1.942786196983111169e-01 1.909521962973533687e-02
7.664750659023923163e+01 2.600970744989142269e-01 1.841539904696653032e-02
7.588663314461435050e+01 5.211529331310102986e-01 1.105341981900273378e-02
7.656164329902726706e+01 2.846660922747835110e-01 1.687485410486617640e-02
7.578212429284373286e+01 3.767376243833422955e-01 2.353426143424663941e-02
7.624601712243475049e+01 4.192741316456627398e-01 2.618942924439305805e-02
7.687637594195061297e+01 2.553807548852781162e-01 2.241190999616037363e-02
7.655920065913856831e+01 2.284368566353448260e-01 1.234420051680849666e-02
7.403722437862545291e+01 3.169855490112151730e-01 2.145385226764350353e-02
7.487821842234758662e+01 4.146032332551362609e-01 2.074252755754347338e-02
7.740945261491535234e+01 3.470535869983590871e-01 1.479837282010169897e-02
7.651828121329015175e+01 3.770110694872101376e-01 1.732866543469753148e-02
7.461790700269013143e+01 3.200296064306606403e-01 1.511783104723812138e-02
7.718088766306112802e+01 2.692823319573407481e-01 2.841268832435755662e-02
7.393584133248116075e+01 3.234795604145148107e-01 2.697264702488448920e-02
7.516969568411271041e+01 2.940799064372964233e-01 1.803397212505344557e-02
7.537623235784772646e+01 3.344622641114281536e-01 1.368087023902876155e-02
7.594903121866977358e+01 3.615994237684573287e-01 1.895076238347978906e-02
7.505979580001422846e+01 4.130185398601501912e-01 2.356222908105780681e-02
7.501881282869625522e+01 1.805892434977458549e-01 1.535646626344475824e-02
7.660527316548721899e+01 3.375572898962545532e-01 2.385406201193031317e-02
7.573384978194938810e+01 2.175265762499892785e-01 2.448217799226585015e-02
7.550655148654884385e+01 3.286548055853978356e-01 1.243939102870549041e-02
7.549018957567720634e+01 4.109396320941513525e-01 1.650597772356167045e-02
7.687450382145149774e+01 7.689803038118062095e-02 1.727126019686250555e-02
7.588864535412186285e+01 4.842540303342405816e-01 1.429725424383194304e-02
7.673099329544709235e+01 4.156931781248793811e-01 1.648053830612548898e-02
7.568647605122731647e+01 3.241628773811903730e-01 1.277324406247546534e-02
7.560489678813864600e+01 4.376112040946416037e-01 2.254953566275327143e-02
7.590324871051676325e+01 3.213072361836483148e-01 2.283368470990132515e-02
7.683241014791011025e+01 2.543585852620897647e-01 2.748644362575448918e-02
7.737634820120466372e+01 3.777257630353212936e-01 1.588800065441028572e-02
7.503977609322940623e+01 2.773396203403406535e-01 2.029641511046054170e-02
7.429150813444094581e+01 3.594693133545255881e-01 2.628030372609010956e-02
7.663647413983088086e+01 2.423947197195764902e-01 1.612486147609516751e-02
7.635985234417408662e+01 2.946696284661819987e-01 2.216117645978491965e-02
7.666172137260564057e+01 4.191890528894662293e-01 1.447744668814867318e-02
7.628161894784931008e+01 2.736524996038676716e-01 1.951885344421774859e-02
7.692440885266874773e+01 4.073125873051243184e-01 2.682167634333489786e-02
7.648559025036827563e+01 2.989983209244205797e-01 1.876644649048593225e-02
7.432524499760533843e+01 4.439735044898603933e-01 1.842976383519185496e-02
7.656589706000291073e+01 3.778996525742432944e-01 1.392529019975541696e-02
7.513665360754036726e+01 4.647019907055494059e-01 2.141675861309046136e-02
7.547941433570149172e+01 2.973652988872456104e-01 2.529871660894067800e-02
7.699431447973429954e+01 1.633918237760356718e-01 2.797211631059459691e-02
7.702614803099868368e+01 2.947524750658414017e-01 1.418671978982087578e-02
7.711400864006093059e+01 3.576427500294619422e-01 1.288878839962065773e-02
7.582792192464162895e+01 6.226172942792489451e-01 2.008049637763132528e-02
7.531802940566434756e+01 2.091503374693359230e-01 2.864438528502156328e-02
7.690775948957768549e+01 4.507439113917227624e-01 2.121065992240077011e-02
7.731401923533279330e+01 2.251679610452089197e-01 2.079312673617101509e-02
7.634705351497274251e+01 4.482446931875220808e-01 2.155533190312417316e-02
7.543448825826378368e+01 3.164073838920373749e-01 1.182237462214516532e-02
7.373903126672973940e+01 3.931341370108287214e-01 1.817198104240807729e-02
7.579858270101973972e+01 3.930946679366614793e-01 2.681468480509560659e-02
7.659448795482758499e+01 5.028072830217811262e-01 2.245214211735257342e-02
7.636221346357999096e+01 3.340388822504599120e-01 1.372928994081162694e-02
7.701599860564012090e+01 6.545339799847138540e-02 1.714022996450840011e-02
7.608293035056760800e+01 2.310237676586636979e-01 1.779631257037648032e-02
7.789937556622723491e+01 4.204023885781678627e-01 1.665449911801590577e-02
7.559043348902763171e+01 1.822996051448156074e-01 2.343899407807871829e-02
7.581025754958952234e+01 1.133533529105452131e-01 2.049162727712223672e-02
7.649897888360182208e+01 4.063140973175052850e-01 1.964217173377183143e-02
7.568732883721362725e+01 5.086264680489528400e-01 2.003212759072952112e-02
7.677956183159793113e+01 2.560460356623741607e-01 2.336541293480894066e-02
7.460437100759590123e+01 2.637932454281366468e-01 1.410597931987290707e-02
7.545502667813053677e+01 4.350470040231070867e-01 1.701304444242098673e-02
7.677825612547408696e+01 4.617265182057040396e-01 1.986547651900820097e-02
7.705376710505628068e+01 3.631085958138675629e-01 2.056798502723674454e-02
7.681031558931692871e+01 4.939938089991853798e-01 1.689137115849486531e-02
7.510079909982393076e+01 2.082085454344656528e-01 2.485086814505636441e-02
7.718936762312836208e+01 2.562963066666064660e-01 9.580421710051963829e-03
7.538524326007691911e+01 3.647854177806996168e-01 1.967452127325447497e-02
7.624034774675537562e+01 2.576655581724401900e-01 2.494677621809641282e-02
7.640319180175464453e+01 3.686463472363802341e-01 2.077593016110576563e-02
7.658436816361084709e+01 3.558571688180961479e-01 1.547280669202057493e-02
7.643306309537513243e+01 3.891508171946519989e-01 2.563483642046265540e-02
7.647610714828371670e+01 2.134749481268463644e-01 1.604235448988291374e-02
7.562485191874706913e+01 3.289463908136525117e-01 1.940372633508491082e-02
7.493626793436908429e+01 1.970279965684948453e-01 9.763308415089346631e-03
7.294052507613199055e+01 2.968218177045074957e-01 3.131819695191637165e-02
7.785677952379143107e+01 2.121768587877028711e-01 2.073123559702736915e-02
7.459542048994983077e+01 1.787890469141878991e-01 1.415867025546156156e-02
7.583450131555817109e+01 2.917540389788023658e-01 2.123269254052126409e-02
7.672321638970429092e+01 2.763119076604841906e-01 2.017659497884208980e-02
7.496618749330978915e+01 1.755502975742818661e-01 1.268793977537409703e-02
7.670924780112822816e+01 2.762092151911756388e-01 1.087258408378339800e-02
7.599691104731638802e+01 1.851178668213916412e-01 2.809940887303889051e-02
7.548117827841318217e+01 3.781505985819121340e-01 2.531201476773164635e-02
7.510507154744296088e+01 3.176047117554707810e-01 2.269984342140559178e-02
7.617554617241010817e+01 3.461100759309818087e-01 1.351400295824803019e-02
7.661403621971452083e+01 2.613835805827290915e-01 2.170464011358117645e-02
7.697998884555146049e+01 3.768808507518273676e-01 2.170107183165596865e-02
7.670212829618452588e+01 3.788411053888784963e-01 2.729512761650695896e-02
7.602594930053723488e+01 3.263956993442388432e-01 2.454666736085908338e-02
7.556961239023648602e+01 1.764732527322014355e-01 2.240600085162327074e-02
7.585397631538405960e+01 1.892472588265632361e-01 2.244166794819433056e-02
7.749113301502924855e+01 1.470257453710913931e-01 2.498695119617795959e-02
7.352293248425432637e+01 2.699713369818486086e-01 2.897812640118331562e-02
7.573167595148713360e+01 3.189938395820992034e-01 2.372129854035880808e-02
7.434352648593934987e+01 3.172094800839755369e-01 2.031323449737223660e-02
7.792232097324874474e+01 1.864259169002176475e-01 1.813883260268233516e-02
7.513164420917638608e+01 2.065588196308620339e-01 2.549952549787599249e-02
7.608665150200081939e+01 2.544432803573479229e-01 1.747392243345104526e-02
7.549677292305460696e+01 2.626196822592306024e-01 1.383197393029627145e-02
7.580127045743479641e+01 2.740793308347855284e-01 1.630343070047150095e-02
7.621504625630497287e+01 3.339889480118158338e-01 1.728464773516240338e-02
7.591586584923375369e+01 5.258623726900857331e-01 3.034357687122993946e-02
7.500590980987026057e+01 2.185552433411441231e-01 1.483217913662440712e-02
7.711705393997223723e+01 2.701470700424305482e-01 2.116914265168926695e-02
7.805696733328088044e+01 3.089535205689537545e-01 2.344511571588937110e-02
7.658042074930040144e+01 2.511782648304050625e-01 2.516664259386272584e-02
7.521029919089981775e+01 4.439879786444175802e-01 1.713438553556527119e-02
7.558203227946390257e+01 2.011512176373208283e-01 1.549141750821147676e-02
7.563323567767146471e+01 6.686514420893879818e-02 1.886179345768001711e-02
7.555202576275848969e+01 3.890011098611831919e-01 2.206332067491134641e-02
7.535236256890070194e+01 2.641449240574093027e-01 1.885552176331269439e-02
7.754595655447585045e+01 2.277695319543557861e-01 1.648897236609437114e-02
7.493141584838285496e+01 1.617960520563815063e-01 2.149757865183168221e-02
7.626290333107321828e+01 4.382761852835351801e-01 2.508004394013136490e-02
7.845711671453180713e+01 3.026127232458903915e-01 1.872912407904289353e-02
7.475977365486664894e+01 3.796578167476325483e-01 2.057821581193336122e-02
7.671126630501068178e+01 1.960875780761600073e-01 2.171514238549609663e-02
7.626519961795393954e+01 3.239035039893686796e-01 1.666699556980232033e-02
7.724932464855339731e+01 5.150307578978011724e-01 1.458368767659699861e-02
7.678044397959295964e+01 2.221498486596107380e-02 2.326151194869491984e-02
7.418984538345824831e+01 2.575032652100741615e-01 1.359500164997926551e-02
7.584438850505060259e+01 3.938793698367828444e-01 1.093993529889257001e-02
7.570052031048436447e+01 2.586631231183943447e-01 2.771243260425304902e-02
7.649176100785028609e+01 1.922782886726577267e-01 1.770100302912000143e-02
7.761610423838553174e+01 3.814365316774024350e-01 1.552081237851013831e-02
7.579292946161690736e+01 2.864890851591851972e-01 1.737569791631314239e-02
7.434978784367831395e+01 2.422378284610031685e-01 2.677658197983109542e-02
7.567885551293882429e+01 2.996746369539081134e-01 2.068549096026133655e-02
7.827814139471212229e+01 3.108874771416961225e-01 2.533631879796834768e-02
7.546181982794880128e+01 2.840600739497508576e-01 2.006123279565992859e-02
7.528586705815061464e+01 2.896282219397042224e-01 2.433195578445497553e-02
7.525963543890811991e+01 3.100089030963638081e-01 2.345723683734601481e-02
7.523553395118726428e+01 4.195413792614955950e-01 2.035552916932352463e-02
7.589487743666070685e+01 1.091852194199785242e-01 1.817750028286110528e-02
7.643159241614530686e+01 4.845345018802467707e-01 2.277019099566640614e-02
7.718621623177834579e+01 1.890895426378061128e-01 1.938135367974168702e-02
7.728074644232886214e+01 2.212266449600076845e-01 2.470840306816147677e-02
7.679331786460033982e+01 3.374723648449819979e-01 1.839657256031231730e-02
7.507370484542757083e+01 4.875379294103313610e-01 2.308225618401966300e-02
7.640061612467545160e+01 2.687150251797748579e-01 2.018473965653647811e-02
7.622471726997002861e+01 3.499875684733572689e-01 2.358214774864358237e-02
7.527752847414491555e+01 1.633403034512995455e-01 2.041112610377315839e-02
7.431278266267524657e+01 2.776339005006361882e-01 1.751614717018652387e-02
7.655174819220167137e+01 5.082597035486309256e-01 1.051419207851921230e-02
7.833418503031840885e+01 2.866924840880973879e-01 2.169662771791502562e-02
7.464516784237628144e+01 4.096871570226320314e-01 2.020230505537426446e-02
7.599853258881171314e+01 1.162614885097046080e-01 2.035998445779232946e-02
7.690582832381657852e+01 2.863721364516811363e-01 2.572780168606902951e-02
7.719289517189136518e+01 2.458904617259152214e-01 2.778104321364582158e-02
7.610529496432508267e+01 3.149745250787830408e-01 2.048283523220844476e-02
7.612931575094113157e+01 4.698666433414916410e-02 1.909509074053794900e-02
7.469605352833754353e+01 4.726335702215676560e-01 2.773699020351805267e-02
7.691193833245559119e+01 2.861532562661111556e-01 1.508285396778683701e-02
7.540241899872440001e+01 5.042641906426033049e-01 1.662342738282946222e-02
7.370440464561393412e+01 4.130165508485393877e-01 2.731952738350192089e-02
7.771921568716652473e+01 4.138348004249328693e-01 2.586107159626722593e-02
7.611293407405354117e+01 1.023704376508336733e-01 2.013600508048787180e-02
7.668157277241941472e+01 2.964729943433749848e-01 1.911787259151407140e-02
7.509588196098168567e+01 2.098261256727974033e-01 2.896657812081009781e-02
7.793434636988014574e+01 3.097352868753896482e-01 2.137328587850208239e-02
7.507914194296297694e+01 3.742574849939453996e-01 2.858365449567902561e-02
7.453076922005530491e+01 3.563883299702393925e-01 2.262937679339043981e-02
7.658760651488925930e+01 4.742817667848469032e-01 2.993179615693245324e-02
7.582651632212734683e+01 3.773173672156358016e-01 2.041089612549297147e-02
7.542788470706030068e+01 3.370814156881014600e-01 2.327560745609877010e-02
7.627692868541699056e+01 2.218818790513882311e-01 1.773872858606986500e-02
7.560409257982534825e+01 2.257556045069295525e-01 2.152946137368618937e-02
7.647811209629307427e+01 4.079517600887196394e-01 1.581647635043594707e-02
7.548252131377121543e+01 4.654569451931238055e-01 1.919758115086380584e-02
7.609013102925163707e+01 2.924896278604350863e-01 2.552697960352021470e-02
7.723180868071503369e+01 4.213208100588847760e-01 2.012959810418316065e-02
7.518756402251099757e+01 5.025213077759254077e-01 2.417711696075862046e-02
7.560334101860760825e+01 4.523818846944410721e-01 1.738727358410197682e-02
7.747070340318866499e+01 4.578284589384491454e-01 1.550496208936070347e-02
7.664175830302096415e+01 3.882190703961329037e-01 3.275565463212844891e-02
7.531769888236614463e+01 4.532543276993828973e-01 2.008461472211489976e-02
7.481863581641943028e+01 2.980012830165712501e-01 2.001202322487662111e-02
7.500110980688471329e+01 3.412173618851529477e-01 2.467224027072479134e-02
7.629820065406201479e+01 2.558155910620123485e-01 1.927574600777089836e-02
7.605545664320655419e+01 3.317321627481048529e-01 2.541380859629283756e-02
7.633193975338609505e+01 1.697303371370289526e-01 1.725697038054296861e-02
7.622602105089663382e+01 4.224124484954113745e-01 2.633095825139781382e-02
7.783468534158745911e+01 3.230614397579305019e-01 2.372345939269509055e-02
7.460553846559703572e+01 3.529881573161482988e-01 1.475480926116652658e-02
7.599746080424525019e+01 6.129838388872141941e-01 2.148075237166063162e-02
7.519618678081967289e+01 3.507789005957905326e-01 1.747768201663729357e-02
7.509925588684245668e+01 5.203139533390500615e-01 2.520396110374025986e-02
7.640553662499574727e+01 2.708176709752458944e-01 1.848395374159902960e-02
7.760248186684415828e+01 3.406577537664567945e-01 4.961926131957006270e-03
7.848093851565883483e+01 3.283062356972284990e-01 2.167497075968203429e-02
7.714669481343480584e+01 3.565402827311586753e-01 2.364345667178931881e-02
7.563627653263507966e+01 1.870204676033613289e-01 2.136698917791803390e-02
7.749161465227459189e+01 2.452197441616882356e-01 1.644866343990352905e-02
7.728101926037993508e+01 2.642754794858908629e-01 1.799726871300291742e-02
7.568685572705375364e+01 3.035019019009521091e-01 1.232371660535590621e-02
7.552065988745837899e+01 3.330368019139721691e-01 2.108896554231624171e-02
7.721799305257958679e+01 4.939392222194805004e-01 2.737796803250928598e-02
7.697465238407393429e+01 2.951265409232792791e-01 1.696063868313717193e-02
7.607787843250839899e+01 3.685578769772898111e-01 2.400945267436910974e-02
7.668308573351585267e+01 2.978824528623947310e-01 2.383835238947444590e-02
7.732087250508349996e+01 3.980160384067541468e-01 1.984383875530049482e-02
7.522615130749399270e+01 2.242432570611892495e-01 1.667698720198936002e-02
7.631707519867492806e+01 3.619803753555633219e-01 1.309984235149253690e-02
7.555600489163644795e+01 3.343285465305393944e-01 1.561131751171901220e-02
7.649390415305960289e+01 2.792571709083433995e-01 1.647112062600362622e-02
7.611320543244889336e+01 3.492280329579100506e-01 1.586083456453693877e-02
7.581738762018595423e+01 3.567678377307108017e-01 1.628248691064991538e-02
7.440224315957610202e+01 1.563426154310245397e-01 1.796072749240502572e-02
7.474158172369486408e+01 2.752278104823754346e-01 2.812167244474477606e-02
7.468140161231131913e+01 2.817395148522299220e-01 3.040148563059211911e-02
7.646813008297571912e+01 2.732276712524400741e-01 1.923471885600371717e-02
7.648936250839328466e+01 4.795771930627440449e-01 1.741047020742808593e-02
7.530238971711172269e+01 1.721191267219772392e-01 2.050290747565758007e-02
7.465431263018209052e+01 2.636217375178205313e-01 1.556739784824218327e-02
7.713412351023410451e+01 2.591603612633194276e-01 2.193624550246641922e-02
7.445590799831144579e+01 3.231506954452845748e-01 1.413092533726463887e-02
7.563435150007013874e+01 5.311202574256224107e-01 2.454719208410187370e-02
7.593158741716869997e+01 6.298941909783196680e-01 1.553573321769113197e-02
7.722521638207535943e+01 1.567325543152885414e-01 1.881013288952220613e-02
7.471221024981943515e+01 3.357275915090874863e-01 2.027302562721344792e-02
7.575233520081641814e+01 4.192057025126306735e-01 1.723366354632785077e-02
7.638685174780732723e+01 3.920554940271338551e-01 1.276477459075032496e-02
7.531158565832561180e+01 3.153860967315834096e-01 2.307391911916253230e-02
7.748123776592153433e+01 2.884120201272079576e-01 1.845623881634202851e-02
7.518740396978634521e+01 3.429984092177033039e-01 1.855064598196052780e-02
7.578596773717428903e+01 3.006111494111491367e-01 2.269086859556262992e-02
7.549626944682074736e+01 2.327841911091095006e-01 2.210597163967855175e-02
7.303427509811741913e+01 2.496321826338314398e-01 1.438385610045188334e-02
7.726325822301679125e+01 2.659067237457103383e-01 1.726479943772082568e-02
7.601137751474672655e+01 2.504627571535086306e-01 1.803586264315348853e-02
7.615711041042317220e+01 2.677959565493731597e-01 1.790625633038030878e-02
7.504984232628869734e+01 1.946216259479468802e-01 2.029578974434283201e-02
7.636660050978582603e+01 1.671843356216050347e-01 2.370703129454072161e-02
7.682404763982475515e+01 4.074689138278623224e-01 2.146287358410047669e-02
7.669708210028899487e+01 5.285025844578321585e-01 1.852916292254978836e-02
7.501430849911044163e+01 1.565940116778538338e-01 2.856426307430398603e-02
7.782878725869865377e+01 2.175400258065769421e-01 1.645209359668996923e-02
7.573600896246882996e+01 4.324256872145983421e-01 1.372047708058385211e-02
7.409338047511113245e+01 5.267514476562160652e-01 2.152377213131744307e-02
7.651441330591856627e+01 2.894893994800006864e-01 2.227212157911231255e-02
7.454579411665901034e+01 2.259079433139770110e-01 2.051296529035417232e-02
7.378910910709976179e+01 2.797482386185770609e-01 1.822358843739313450e-02
7.575730976804963746e+01 2.548918192179018827e-01 1.514199060549025616e-02
7.423796814972908464e+01 3.244747047167412246e-01 1.853598055221344909e-02
7.468471845343132998e+01 3.162533412833770652e-01 1.856121856062094636e-02
7.559897604833788876e+01 9.431051131925494158e-02 2.333057323077021225e-02
7.482694895989087058e+01 3.163270254841241691e-01 1.605722710520637517e-02
7.567127348245202256e+01 4.252292491749911085e-01 2.259325951611402053e-02
7.719003994628947396e+01 3.430385494621573383e-01 2.193240772849161177e-02
7.427886099977382628e+01 2.782475006133445783e-01 1.890288325927508284e-02
7.728366482035197293e+01 2.593770672093071439e-01 2.129199760515181755e-02
7.628575734308475376e+01 4.257675160280727233e-01 1.934758984240910612e-02
7.688778694869314734e+01 1.395134865862475426e-01 1.212673447344418676e-02
7.377665565537547820e+01 3.885984975133333075e-01 2.328618018433529710e-02
7.695682757389928952e+01 2.422638164293806906e-01 1.725098703641626124e-02
7.593895235733769766e+01 4.543699302947655783e-01 2.826257623230268856e-02
7.685380848984137003e+01 3.431019724803501258e-01 2.651406194000061403e-02
7.580415754285044727e+01 2.709058469517705015e-01 1.937062380188384753e-02
7.508128563058042459e+01 2.924990635628387237e-01 1.454922905471248661e-02
7.708500781889958375e+01 3.643687391033018086e-01 2.697347510998939282e-02
7.443071719708581213e+01 5.001696946922072895e-01 1.232938822539785158e-02
7.486169192491679780e+01 2.479178453136909877e-01 2.637912532668226784e-02
7.628557349722856884e+01 2.856170749478428306e-01 1.613352470904799718e-02
7.468406484933930756e+01 4.232627323693010646e-01 2.389580127340799887e-02
7.741245037709235532e+01 3.496818126981124375e-01 7.111695324119340217e-03
7.481541706731854902e+01 3.564871305846708527e-01 1.819650231592185446e-02
7.550115803307187434e+01 1.996773235110471112e-01 2.462238813372946700e-02
7.651619263741430643e+01 3.601191222908122769e-01 1.690925732299972117e-02
7.623628775889980602e+01 1.762235073803518903e-01 1.936669277636003314e-02
7.353207042140689964e+01 1.531883860865444758e-01 1.842774710120970161e-02
7.843511814627493095e+01 1.299256926575135529e-01 1.393375320712261951e-02
7.627677479669280558e+01 4.869422906014603258e-01 2.098620730238084583e-02
7.676214185230415410e+01 2.762396249323522679e-01 1.750916298078352903e-02
7.614218435206775837e+01 2.441710609373895502e-01 2.353302116447680836e-02
7.445372810105442341e+01 3.989987032566834069e-01 2.019177079172074230e-02
7.584527913139913835e+01 1.457015439813578173e-01 1.522054306342502522e-02
7.725865147313318460e+01 2.891401001966634743e-01 2.135804129694059139e-02
7.518046798668466124e+01 3.070945363774549297e-01 1.330657537502448994e-02
7.615988225428789349e+01 3.470640897270204639e-01 2.156397427895130614e-02
7.515641516950984169e+01 2.757949015899498479e-01 2.262045924869088634e-02
7.584856240472190336e+01 2.812694617659889929e-01 2.928520784695393814e-02
7.510901088113388369e+01 4.180418468088982764e-01 1.436741139753692359e-02
7.671478108577142052e+01 3.808152558123973352e-01 1.751041387777050803e-02
7.484252314713789644e+01 1.129566796196582179e-01 1.699944629792519285e-02
7.658621864795232170e+01 2.022371842900421435e-01 2.047291990694501476e-02
7.458357020208916310e+01 2.866111807896035701e-01 1.440466388195740972e-02
7.598201949810557210e+01 2.598920530392467843e-01 1.419333592079219386e-02
7.540112652211105626e+01 2.165843137758006742e-01 1.359061121835408378e-02
7.714274582528942403e+01 2.739825135549075474e-01 9.257436833786996874e-03
7.543671919240532020e+01 4.014711713818264194e-01 1.628605544752499343e-02
7.755774387813363546e+01 2.243337945038410830e-01 2.245564905276319773e-02
7.709663858459101959e+01 3.550193972311432855e-01 1.329515134321448445e-02
7.511753142307843234e+01 4.270070990386581888e-01 1.607506606667328045e-02
7.703567651390220306e+01 2.669715278185056384e-01 2.068993814253244565e-02
7.467389272297904768e+01 2.491732425287501718e-01 1.573021277834282111e-02
7.628559965055818282e+01 3.193197579715882362e-01 2.225682876217382686e-02
7.556947749690732508e+01 2.169769928705421735e-01 2.089136139289906116e-02
7.503041109699296385e+01 4.178422526422588268e-01 1.944135421176042614e-02
7.573386489029505242e+01 3.562175622750211046e-01 1.962749024667455322e-02
7.440194828316479914e+01 2.038570100610566371e-01 2.515955465299812149e-02
7.614388434784459037e+01 1.418432197636558534e-01 2.171761983763495843e-02
7.550074118013024815e+01 2.225500047491217881e-01 1.441525499690806886e-02
7.705992947131869641e+01 1.134501627994649875e-01 1.591447768566102428e-02
7.618012676591123977e+01 4.678363068903496624e-01 2.270174729926984977e-02
7.521397538446720432e+01 4.629353454106814869e-01 1.338964195265866970e-02
7.632533616535515364e+01 3.587784645752215007e-01 1.570187520390028610e-02
7.675759305188825010e+01 2.586109871059040222e-01 2.339093867081934106e-02
7.422040450741378947e+01 3.434976090228874512e-01 1.798972354783607425e-02
7.720970378296782144e+01 3.056019270229049511e-01 2.609380260351277722e-02
7.656761276503306135e+01 2.972491540951842648e-01 2.384228931519168440e-02
7.685405846452712808e+01 3.571910004491213875e-01 8.818042074999104044e-03
7.507743950923560305e+01 4.484105846505923587e-01 1.387343485153528719e-02
7.694246115006581022e+01 3.806452656779668597e-01 1.645974457764863563e-02
7.406476837288327886e+01 2.531087402052073498e-01 3.013665874942932435e-02
7.519672270779064149e+01 2.305742655400729313e-01 1.513374433995206408e-02
7.727478447654952731e+01 2.857084288374893699e-01 1.694679888317493152e-02
7.747347401719535753e+01 3.679494087935537006e-01 1.551565735751092925e-02
7.483641608893822195e+01 4.258169964879973124e-01 2.008189348166690771e-02
7.451093598014388419e+01 1.316884313106450877e-01 1.455590870634263997e-02
7.482051541189697730e+01 1.053923029098563502e-01 1.463655128464148164e-02
7.514091943835614984e+01 2.637318711615429523e-01 2.825809778111079695e-02
7.579315672790173153e+01 2.932425162255785644e-01 2.248417250633630640e-02
7.582268192893344860e+01 3.500152963886708490e-01 2.136885305830113838e-02
7.618258856559924652e+01 5.866466084418958671e-01 2.444451631241147463e-02
7.497827801529327019e+01 3.470222186189163560e-01 1.613786923580624172e-02
7.650625076405985681e+01 1.724812582891730173e-01 1.459619781422449164e-02
7.640390756249013293e+01 4.097669113598025326e-01 2.245192365245372162e-02
7.691411733453522004e+01 3.473818558763845932e-01 2.084144438552357204e-02
7.555630672574156392e+01 3.913001808716797258e-01 2.499941089183727733e-02
7.599688430867023214e+01 2.983073958221341693e-01 2.776295517913286368e-02
7.603957822018378465e+01 3.175685870365969055e-01 2.236207759879461215e-02
7.596219374404584812e+01 2.279659677256904715e-01 2.184373451474888941e-02
7.602124498997767432e+01 4.942249756474496603e-01 2.384609048923110389e-02
7.546451771355700089e+01 3.829060219190375536e-01 2.150178455966331864e-02
7.736942630194550929e+01 2.575545787170960832e-01 2.092037145541231560e-02
7.596090635090750709e+01 3.158479423058299651e-01 1.568195634632219698e-02
7.663591166791317733e+01 3.517964275849496669e-01 2.626938349717949234e-02
7.604997414801322009e+01 2.688160491751864778e-01 2.385021647777579162e-02
7.526579561840031829e+01 4.184984535083958734e-01 2.528215608494489147e-02
7.731727890113441504e+01 3.476622984679493267e-01 1.762684691415723759e-02
7.616918772630536694e+01 3.480068895079206359e-01 1.726760173079084845e-02
7.739311628892521355e+01 3.680084167568543063e-01 1.564769290086826664e-02
7.794287367646577991e+01 3.197389275170177125e-01 1.466291198609762786e-02
7.522974587725272499e+01 4.587783597165344673e-01 2.890236544496010973e-02
7.706948505348091771e+01 4.419308648587135790e-01 2.593470955511517628e-02
7.661691615276406253e+01 3.429041787810925834e-01 2.263347899744686670e-02
7.679601544314328976e+01 2.358401993473601688e-01 2.357053038688834354e-02
7.751861684729702517e+01 2.893627571670969179e-01 1.847196202282050392e-02
7.653654630923867330e+01 2.450342449591863536e-01 1.357649455303655550e-02
7.720771904010517517e+01 2.649048739976567202e-01 2.008999306692784911e-02
7.544987495899194130e+01 4.376754814912998670e-01 2.416183491845860787e-02
7.581926045884630128e+01 1.920102635237248001e-01 1.830765948849658389e-02
7.663015269994971845e+01 3.288635704079765354e-01 2.053218558269262126e-02
7.627169875946981392e+01 3.858796231498159424e-01 1.979580876065832259e-02
7.651001345045951041e+01 2.113080792254901641e-01 3.245780866817232074e-02
7.577614068068375275e+01 3.303593007883977584e-01 2.276324646237175980e-02
7.564920948759946384e+01 3.107824794249463007e-01 1.997890377881353721e-02
7.514596190742662429e+01 3.538589425539638289e-01 1.195501542312814129e-02
7.781270844241662132e+01 3.892970884978392831e-01 2.311767003733354586e-02
7.432335788756675754e+01 2.307471326706979353e-01 2.677729327221977512e-02
8.021124139703960054e+01 4.294692465057030617e-01 2.505826053780951801e-02
7.658497422811419142e+01 2.252502804289829297e-01 2.485450772292844418e-02
7.495879266290307896e+01 1.889414834860146386e-01 1.378766182712931609e-02
7.703572264650159696e+01 3.042585945072497911e-01 2.049199073124088194e-02
7.604459606294932428e+01 1.974283458801774915e-01 1.672814192186632132e-02
7.543957379374654693e+01 1.694728552774639185e-01 1.754043855951048156e-02
7.497869354360376803e+01 3.677675628866992619e-01 2.322424909252109385e-02
7.476636087736011405e+01 2.803368235751999560e-01 2.905395064056928711e-02
7.507923710232171288e+01 3.526637817795065799e-01 2.051474114147748551e-02
7.715288755784091279e+01 3.395466841357406285e-01 1.789611961988414601e-02
7.612676412147288829e+01 3.181369943953735735e-01 1.955270642788866503e-02
7.474088854467598253e+01 4.343088607597892503e-01 2.520211506275280705e-02
7.501581097313014368e+01 2.799274367816246833e-01 1.890202112510138560e-02
7.490348119950041905e+01 1.233203732237732608e-01 1.672881633213494507e-02
7.570359765974880872e+01 1.658766666635980991e-01 2.086330616627062734e-02
7.722285630331634820e+01 3.942116146165267621e-01 1.938202120410381299e-02
7.421958830347880109e+01 3.815702340659047898e-01 2.071410814177833404e-02
7.648435110921802504e+01 5.036102800302513227e-01 1.597652863643583832e-02
7.318518406687796585e+01 2.046545422190242935e-01 2.237095155252595904e-02
7.608692590174804593e+01 1.884363870401318253e-01 1.307454935035887514e-02
7.570539098418259982e+01 1.853905330118194306e-01 2.253967521099768667e-02
7.564857311137373586e+01 2.472882115668288139e-01 1.630109071744874696e-02
7.632312272658059271e+01 3.142609223760035597e-01 2.098515741396387441e-02
7.624012944380581303e+01 3.027804463403293567e-01 1.496033861727760587e-02
7.532961987326874009e+01 2.705325094861062984e-01 3.007412311262596533e-02
7.471116367958319415e+01 2.681023496683109242e-01 2.047935151273409110e-02
7.575666724672751684e+01 4.173969541437737574e-01 1.849513204632748098e-02
7.582545860084938738e+01 3.914628513616317251e-01 2.883273981911402967e-02
7.746749837394833094e+01 2.963346115890856391e-01 1.975846725984193447e-02
7.610671924478420181e+01 3.246999408462585279e-01 1.586659456415700012e-02
7.699659379885544297e+01 3.306609127722786590e-01 1.978118932285212808e-02
7.478885462344092616e+01 3.162286208490612260e-01 1.076481803306924070e-02
7.547835065596777326e+01 2.536902293520801321e-01 2.139997655164692369e-02
7.793985002494530079e+01 3.671907465665437131e-01 2.706537596407616181e-02
7.670521217310357542e+01 4.225053489687615738e-01 2.905915781923466487e-02
7.532816316769775256e+01 2.302895565868496586e-01 2.326249219745035041e-02
7.605632154593776306e+01 3.320353832806960948e-01 1.878699077020799801e-02
7.546374128297529182e+01 4.720764668775025430e-01 1.463482383502480791e-02
7.674639225924154573e+01 3.624228285730449750e-01 1.229749610941344336e-02
7.522921967000641530e+01 2.437309439050132365e-01 2.275406884544678779e-02
7.569296489406944772e+01 3.014410193389194803e-01 1.288952508787937629e-02
7.838591171671531299e+01 3.171195618739496846e-01 2.243415071852167958e-02
7.551937451143477631e+01 2.447372672932148774e-01 2.933016904855381343e-02
7.414327839299336631e+01 3.378647068430776779e-01 1.409022492142491048e-02
7.565499884560300359e+01 2.461905532325979196e-01 1.519035276380854664e-02
7.609544172970632303e+01 5.319708526939342930e-02 1.846103179551854961e-02
7.596971002465002698e+01 1.740723453593987224e-01 2.738155473877748255e-02
7.546554162520268960e+01 2.862515757535162852e-01 1.711112602968437729e-02
7.597843387956942252e+01 4.408144093506048966e-01 3.206349172645597823e-02
7.680563920370066455e+01 4.187993766971771503e-01 2.837281698281503631e-02
7.630887107676646508e+01 4.670250873611869746e-01 2.386537137751416210e-02
7.620398735931156864e+01 3.450341034451467892e-01 1.111503920308378260e-02
7.635211926044615893e+01 1.556252479553703605e-01 1.207185779701898734e-02
7.625287868902522348e+01 1.985921404799945722e-01 1.996529877412986376e-02
7.619843451934987399e+01 3.283049600817135039e-01 1.558965167296535829e-02
7.695868238248120008e+01 3.010764763533920751e-01 2.215158868376176579e-02
7.486356038605300967e+01 2.921672443204013092e-01 2.535265601595180704e-02
7.703017763180869792e+01 2.302707317075605997e-01 1.733874053378123975e-02
7.507131326993618359e+01 2.443587081739118094e-01 1.317528028923644311e-02
7.592182412759153465e+01 3.733138398182844209e-01 1.617047383511668879e-02
7.596939371733883206e+01 2.879501592368643448e-01 2.514692064194253354e-02
7.544840816319558030e+01 2.524783892349148351e-01 1.587306766686653187e-02
7.492249047992152100e+01 3.629184991446969821e-01 1.934092294472937457e-02
7.611480985982331049e+01 4.374641156195396841e-01 2.649795476062376601e-02
7.441376569216519954e+01 3.747834673095567504e-01 2.110071671078628947e-02
7.559840900085406190e+01 3.427683687027942572e-01 1.157861836477665392e-02
7.752264234277640753e+01 3.614944097071907669e-01 1.577952319593824843e-02
7.547458977818047288e+01 1.396853524452559558e-01 1.846850122031095526e-02
7.557726802275941225e+01 1.774889612876240919e-01 2.378879138395013915e-02
7.733679718969447947e+01 3.072639509955522041e-01 1.850903959587137451e-02
7.649498460213179385e+01 3.080361037504956712e-01 1.472107699399421293e-02
7.540732201341273822e+01 2.803563993251969033e-01 2.121066631452046825e-02
7.606933671787646745e+01 3.310369379987115890e-01 1.256181471568818681e-02
7.672521774408492945e+01 3.103415884008512426e-01 3.245223928853734063e-02
7.567236562982358805e+01 3.423458495109372168e-01 3.380106908394391041e-02
7.625409162950317921e+01 3.032369460723983168e-01 1.518574685487487051e-02
7.758826636720898762e+01 1.940898413823429758e-01 2.208351666755181686e-02
7.558644467869162042e+01 2.910663737421977926e-01 1.305398893360947173e-02
7.740312722173389659e+01 2.822202694081723529e-01 1.407273337125349369e-02
7.731269059704008839e+01 2.595863186962696356e-01 2.163223069136937377e-02
7.690141638213437147e+01 3.574034330574319962e-01 9.284704631712020761e-03
7.675535670097778507e+01 2.999386237334871752e-01 1.839498196681301281e-02
7.595092505102478242e+01 1.489967206058918081e-01 2.093741909591123260e-02
7.469560862629069220e+01 2.814160290443368795e-01 2.076226551969858822e-02
7.713403708798762182e+01 2.280386840140285476e-01 2.708091400900482573e-02
7.700685325351514621e+01 2.670590257509463661e-01 1.459146699315803410e-02
7.461618381776958131e+01 3.371753851533139112e-01 1.640349195345944255e-02
7.725935680528171190e+01 2.420476170171729502e-01 1.560648302413672125e-02
7.629362635124431335e+01 2.413953142840576660e-01 2.004170728472587024e-02
7.704598933005851791e+01 3.217229331668723935e-01 2.059007054001328954e-02
7.626514670890841785e+01 1.406901009714606743e-01 2.191140365819751329e-02
7.621993157672589803e+01 3.992897326983421147e-01 2.295517463969326544e-02
7.585805136839448437e+01 4.132392891510690003e-01 1.857253318237697334e-02
7.630715710407770302e+01 2.788850569520643918e-01 2.225247709718639749e-02
7.568351021736224027e+01 4.747551608941567580e-01 2.984079384012507108e-02
7.693393825418600329e+01 4.641296649414028419e-01 1.249163667873635572e-02
7.463862225672501438e+01 2.778439433368786737e-01 2.020112665979940242e-02
7.586179258190033181e+01 1.457864750367046380e-01 2.561752051865193863e-02
7.821419823335693877e+01 4.380987679172622662e-01 2.529523545749498559e-02
7.628611960514560053e+01 2.257002629272862881e-01 2.035379537871203834e-02
7.816558803684151258e+01 2.748011887492943783e-01 1.778069635207833385e-02
7.716730365910392209e+01 4.273686050745595932e-01 1.586389363036681127e-02
7.579851538676257405e+01 2.598094504098565349e-01 2.033994819054190523e-02
7.716368667095149192e+01 2.295972478871908806e-01 2.531543810847286177e-02
7.616165124892131644e+01 5.426192136314278436e-01 2.155527260668718692e-02
7.596308143037073535e+01 3.674714727115992452e-01 1.835538420542824276e-02
7.426472687664818295e+01 2.859478825728901663e-01 1.874978727283304822e-02
7.446768253945019467e+01 3.026964810205507450e-01 9.916535489710255613e-03
7.571231316484451668e+01 3.343595992044672283e-01 2.047315208360113437e-02
7.564893052711317978e+01 3.014469598051928712e-01 1.617529542693741176e-02
7.607081651942253586e+01 3.158086406591770756e-01 1.560853669316336623e-02
7.632769920050910173e+01 3.361452655080453544e-01 1.918921993375087218e-02
7.848104703628682444e+01 2.959297613315691189e-01 1.863788172988771821e-02
7.563760689079227006e+01 2.129060776923600296e-01 2.334584077972392049e-02
7.537375303198055576e+01 2.532051853002247332e-01 1.737443141688488693e-02
7.507505648415148869e+01 1.348916667455276885e-01 1.774175674556490931e-02
7.693333531271228765e+01 3.296979805465243829e-01 2.761256229360061279e-02
7.681095630498919036e+01 3.623964810274044601e-01 2.918365376903763603e-02
7.596285440499678998e+01 3.163075673504952001e-01 1.994407599190176766e-02
7.760378673118354698e+01 3.102515316459090733e-01 1.683767134596534515e-02
7.664767553796285426e+01 2.283740188942972038e-01 2.260230006153134130e-02
7.647384093414183326e+01 2.910597332193504139e-01 2.276005644920403234e-02
7.457221006969164989e+01 3.262962121324985976e-01 1.774260787967447961e-02
7.892226357728452513e+01 3.255825069640208014e-01 1.709077048886128297e-02
7.468169826394692734e+01 4.405406196794265927e-01 1.829252331939620543e-02
7.526864793292457989e+01 3.436299214009059799e-01 2.316936015319831163e-02
7.669395293320953044e+01 3.119750423059361455e-01 2.077653725310595056e-02
7.629203707568071025e+01 3.436396265628873237e-01 2.207261071171454786e-02
7.715445275130554137e+01 3.156414862025850310e-01 1.601559382521774641e-02
7.591570829689597133e+01 3.853780818734997005e-01 1.128522947129343389e-02
7.427924780462804222e+01 4.018276121392324596e-01 2.741523325293331037e-02
7.479479996498052685e+01 3.200459270832894942e-01 1.805099944918529126e-02
7.579916988775838149e+01 3.405531008756415567e-01 1.369331595604512605e-02
7.495278249950760596e+01 2.798748827078774704e-01 1.929085074197970512e-02
7.493404489431583215e+01 3.889647674789184495e-01 1.796311720433642345e-02
7.563818239393316389e+01 3.382658790229901014e-01 1.937117914113414829e-02
7.689747681290582193e+01 2.166577462199333337e-01 1.318348001432451816e-02
7.575021243620139444e+01 3.160236172935013133e-01 1.394753198001209490e-02
7.467224643829973729e+01 3.282297782337985637e-01 1.630350942773189232e-02
7.460748828299308855e+01 4.065341292314062493e-01 1.691807476620930603e-02
7.720981160386536146e+01 3.128470791109427274e-01 2.143784810758684461e-02
7.584850025390315409e+01 4.448377554543031520e-02 1.445470004364046712e-02
7.593429054028128178e+01 3.464729137292704708e-01 1.126988281761892238e-02
7.600639829213953647e+01 1.977735912785968386e-01 2.114448861019343692e-02
7.604059921430017255e+01 3.843501602429573727e-01 2.520401429359765341e-02
7.651898989927403250e+01 3.960393588970574363e-01 1.829101231256664156e-02
7.888311741126715049e+01 1.881180903505118851e-01 1.742558157117404111e-02
7.696135858274689667e+01 3.852721304860992624e-01 2.237750741045048397e-02
7.673531865799310481e+01 1.016442845393959182e-01 2.775267655872114270e-02
7.585610904113339359e+01 4.345894182270851891e-01 1.008035815137582267e-02
7.631656850348119292e+01 2.536497720855151461e-01 2.279083000771367495e-02
7.637707045246884263e+01 3.466047797499178240e-01 1.483443078911467553e-02
7.600303087918139511e+01 2.919832952070658960e-01 2.241614654491430603e-02
7.704929699543346544e+01 3.250475922008614349e-01 1.377476932493366425e-02
7.616757880956677695e+01 5.711076228409261990e-01 2.802929427798920084e-02
7.308560043724230582e+01 3.163343153694844756e-01 2.454692451344070436e-02
7.587767298743202105e+01 2.639909079856116447e-01 1.869773553617810544e-02
7.661218948543465501e+01 1.951530025624991227e-01 2.579848122736278643e-02
7.600400700830194012e+01 2.164975725888450553e-01 2.548463493365217547e-02
7.451486909488835408e+01 2.544789902998416120e-01 1.721134114495041778e-02
7.820394193823612738e+01 2.414979231360556700e-01 9.487974534145827976e-03
7.547818488472086074e+01 3.555550347404778377e-01 2.382480266626148604e-02
7.833653969344277357e+01 4.506897570985881063e-01 2.091669558007391502e-02
7.516858453242522842e+01 4.724027431347358474e-01 1.820212902279887135e-02
7.540184276378539607e+01 2.682926197845930116e-01 1.389127688343019806e-02
7.559497990882903196e+01 2.866891670021584626e-01 2.356417856493716115e-02
7.567191166489898535e+01 1.832540758161484706e-01 1.217672119386975504e-02
7.626956974752312135e+01 3.172625853469224766e-01 1.729603555505771634e-02
7.559254353950792904e+01 3.488486932799169660e-01 2.678315245702121011e-02
7.527985541585601936e+01 3.188902836215432579e-01 2.467448977563572662e-02
7.528388570980274608e+01 3.084367885436694601e-01 1.981465559469431162e-02
7.474870476495648575e+01 3.268498794765622439e-01 2.015387648099722581e-02
7.661508424959606600e+01 1.913113525339287524e-01 2.004863602566451034e-02
7.744173406365581513e+01 5.177499831912286687e-01 2.624453301937370447e-02
7.488292849434975551e+01 3.551052682043626119e-01 1.764318743921407945e-02
7.634390059312991639e+01 2.327783294223076394e-01 1.164159296657414459e-02
7.571548276130016575e+01 3.822602696610015172e-01 2.140487685596981215e-02
7.646294785991435106e+01 3.316350322979377818e-01 2.197330475534493149e-02
7.658951175908670450e+01 2.825318571045381533e-01 2.040434420204690832e-02
7.780325837486969931e+01 3.242031029001138931e-01 2.020762681197033062e-02
7.616288450722640846e+01 2.882091481683780043e-01 1.787631237209364246e-02
7.626867852436542705e+01 2.594284798040848994e-01 1.929017107572090009e-02
7.526948529347372130e+01 3.208011804534317557e-01 2.284973143500501278e-02
7.584808514008908276e+01 1.091621563110684034e-01 2.287986119051449788e-02
7.618018384275976018e+01 2.106768549986540173e-01 2.377204996255255151e-02
7.466157479928415341e+01 4.145407615324467887e-01 1.972016283098920741e-02
7.379113492462266777e+01 3.278329587263237310e-01 1.801857381419055479e-02
7.550315070817686092e+01 2.362274238543781713e-01 1.937943516653720805e-02
7.557481131883285741e+01 1.243309756811614430e-01 2.620520920330344020e-02
7.581564234403819569e+01 2.368064984121736605e-01 1.449549423148618899e-02
7.683073206745292794e+01 1.801568030903475115e-01 2.065359659442910639e-02
7.547635099812642068e+01 2.574580339437667620e-01 1.461678277572731749e-02
7.543968056747834794e+01 3.108812391506857731e-01 2.114786451877557691e-02
7.527440751871702673e+01 3.009065597562585737e-01 2.433392405351425536e-02
7.439737144305092897e+01 3.093731026408140794e-01 1.536202953462354436e-02
7.500731582788347396e+01 3.361011512998100526e-01 1.734023673820702868e-02
7.484319687376489583e+01 4.424283192069987658e-01 2.448824153332599882e-02
7.412769404364082959e+01 1.625571871997932016e-01 2.289491254301796036e-02
7.577512616696253644e+01 4.600574644354957221e-01 2.300651901727322063e-02
7.635946552385399855e+01 2.078137308174562714e-01 2.239726973104620364e-02
7.478423604524952850e+01 4.405244533410068719e-01 2.205921262935727975e-02
7.523516942324241086e+01 3.904677428132314887e-01 3.093426775188456296e-02
7.584238290019055739e+01 3.650413189691292803e-01 1.789351551370243001e-02
7.614535221761835260e+01 1.592765439968552577e-01 1.999741700728846494e-02
7.610357732983061396e+01 4.898997776844748464e-01 1.124388725510560953e-02
7.577911654089221827e+01 4.388117217831035699e-01 1.882062684976216344e-02
7.588865846701500573e+01 2.266740975117825796e-01 1.545070546213288959e-02
7.423414623416684321e+01 2.470784752355845715e-01 1.517387777994086070e-02
7.617803883365706952e+01 2.312331797576268333e-01 1.766053178025118672e-02
7.560779460694234899e+01 3.051834817709627723e-01 1.742184265168370341e-02
7.499821391006287286e+01 3.185766443947838367e-01 2.520723520129078757e-02
7.618846619579078094e+01 2.490179561761377836e-01 1.939928582881158409e-02
7.400936722964345904e+01 2.960597250461134977e-01 1.804705185809525603e-02
7.512653964199348877e+01 2.347901647668031999e-01 1.799885609005050235e-02
7.705245827600649022e+01 4.192060416780092891e-01 1.547256018752287549e-02
7.554192262675660174e+01 2.607410042711422182e-01 2.394900251487865755e-02
7.620550655263161843e+01 3.192789862641041698e-01 2.261591518742043713e-02
7.546358659158907756e+01 4.463886574354057335e-01 1.999148947599901568e-02
7.520408755380809396e+01 2.870359756202159884e-01 2.600940645955059777e-02
7.563485786401622590e+01 4.049557799044831707e-01 1.694953271818770008e-02
7.529433630322269266e+01 3.759597410594291977e-01 1.573671921636224033e-02
7.688254025016169635e+01 3.451625999023349434e-01 1.573856617332881902e-02
7.598855725600566302e+01 2.551225709440462230e-01 2.170232466667833954e-02
7.794779824495542186e+01 2.729295397112577737e-01 2.260378670174881602e-02
7.608444064166751275e+01 3.124057703063179980e-01 1.919412136228524843e-02
7.520258255364845468e+01 3.435139949282455252e-01 1.859150365892981230e-02
7.515519991626128160e+01 4.114173262248298490e-01 2.048297376927972133e-02
7.583190104265676723e+01 4.440056614746298314e-01 1.104350470471708243e-02
7.733282080372909206e+01 2.219812050863782527e-01 2.103186604592936423e-02
7.547193624587929150e+01 2.176998959547576107e-01 2.640920256569968122e-02
7.791621656739528134e+01 2.878774349348921513e-01 2.163646196192339083e-02
7.611699125166249758e+01 4.830506837352855354e-01 9.691949036812023965e-03
7.643712344127021652e+01 2.372873685856066450e-01 8.507492578189369825e-03
7.569946990257075470e+01 4.948048790910553052e-01 1.679976004682731672e-02
7.685076550656461336e+01 4.298672197063366784e-01 1.993806437746574456e-02
7.618045561841130109e+01 1.383702093458888116e-01 1.650651774062123628e-02
7.696700762432999454e+01 3.160679097037067398e-01 2.179190947045698754e-02
7.619315757968306002e+01 5.292003944296431728e-01 1.789990326249462846e-02
7.766541004298630924e+01 3.233503222206732253e-01 2.826438524185755086e-02
7.483502191074185816e+01 3.284652207630860965e-01 1.807957666378795167e-02
7.619947233585004653e+01 4.322376262666128288e-01 2.184785173345339324e-02
7.728038269002693994e+01 2.429778906726054455e-01 1.598617337793309390e-02
7.607610507313727055e+01 3.061347821608914610e-01 1.909336893256491363e-02
7.510136827432931739e+01 4.298651589851888444e-01 1.823006243593420714e-02
7.748607812221268887e+01 3.112743365204058144e-01 2.316306795519046391e-02
7.661770964296368902e+01 2.275725259649147569e-01 2.179123376367067891e-02
7.798833294446710340e+01 3.351612253100356709e-01 2.439647190029109805e-02
7.675327184459219154e+01 3.407049658364986744e-01 2.090965228158412834e-02
7.660731555912130375e+01 3.863282546475612644e-01 1.340407777048257046e-02
7.630730288909646220e+01 2.915922119252682965e-01 1.809011295779654541e-02
7.735596437902857758e+01 2.366853751936146555e-01 1.319624848629267350e-02
7.685571622538586212e+01 1.679606143446110700e-01 1.059539961971432340e-02
7.696826768998997181e+01 3.258722250562487988e-01 2.230594940179890864e-02
7.561757242522037359e+01 1.715593868390980770e-01 1.421567212869430386e-02
7.578781110056871739e+01 1.827597142081958115e-01 2.149781905875928351e-02
7.559754206196558357e+01 3.285036047365305634e-01 2.075682013768990683e-02
7.644679955442452979e+01 3.599482527288998535e-01 1.832243614254026876e-02
7.624396926663382601e+01 3.336008128420174246e-01 8.151754589788461763e-03
7.670652574585949424e+01 3.249942196220251267e-01 2.275145787923693250e-02
7.477315640455273638e+01 2.784226824837606751e-01 1.467546606553375363e-02
7.680460137621287231e+01 1.694883457931505855e-01 1.546997667354965342e-02
7.659431412827198926e+01 2.470625467722752100e-01 1.547126508883386008e-02
7.696671942954019130e+01 4.047711756591867993e-01 2.352229850019999305e-02
7.690870967394029378e+01 2.868420721061943346e-01 1.900198548957748521e-02
7.541191872146640662e+01 3.267729167715977545e-01 1.742488620816659561e-02
7.562693379407302530e+01 3.699900433982900028e-01 2.577824022202136744e-02
7.645826025427010109e+01 4.894315865242567787e-01 1.655846062423049769e-02
7.422202536079073809e+01 3.814627889589554122e-01 1.623495827977204306e-02
7.578630775822463761e+01 1.330203489878876155e-01 1.561360854953255418e-02
7.455777258342077118e+01 2.665696736579696302e-01 1.807535856642463259e-02
7.614996041154820716e+01 4.339722964355175461e-01 2.330198177998936068e-02
7.443783036378951579e+01 3.708015435612856403e-01 2.054514486556809766e-02
7.596217356796390163e+01 3.077300470062774296e-01 2.099781672237197722e-02
7.536811320898644340e+01 2.917649142475359225e-01 2.577531279947236145e-02
7.535609421557447263e+01 2.070112023824904335e-01 1.969898854695682419e-02
7.492943354324366112e+01 1.377216878545661216e-01 1.831967230695211515e-02
7.750862188456392232e+01 3.061395904123107026e-01 2.087110777779616413e-02
7.392985164184887026e+01 3.538125492440947206e-01 2.045544322590142280e-02
7.539508517196064474e+01 3.280050471402373713e-01 2.082986154711199966e-02
7.500051207164206346e+01 3.431853726779909852e-01 2.583968498793734123e-02
7.583205852452648799e+01 2.232405797562891925e-01 1.913375575706473958e-02
7.691461319506443317e+01 1.873681160702727611e-01 2.282223540870332440e-02
7.538198554147952279e+01 3.342063081379737510e-01 1.724716451197286227e-02
7.549298304491844647e+01 4.623094916235047647e-01 1.312640687544638224e-02
7.654536617754554584e+01 4.831324410921286616e-01 2.334400939742840506e-02
7.472890298096082518e+01 1.818419491084594386e-01 1.633353474806633482e-02
7.621790791151987321e+01 3.325942694089052409e-01 1.379660217414784007e-02
7.518724254155303299e+01 2.288517513019979743e-01 1.911830825309808468e-02
7.804469545729108404e+01 2.166812934376552424e-01 1.523435203348396001e-02
7.492685970485615599e+01 3.735544571242231937e-01 1.979833367631657695e-02
7.516377345183003911e+01 2.737204416221667991e-01 1.613897414166974922e-02
7.635589128118924407e+01 5.784376606796335363e-01 2.268714344240115380e-02
7.596701148489263744e+01 2.435024512512047323e-01 1.344682886885439216e-02
7.679368973140303467e+01 3.779354178366319816e-01 1.772633660150826213e-02
7.727333398294261713e+01 3.121106938885084836e-01 2.377932066046407542e-02
7.635619700203301363e+01 2.922864120122361520e-01 1.534202628630494149e-02
7.591446340763732792e+01 3.942050668894847010e-01 1.752129213707596597e-02
7.649974139560318065e+01 2.017264117975996474e-01 2.380516261527004102e-02
7.637294133648995853e+01 1.897889241163498997e-01 1.890724622672384364e-02
7.699144090931837070e+01 1.840967459346775914e-01 1.477585249451251505e-02
7.599050304521351507e+01 5.233330730432194100e-01 1.671913129736830178e-02
7.655527399958549495e+01 3.360135407601351210e-01 1.712429316943637342e-02
7.622113335178487148e+01 2.652165337905044717e-01 1.825461077991945638e-02
7.439872809722686497e+01 3.075563765133678129e-01 2.438582198352463870e-02
7.611742577477969007e+01 4.190507760822430039e-01 2.283086558997569557e-02
7.600045869366978479e+01 2.472074446993181296e-01 1.762798187628583299e-02
7.458948952606287719e+01 2.832921109901673784e-01 2.071218906616660235e-02
7.777542109779923862e+01 3.628320323278876880e-01 1.578120009688791653e-02
7.462063172448119985e+01 2.893447912795427124e-01 2.395982656989146045e-02
7.583938366330561109e+01 3.641984175005595348e-01 1.911646122316005766e-02
7.677700043471560321e+01 1.502741977294338727e-01 2.782527863485902836e-02
7.494751655177628891e+01 3.893732329729777120e-01 1.867227319673680358e-02
7.594417209963310711e+01 2.858898094029851400e-01 2.124685163439752819e-02
7.651752454328089925e+01 4.158361511823068235e-01 2.686804332974331022e-02
7.639182154677671122e+01 4.813674239168304059e-01 2.045352459913403823e-02
7.713744036225293144e+01 3.528719672906147631e-01 1.732095301743723920e-02
7.624123415437983908e+01 3.603171877509124821e-01 1.984293594437752661e-02
7.647285651799755613e+01 3.965362959326894643e-01 1.988598467319076593e-02
7.311611233131752385e+01 4.778270151493371198e-01 1.854833448673010379e-02
7.523671977916770004e+01 1.975889704347182363e-01 1.835880047642124424e-02
7.549725216868301914e+01 2.362990536115308626e-01 1.667255478124598372e-02
7.658974282405982592e+01 5.130363441003101821e-01 2.400278828299952025e-02
7.718259818475456768e+01 2.722589968553261186e-01 2.051056275878330656e-02
7.648648240423028710e+01 2.440442106357229857e-01 1.792326794854089134e-02
7.691455195833307812e+01 4.190292755100109012e-01 2.032883058300125750e-02
7.486484281922128048e+01 2.804408016782342083e-01 1.296911641704452667e-02
7.613520240983473286e+01 3.355403111271418881e-01 1.867946136079133568e-02
7.630171122238320436e+01 3.516901239083839448e-01 2.125298557515670206e-02
7.485846970770307962e+01 2.846735674487305134e-01 2.199923404032325808e-02
7.763871177130600643e+01 2.828074249761302617e-01 2.268702536803956019e-02
7.693815191192382485e+01 2.903372301627440422e-01 2.560198901213336931e-02
7.726217383143089990e+01 4.480384734061190199e-01 2.223625448285625195e-02
7.842013724965754307e+01 2.484716887235658700e-01 3.036135407892166099e-02
7.682829948865843050e+01 4.440387333026718508e-01 1.843884022174775011e-02
7.690447470296376764e+01 4.526974163664362338e-01 1.469581149402989124e-02
7.589667371818458719e+01 9.587473117688122271e-02 1.913008303976021160e-02
7.524399180653990982e+01 2.882232312033264909e-01 3.426167491514468116e-02
7.777780350679719845e+01 1.660552463299367898e-01 2.271091854438734084e-02
7.685893108705924703e+01 2.762102913295410023e-01 2.086979318613926479e-02
7.633598220741500029e+01 1.753388627138139644e-01 1.496912510201878904e-02
7.623229671844099187e+01 3.199402527981766720e-01 1.654359651015966173e-02
7.526562386014616379e+01 3.010220750328793660e-01 2.432268757552816241e-02
7.598351422905312802e+01 4.722730830635649135e-01 1.660575342603628698e-02
7.625310980145482631e+01 2.745704570895994290e-01 2.286810217762492992e-02
7.527841211777480623e+01 5.027397753993755325e-01 1.175311022889753004e-02
7.777548023968024893e+01 3.189988469108832603e-01 2.269475405730201484e-02
7.739452490309196264e+01 3.957661495166069354e-01 1.643889323027774782e-02
7.666008955526260138e+01 4.967473972634616763e-01 1.567174774555696315e-02
7.817842851119398517e+01 3.485702485968563691e-01 1.788669379551094049e-02
7.516671061539175014e+01 2.876712925591725090e-01 1.046205692160733815e-02
7.564475553094121096e+01 2.837072756144388141e-01 1.475895780920770742e-02
7.680784519490435969e+01 2.881233712210612974e-01 1.689856319700279094e-02
7.573466606493146003e+01 3.455107473315847111e-01 2.035717663642436226e-02
7.535902491191242802e+01 3.225653474040444113e-01 1.975280020699386740e-02
7.492053577685119592e+01 2.811495306492739488e-01 2.282604034351652655e-02
7.663213825989650729e+01 2.870035667596605999e-01 2.330133070627305597e-02
7.508004450301538668e+01 2.151012161806674094e-01 1.877436603271375251e-02
7.755756613608713224e+01 3.263251626538205552e-01 1.865675214797184525e-02
7.760413800120664973e+01 2.813061564796461300e-01 3.090113774285851295e-02
7.554871687637925959e+01 2.088271270748698893e-01 1.918847817145426585e-02
7.581091573916297932e+01 2.292280023650716814e-01 3.269255647882164661e-02
7.637862656780525583e+01 3.564249573671583460e-01 1.774693040421013862e-02
7.548233061525486676e+01 4.125558355717700576e-01 1.182516208492799363e-02
7.491713552720963776e+01 2.852691494392445293e-01 2.659047466163079118e-02
7.568548302703052855e+01 3.516151557274196371e-01 2.013526185067361640e-02
7.735625841293681049e+01 1.515276981787078703e-01 2.359006440840379082e-02
7.586110107025740490e+01 4.024884193919407993e-01 1.600350192146187539e-02
7.608439306986284123e+01 2.997493289087316271e-01 1.511007087160774233e-02
7.477958698705303675e+01 2.519588638136857628e-01 2.063381038534146256e-02
7.530308777569551637e+01 2.769926436972182104e-01 1.080098851471428777e-02
7.568935007951627369e+01 4.123586646625007068e-01 2.343990402912235829e-02
7.597307806297285993e+01 3.343652725014163440e-01 1.595970538734557340e-02
7.768443868329140400e+01 5.167762506513905452e-01 2.080401771076084705e-02
7.865068583606149843e+01 2.419817628464657755e-01 1.389717443868803380e-02
7.535037624590587768e+01 2.880509734925009169e-01 3.127837342050226316e-02
7.577884087259404566e+01 2.240344187195978665e-01 1.561727385571982062e-02
7.720002211204328546e+01 4.097301748309036262e-01 1.763181372510434081e-02
7.418421588392284605e+01 1.971406455290715121e-01 2.839631140243679616e-02
7.674880788454947833e+01 3.165461375558304979e-01 2.911625938122467533e-02
7.801832627281152099e+01 3.064060398038701560e-01 1.991428409496747917e-02
7.547795331788792339e+01 2.815396712514864896e-01 1.274963426438965181e-02
7.456961362381593972e+01 1.377341131094098337e-01 2.528944881424119440e-02
7.449859777708743991e+01 5.049962298706154318e-01 1.643718101853948801e-02
7.779734990678254292e+01 2.734945657134525421e-01 1.236006453209523293e-02
7.734377889806546591e+01 4.501865627633224731e-01 1.558023902308775313e-02
7.572834773340255765e+01 2.194204063439020858e-01 1.941206490508429888e-02
7.616782914744085531e+01 2.748616940884571203e-01 1.112735904687388658e-02
7.547912068490998649e+01 3.803518763554041837e-01 1.898097784099553320e-02
7.573255937243830260e+01 2.169223454969235187e-01 1.702413966245065052e-02
7.746894810658196207e+01 1.960222743197891915e-01 2.351621022773282832e-02
7.610705522090353270e+01 3.344810663121401961e-01 1.642753033651405889e-02
7.570822263395209006e+01 3.094279819828042455e-01 1.746016114824782209e-02
7.639143210403655360e+01 3.557439016123071229e-01 3.059856889570693184e-02
7.633819002936238007e+01 1.187757344481162325e-01 2.567326380896917115e-02
7.585612935836381610e+01 5.111925362936854400e-01 2.717524123173321177e-02
7.555473261628843318e+01 3.821902783871175546e-01 1.710265781586396347e-02
7.606269082641469481e+01 3.775984814353954278e-01 2.542926929778785428e-02
7.695520582888623551e+01 3.174989631912827903e-01 3.211426292722544679e-02
7.569497959347290816e+01 1.492799368300702090e-01 1.309902782824719572e-02
7.753400773012234026e+01 3.023347080153195310e-01 2.077589023441020477e-02
7.551747612007567056e+01 2.647297520700809814e-01 1.616050799536929150e-02
7.653115081333008618e+01 3.002620082462899576e-01 2.212197745269951776e-02
7.639943838531748099e+01 2.674121266367103789e-01 1.288424085218152493e-02
7.451420040400064693e+01 6.126651591695067012e-01 2.721060216791858569e-02
7.740018256689121756e+01 2.425393193013104520e-01 2.004638894518595213e-02
7.524463720761683305e+01 1.787917904834109284e-01 1.712793404694780072e-02
7.738618496342958508e+01 3.940745366923970039e-01 1.526805852867306468e-02
7.574518394984252723e+01 3.849123171936580934e-01 1.721477368201299041e-02
7.613958624483272786e+01 3.501847447064811991e-01 2.190697830167868954e-02
7.631414542769029197e+01 2.446302826217489623e-01 1.731231908527407215e-02
7.492635014847937214e+01 1.538663406497727537e-01 1.944025004053547001e-02
7.687625961458719814e+01 1.719717605846053099e-01 2.133157680060613487e-02
7.684463121338339420e+01 1.263266231178654109e-01 1.868009219445746980e-02
7.770621020045837213e+01 3.651941017757373009e-01 1.087581878506200736e-02
7.671833946241160618e+01 2.352263205771671084e-01 2.337222892728175322e-02
7.536991823339923258e+01 3.046967555588034893e-01 1.737784015335146551e-02
7.606315772273850939e+01 2.532719826088988269e-01 1.890956955339279100e-02
7.488439499168931945e+01 3.590659595413991378e-01 2.085504979826304991e-02
7.444346782589585132e+01 4.092916660201927348e-01 1.914005873339269873e-02
7.622176239623591698e+01 3.864561672029185879e-01 2.160118167004870110e-02
7.722520315846090000e+01 2.806704477794588759e-01 2.504599700598555967e-02
7.618292461780731628e+01 3.607633424506691555e-01 2.196892279413611981e-02
7.730073032530953014e+01 3.821412373559293640e-01 1.783929033995197005e-02
7.541873295600015581e+01 3.050245852405167324e-01 1.629218809229635370e-02
7.500780779867365311e+01 9.719475307019581622e-02 1.244262069351848542e-02
7.804540636111153162e+01 2.443499750370222712e-01 2.928517219424948970e-02
7.646315460115557983e+01 3.050241978363895101e-01 1.267997503989641908e-02
7.606466889557604816e+01 4.992183766968229519e-01 2.759822801959384980e-02
7.633423865269757869e+01 1.951331634094984058e-01 1.533090075488218254e-02
7.520740815660754208e+01 4.378154927362700732e-01 2.795961188345736509e-02
7.625589283496758242e+01 2.796919564476846309e-01 2.755468534956577453e-02
7.508142645913504509e+01 3.151823327600365987e-01 2.225837072949331946e-02
7.519719939282360599e+01 2.464085778608692545e-01 1.651835327225559605e-02
7.747672685598809039e+01 5.014367277057087957e-01 2.055996356212956566e-02
7.579178141295722071e+01 2.500158925006703559e-01 2.000851860219672942e-02
7.550977824856320808e+01 3.002969757644779469e-01 2.201576986831182275e-02
7.565468705720962816e+01 2.910411937385902759e-01 1.909534397525704946e-02
7.574243656527386293e+01 2.658552122983788846e-01 2.371803220944783408e-02
7.428926397102355850e+01 4.674279859001263526e-01 2.066111933269754869e-02
7.667001757598652034e+01 3.825077783148875810e-01 1.654605287789965087e-02
7.514564144382076449e+01 2.067730715346172699e-01 1.879479009839712944e-02
7.675920469155103376e+01 2.516237974779175768e-01 2.296552019599173294e-02
7.369207878113880383e+01 2.714432798024750126e-01 2.569335301273932906e-02
7.588902871096706804e+01 2.270856363833833047e-01 1.679588672128001434e-02
7.303197743693178268e+01 2.088198029588079208e-01 2.515727498786625438e-02
7.547739723310377258e+01 2.635455637998774248e-01 8.625306404700447752e-03
7.442916220688744033e+01 4.290049178599752988e-01 2.301119063737346732e-02
7.476256096856056388e+01 2.469427608426779663e-01 1.985769588781081257e-02
7.486387226784324866e+01 1.095856116486398912e-01 1.922336396371007033e-02
7.663260856217324601e+01 3.691857319729954234e-01 2.426945066118120151e-02
7.450644273822017283e+01 3.157901909826938969e-01 1.869048115010184599e-02
7.597277931450281585e+01 2.888218366365862821e-01 1.677830155801211809e-02
7.304220954578440228e+01 4.261829020570673809e-01 2.160970812426872556e-02
7.457571021246349119e+01 3.573131652992754814e-01 1.781802533170014774e-02
7.564102768358226569e+01 2.331585398510967189e-01 2.261917303732812259e-02
7.526017642848380262e+01 2.003165313909399670e-01 2.552070639319998016e-02
7.588111859023327099e+01 2.952513610007792000e-01 2.337787375744714707e-02
7.539241329915383005e+01 2.631846827353114260e-01 2.149129399864797840e-02
7.451862239753623385e+01 3.321099046768214436e-01 1.631360263813967301e-02
7.691547259245514567e+01 3.646663326849908793e-01 2.202218710719526865e-02
7.445304135144544944e+01 2.996604604826180185e-01 1.425723629066205991e-02
7.602313609702297015e+01 7.847203231102611865e-02 1.248374503231588876e-02
7.724903360884019321e+01 3.469053176006560713e-01 1.827406903668455165e-02
7.515125667731378201e+01 2.015746082412906981e-01 2.097636953701719972e-02
7.571636769040765103e+01 4.646647183317276775e-01 1.909871356092512212e-02
7.611872049224453463e+01 1.711496531944628752e-01 1.824049158450175706e-02
7.623699140506798244e+01 2.727214288786813379e-01 1.763108032402813455e-02
7.638690962561533127e+01 4.614823281560989643e-01 2.070716766003818238e-02
7.720418628347313472e+01 3.721602377518782312e-01 2.528952865691634633e-02
7.545028007665337100e+01 2.893072505015598095e-01 1.901086063041626875e-02
7.660627723656398302e+01 3.892412822211864243e-01 2.061003020054581053e-02
7.693670657737587248e+01 2.536668523018626997e-01 2.431891489219085295e-02
7.707580944218587149e+01 3.777496345924663546e-01 2.065448674868884324e-02
7.677332333240497064e+01 2.205995534761510113e-01 2.096762080175711487e-02
7.636051047682512660e+01 1.770484336848514861e-01 2.231504513629034570e-02
7.481118127431818721e+01 2.672081702090569055e-01 2.019395589890877335e-02
7.532926361536719639e+01 3.182554038620318271e-01 2.032466824603034253e-02
7.523981836064116635e+01 3.667974458824330708e-01 1.627240730094520887e-02
7.834797437473469017e+01 2.990521176669395098e-01 1.428637002443886549e-02
7.507565823378622838e+01 4.247580464698301195e-01 1.800413829405632382e-02
7.469623619217003352e+01 3.953712747127766658e-01 1.797281030352154696e-02
7.671341951111935487e+01 4.035566025656127098e-01 2.133884653077338864e-02
7.845590739568532967e+01 1.375257507066776075e-01 1.600999963282044580e-02
7.580404999539604205e+01 5.361173528608121908e-01 2.877074375659615865e-02
7.734869086739391264e+01 2.305876059254089727e-01 1.669505004990034375e-02
7.523143996485954688e+01 2.316573111959236986e-01 2.728148588915109765e-02
7.581623287660416111e+01 2.988501835356057734e-01 2.377749652157771371e-02
7.439647202596603393e+01 3.152645821269138837e-01 1.464940620159550788e-02
7.576558507944167786e+01 2.513579306040787387e-01 1.688789879984752690e-02
7.628558180670636091e+01 3.321213402392511616e-01 1.892770444276105010e-02
7.643068434299115665e+01 2.231385459146450756e-01 2.332480911726550130e-02
7.585380097784239695e+01 2.616336437862102904e-01 1.612312774779033411e-02
7.581860253953331608e+01 4.970639256845922338e-01 1.969115234096297656e-02
7.491559646385655924e+01 4.018819066785046523e-01 1.769791006930851451e-02
7.634375900435247786e+01 2.494339449573421963e-01 2.624767471289351367e-02
7.546924024335403658e+01 4.497857978577536331e-01 1.488165568522543253e-02
7.576709361428451928e+01 4.499995785906781287e-01 2.082036207210409204e-02
7.833146594180563227e+01 2.830859550761982701e-01 2.125386757541792085e-02
7.796514927204881928e+01 1.586076783257731604e-01 1.201097544789493654e-02
7.526449182279058903e+01 3.913372689473325616e-01 1.214706739838078420e-02
7.665704905656201618e+01 3.626706694488893712e-01 2.982629382049735434e-02
7.710548492551237132e+01 3.464050237497776075e-01 2.662991675684370924e-02
7.659890394111486955e+01 2.639929945372797571e-01 1.441655718512750359e-02
7.549063439630691619e+01 3.059926125452882562e-01 2.085374831877855745e-02
7.392480440191324931e+01 2.880439665076005573e-01 2.013942326609485453e-02
7.660753744487983852e+01 4.726800882506350665e-01 2.090562700217204681e-02
7.515043712375228324e+01 1.281920616398527779e-01 2.335127296640186409e-02
7.519091264052258339e+01 3.966836977161347089e-01 2.681668366908570439e-02
7.451592523402082691e+01 3.653892558758962683e-01 2.630547517238704738e-02
7.707903932528027724e+01 1.003620563089544226e-01 1.583584368393314845e-02
7.477981949424957975e+01 3.623472755147050806e-01 2.201622743163657303e-02
7.336210812205938225e+01 2.799168378672158286e-01 2.390595039190783824e-02
7.620797599122413146e+01 3.246266919499861126e-01 1.821954299161604451e-02
7.500105905892532121e+01 3.082944176109516099e-01 2.025411439626889978e-02
7.667525452033295608e+01 3.796499924295461681e-01 2.041883619104020026e-02
7.715490836458482704e+01 2.725075331864229011e-01 1.295597770790373957e-02
7.653705366941821353e+01 3.226379554389254833e-01 2.242405617404811397e-02
7.479554865171706979e+01 4.890796088611044645e-01 2.346586543250556850e-02
7.577200310900087743e+01 2.164546854035354628e-01 2.525440688015731169e-02
7.495823021793614771e+01 5.361364824792069772e-01 1.700875639073497203e-02
7.778050521460561129e+01 2.915526214927284254e-01 2.771095955522101528e-02
7.532513149317348677e+01 3.118836378546699928e-01 2.392560648863691075e-02
7.672207713669583029e+01 4.200761833657883360e-01 1.762208724487041717e-02
7.614480837284980907e+01 4.348388575998071159e-01 1.655972925990755254e-02
7.663254106111840258e+01 2.880839760222249635e-01 2.100426393454929430e-02
7.614455021641444432e+01 2.311716849215035841e-01 1.872832589208562118e-02
7.620493225207670207e+01 2.997276001287871305e-01 2.767188268192311701e-02
7.706995555681636745e+01 3.389980498493496697e-01 1.627733569405120928e-02
7.523597690810204597e+01 5.073811035280411108e-01 1.507372958013563843e-02
7.617385961815053008e+01 3.460948714348679456e-01 1.848134804154484903e-02
7.505779623542264289e+01 2.315103360993512882e-01 1.733412193998034798e-02
7.535050713090222985e+01 4.427720393180930580e-01 1.995548295867010519e-02
7.553619889885239047e+01 3.206958043867205732e-01 2.325832148924348447e-02
7.571538029394241676e+01 4.001981295175915387e-01 1.379928402752898103e-02
7.723130363211642191e+01 3.091047660227779215e-01 1.976579340608913132e-02
7.536698567553514749e+01 1.872149869486586238e-01 1.186989299602248145e-02
7.529722333105021903e+01 3.687673220602352142e-01 1.531083696436750380e-02
7.451155181427569119e+01 2.190934689162213345e-01 1.812276430485700029e-02
7.571449877733765277e+01 2.971107091757235752e-01 2.503710412708233524e-02
7.730925443809148589e+01 5.105462505389322114e-01 1.207362284537283684e-02
7.520411607966366319e+01 3.798485157059754425e-01 1.778521358280475695e-02
7.692078646984923296e+01 3.307113430114826946e-01 2.770343517091121421e-02
7.710271611393268643e+01 4.161016626558981524e-01 1.799087020149416766e-02
7.596253915403173096e+01 2.794746542432643976e-01 1.265418466512240395e-02
7.753176925549553289e+01 3.845387308843212226e-01 1.831694085814176629e-02
7.736459250745997451e+01 2.469632353252844414e-01 1.103349039777914292e-02
7.706736975289361169e+01 1.821439766884002665e-01 1.904499772866349513e-02
7.626612304078376781e+01 3.485465344738761795e-01 2.413854173757949348e-02
7.664085142626751690e+01 3.649892526562026895e-01 1.614267423387077266e-02
7.635424355726766521e+01 1.594450029949893710e-01 2.762018389489185460e-02
7.465743517618177805e+01 2.753560161243655546e-01 1.356646712669861560e-02
7.532983371413435236e+01 3.113428415432050733e-01 1.742069220236096630e-02
7.720424625814563058e+01 3.326901015962796526e-01 1.774190375986052157e-02
7.592641807002596011e+01 4.319700457055935527e-01 2.443351650382666676e-02
7.492122910598459384e+01 2.419348285860394854e-01 2.231604789602132516e-02
7.641336658602703835e+01 2.049618458601237259e-01 2.365427604539816625e-02
7.516912585981360451e+01 4.403826773856341914e-01 2.258267881097376223e-02
7.492807554935427561e+01 2.570923298536588186e-01 1.733433846571402759e-02
7.621987672130232738e+01 2.896023101987509341e-01 1.441224920301568957e-02
7.466574085377742165e+01 3.649023334397861196e-01 2.139627738811786944e-02
7.616553755720502750e+01 3.370731858960460681e-01 1.698088220719495139e-02
7.624399235777514150e+01 5.638505564984267471e-01 2.572959571096167589e-02
7.577159154904016702e+01 2.576628252898759963e-01 6.046637085406989312e-03
7.712869415298470699e+01 3.886605353774812976e-01 1.734718063767564517e-02
7.462829231712287026e+01 1.944732556810274127e-01 2.216779445111913618e-02
7.597065926633749200e+01 3.791592017607281484e-01 2.042167384569845701e-02
7.702675883211648511e+01 3.469575140392247015e-01 2.404290429346673738e-02
7.397031658907806673e+01 1.865654429502540124e-01 1.822267478103596280e-02
7.713956878490024849e+01 4.980529726067740026e-01 1.919884984201522884e-02
7.544841993611181863e+01 1.145031455742196724e-01 2.421250616621055743e-02
7.550980942480552471e+01 6.058334669358155233e-01 1.639315160958773956e-02
7.816527509686066821e+01 3.848367383587467105e-01 1.498407610087138138e-02
7.629214378864358537e+01 3.871380526550466383e-01 1.890120881699227859e-02
7.689798271055229861e+01 3.915957159348659733e-01 2.290896829558113079e-02
7.604352663195250273e+01 1.925059910693873166e-01 1.962543719280374077e-02
7.623606466371585100e+01 1.223949128962175392e-01 2.082553812678704375e-02
7.596319873518986299e+01 1.803373929215045524e-01 1.837557858199143079e-02
7.574815365316570137e+01 5.030094533493418840e-01 2.107374803013349965e-02
7.709604525131460662e+01 2.982184695509351169e-01 1.085894382031666293e-02
7.673234184882161912e+01 2.441813270412458436e-01 1.836292619518092514e-02
7.500702875088452970e+01 3.172767863921359677e-01 2.519599200791440216e-02
7.699273810847462585e+01 4.686189507785164521e-01 2.842907052660542319e-02
7.401412576974178137e+01 1.906379439070867987e-01 1.117955327645583745e-02
7.669193041038958825e+01 2.406918216200847338e-01 1.761375447881009804e-02
7.584340256807254832e+01 3.482570688090751432e-01 1.275453147313923563e-02
7.480113653736592028e+01 3.101296206531106714e-01 2.584754115197301222e-02
7.603460259674891120e+01 2.308340293617967554e-01 9.520933266645674811e-03
7.701267558506027910e+01 2.364068350609519753e-01 1.440274675243062748e-02
7.434467477354121456e+01 1.660899188858034614e-01 1.531115014412754750e-02
7.582115126380584513e+01 1.891258295239343079e-01 2.090589286608603506e-02
7.581355226008190584e+01 5.321992289184527269e-01 1.168564333466994183e-02
7.622147943031238526e+01 3.274004989040957270e-01 1.497289071257000559e-02
7.615525239744746955e+01 3.869594366406715613e-01 2.047069015881869403e-02
7.744446288481984197e+01 9.223123819046613603e-02 1.589154432779160686e-02
7.753505604723095246e+01 4.012026333263850608e-01 2.263664249398189207e-02
7.729321540651946520e+01 1.183442121298229899e-01 2.388102762303815144e-02
7.712437016241942445e+01 2.441299833824263632e-01 3.282554691654256812e-02
7.625634896406205598e+01 9.072309574914588781e-02 2.185986340455489674e-02
7.534013997001059693e+01 4.264995273929518271e-01 2.267289772385999019e-02
7.546207792772381140e+01 4.602451918262895902e-01 2.458268929746005443e-02
7.523208001231789410e+01 2.947954919439152444e-01 2.252154532080039365e-02
7.569573673722737794e+01 2.765600596152745227e-01 2.017914647933894898e-02
7.499420141596260692e+01 8.672346614230319606e-02 2.116651152357091475e-02
7.407110005070481407e+01 2.106961296855279220e-01 1.135813483439720821e-02
7.441155555223869555e+01 3.526355174119291669e-01 1.891556992653622635e-02
7.580159954453188220e+01 1.784098216375990531e-01 1.680073615200701823e-02
7.643645515921018330e+01 3.047912734693499215e-01 2.401304420020480834e-02
7.702509201212590995e+01 2.847780141741789173e-01 1.096463762965613382e-02
7.530335510093378559e+01 3.002310719127307959e-01 1.621225828290676074e-02
7.500537578866624244e+01 3.169752284223485983e-01 3.185513708650380971e-02
7.557181193796363061e+01 3.097194147508225415e-01 1.359982498911712842e-02
7.730340105504151893e+01 3.974743043351423033e-01 2.393041043641910837e-02
7.741979581130475196e+01 2.672658645305192593e-01 1.852479112270428302e-02
7.776987853188664701e+01 3.732728102944558590e-01 9.174527700760187754e-03
7.651482097563700790e+01 2.518301939230403463e-01 2.438132597393491419e-02
7.646819046942017906e+01 1.359457235977200862e-01 2.131136668534379386e-02
7.627062772725160755e+01 3.463462486464786716e-01 2.280745781421126411e-02
7.755596595982173369e+01 3.513888989614298297e-01 2.011169980719251099e-02
7.720796755418822954e+01 5.342740723589767260e-01 2.446375977642970337e-02
7.626620612680808620e+01 3.532530549768918560e-01 2.124899394828418456e-02
7.607851841527333647e+01 5.265170831506380544e-01 1.634608110089545013e-02
7.721490582824270632e+01 2.974143057299426518e-01 1.277844307249402858e-02
7.587168225641349295e+01 2.553224166246085280e-01 2.281745033374468073e-02
7.615130022265857690e+01 2.077973136352030958e-01 2.717564835848641780e-02
7.715013400447573133e+01 4.686055532096401466e-01 2.115592519057617887e-02
7.602426693171931049e+01 3.803560482618620897e-01 1.718304867843462383e-02
7.619005955471983782e+01 2.924322100678634628e-01 1.287300333078087410e-02
7.618745550483907891e+01 2.659033108256698141e-01 1.881681871210583515e-02
7.642378494564995606e+01 4.372533133986625797e-01 1.585965809488790873e-02
7.572344178487064426e+01 2.334917303640189346e-01 1.595033859610248128e-02
7.546543105635022641e+01 2.903549717184805146e-01 2.285791052135368109e-02
7.638044576478483805e+01 2.043143000916750607e-01 2.631297718983977366e-02
7.700441230647703605e+01 2.198814349390296186e-01 2.597127264351005438e-02
7.638693841259627959e+01 2.943544697074753635e-01 2.174673192428932741e-02
7.603422920437448340e+01 3.645078654481406222e-01 2.091373425917642664e-02
7.572257394772779548e+01 1.074173240838616483e-01 2.257162214942403169e-02
7.568634472161326698e+01 3.877946609645246401e-01 2.234963445012546485e-02
7.571233578884398696e+01 4.122988191077335274e-01 2.099922761871498081e-02
7.622364284737808759e+01 2.961889313236857890e-01 2.821246688897462510e-02
7.534673327090433759e+01 2.777325462540944923e-01 1.396421880448782057e-02
7.678673107732450376e+01 2.517850993642326562e-01 1.770714350377404142e-02
7.554306336784281939e+01 3.162721916062387617e-01 1.389873373337001915e-02
7.381675473389773856e+01 3.557704037392772078e-01 9.689962408762386667e-03
7.691413778397738099e+01 4.658527749535147366e-01 1.919890827348764289e-02
7.735949294672049348e+01 3.075743580456780646e-01 2.780117638574571004e-02
7.560378214788678974e+01 7.351181905688780605e-02 1.961018661411462541e-02
7.776796319341073627e+01 3.634968305940418087e-01 1.748622815347393097e-02
7.638890116928473617e+01 4.071124838452552797e-01 1.958235883456355825e-02
7.868639008534238144e+01 2.582582043480512457e-01 2.489029620509633500e-02
7.682193723648180139e+01 2.400172575301942335e-01 1.792955967147476584e-02
7.707809864747936501e+01 3.244787887604241305e-01 2.164913037427938086e-02
7.442403264629564319e+01 3.755998655162101629e-01 2.140144801991496551e-02
7.599608997735884941e+01 3.460891863059076257e-01 1.800381606280853850e-02
7.546809749611652762e+01 2.858114468360890004e-01 1.773559425210586432e-02
7.824052956104320344e+01 4.011870728843589529e-01 1.527576134647950709e-02
7.809629600226084278e+01 2.667143388563687489e-01 2.014368471933797311e-02
7.695741719493132393e+01 1.130011456102384682e-01 1.884377635638551790e-02
7.548666614903282834e+01 3.305080079544134852e-01 2.180512040617289121e-02
7.598274063466764972e+01 2.976352701821012303e-01 2.519576279334363733e-02
7.636148593033404097e+01 3.141425010051943079e-01 2.072131995834214369e-02
7.789588899753022133e+01 3.272673976984106226e-01 1.749049509772826819e-02
7.415100091138894811e+01 1.666062625965046284e-01 1.772182490204994576e-02
7.595162315604585501e+01 2.544378540389761190e-01 2.171289744900394697e-02
7.549149195549169633e+01 2.185510729864569845e-01 2.298850651393859884e-02
7.742939449687801812e+01 1.992832402253452151e-01 2.118885787174542429e-02
7.415499534184618824e+01 1.625461869272840365e-01 1.712797157084305910e-02
7.719491043237719907e+01 2.321293970294525111e-01 1.601902207431439226e-02
7.609608728189445515e+01 3.137083611149850682e-01 1.617009037680648686e-02
7.804622156726324533e+01 2.834636626884626809e-01 2.055407308496624494e-02
7.565822046228956310e+01 3.539971562151179585e-01 2.602418321806886439e-02
7.772366369695457422e+01 2.337734324736119862e-01 2.536973256732298621e-02
7.660968081955101638e+01 4.074536609460077674e-01 1.955180842588879336e-02
7.587295922671782478e+01 4.035714645713993631e-01 2.465703661490871793e-02
7.762572056386188990e+01 3.298547555450489499e-01 1.947846523104996772e-02
7.360014642000579954e+01 1.488739462004665393e-01 1.807682143812978925e-02
7.495894106875378782e+01 3.914130565433246445e-01 1.360965384595632169e-02
7.555869567164971556e+01 2.637973506861511219e-01 2.587679552877778649e-02
7.545176125098035413e+01 3.552412118047988399e-01 2.095466403669617866e-02
7.696328848544727919e+01 3.950215052116480274e-01 1.983687749819734725e-02
7.436370548739282071e+01 2.868259113354370560e-01 1.990265539252608282e-02
7.634600923315278465e+01 2.362444854779189862e-01 2.556537130931030993e-02
7.607361941831499053e+01 2.179502652187874090e-01 1.776474225004058549e-02
7.798854265396683161e+01 3.764377892946498272e-01 2.511442222226538401e-02
7.501841303028658103e+01 2.411170307816198899e-01 1.667598875179880646e-02
7.624439373758862359e+01 2.925998168914440978e-01 1.761222238411209312e-02
7.569593040749654733e+01 2.305964813324930252e-01 1.912273518584678075e-02
7.717321558383375191e+01 1.586860648450245936e-01 2.169014357870844081e-02
7.744009269487962399e+01 2.916812901434432947e-01 1.742011693099563066e-02
7.698423148595058763e+01 2.115778123131156208e-01 1.988930961005497267e-02
7.502015589961428077e+01 1.229899029975720093e-01 1.925861334246441528e-02
7.479660493673301858e+01 3.088329486670831625e-01 2.543916889941807979e-02
7.791425540667962935e+01 3.193529283943208341e-01 2.497178454622243568e-02
7.645896265010664195e+01 2.716886386124940933e-01 1.061084705399563399e-02
7.768649232708212082e+01 2.050897810718877168e-01 2.674522395813546186e-02
7.659680762926225839e+01 2.123987214752640906e-01 2.152194322838513890e-02
7.819291106128532931e+01 4.635652580863771077e-01 1.749896070178317761e-02
7.534801924181532229e+01 3.200208037316071841e-01 1.919261595624470115e-02
7.725973738564273674e+01 3.839589136421804327e-01 1.174516291937354948e-02
7.651867525542391490e+01 2.920909039132632001e-01 2.018101529769788724e-02
7.630894301426066306e+01 4.298729005276601955e-01 2.476972177339522435e-02
7.531025725931270642e+01 3.041388032310330392e-01 1.781209076655018708e-02
7.437815403109340195e+01 2.990629492398909628e-01 2.899880208565413023e-02
7.434795660625024993e+01 3.075938206339932646e-01 1.972615538824548653e-02
7.634773547176432373e+01 2.137275042606069375e-01 1.304824102048803003e-02
7.468140234320537729e+01 4.430933758331478955e-01 1.520640988116167200e-02
7.556043780834683332e+01 5.204632598612973782e-01 1.641826508889533687e-02
7.640239959795093228e+01 4.163811676625506775e-01 2.495473261941094298e-02
7.472842364295631512e+01 2.386647552298501174e-01 2.147494622561944150e-02
7.798901745738329794e+01 2.338489341358804263e-01 1.759213178482401524e-02
7.647957442140101136e+01 3.719658227348376922e-01 2.331831221611091118e-02
7.521364413516519676e+01 2.567951863065594531e-01 2.105122536488765114e-02
7.732231131262828683e+01 2.861515917881572446e-01 1.989121024349356504e-02
7.503407156286058921e+01 4.963226831892242341e-01 2.075250218117907428e-02
7.713775477955674376e+01 3.129897208067600745e-01 2.041593690362640198e-02
7.455969110914794840e+01 9.492381303074329257e-02 2.610685469188273045e-02
7.613805821426242915e+01 3.306428122986618257e-01 1.390705486731506901e-02
7.515693582220637836e+01 4.162302001134984830e-01 2.848850619922652094e-02
7.543872598622745329e+01 3.771483288363055575e-01 2.092695089112978080e-02
7.593947105992228330e+01 4.951959020178319237e-01 1.778926026330364743e-02
7.730071263701748308e+01 3.481423317042048882e-01 1.991761306163503109e-02
7.743201717303307419e+01 3.390134498423028053e-01 1.952962180530594741e-02
7.743944217298204080e+01 4.349262253771891684e-01 2.586323571294573548e-02
7.217219565838033191e+01 3.540176625738410410e-01 2.103471801497546270e-02
7.602513674591452286e+01 3.709779633972678514e-01 2.127100913416843028e-02
7.673780741732718980e+01 2.832038192245007191e-01 2.730819819598289191e-02
7.683894419177282487e+01 3.642526590514840179e-01 2.240831821320421469e-02
7.721728130749356467e+01 4.121687786935489539e-01 1.944989242172542529e-02
7.705031038082330497e+01 3.274052240042044648e-01 2.935086239756257848e-02
7.715772781104696776e+01 2.474390681438306538e-01 3.136932043634275968e-02
7.395796016401017425e+01 3.737354740669042164e-01 1.660367156368153241e-02
7.794218029367301881e+01 3.352806065295286797e-01 1.612782699957501786e-02
7.579350528778041962e+01 2.386068541334408488e-01 1.850840498258498126e-02
7.573135238411049386e+01 2.348844131298945537e-01 2.131738444674450769e-02
7.645122416340673510e+01 2.103693608724032660e-01 1.191088408271220520e-02
7.637095645214957074e+01 3.631920551119534046e-01 2.356203298517674932e-02
7.661117438159412529e+01 4.672716775736989736e-01 2.486374578990860340e-02
7.873982819641557285e+01 6.200647196832944630e-01 1.142388981636724941e-02
7.386286136876415753e+01 3.092608702153284983e-01 2.245967038966010729e-02
7.598411499099428568e+01 3.803580446057760467e-01 1.868174597366646303e-02
7.536604923658588007e+01 2.557109140148955406e-01 1.902356893139412614e-02
7.690351234406014669e+01 2.613259303334170003e-01 1.859039657113802438e-02
7.663021684404435518e+01 2.901203602454810460e-01 2.544736853973360996e-02
7.514049376776493716e+01 1.963636243534512826e-01 2.148599528789435498e-02
7.646428846226480402e+01 2.235040505916587039e-01 2.655412390891427263e-02
7.798493680977023246e+01 2.472145787159284458e-01 2.725512523283507918e-02
7.367786782799927892e+01 4.176112266718025046e-01 1.581579136034918370e-02
7.703607268197214353e+01 2.138724014043334454e-01 1.966591446523514516e-02
7.524988440345816798e+01 2.886119302217919347e-01 2.892645867770948787e-02
7.595206220340659797e+01 5.210301623925835957e-01 1.811798750686421239e-02
7.755176470380681053e+01 1.474307393487196971e-01 1.860239485181370070e-02
7.552389001467464880e+01 4.637705600797141781e-01 2.090365261481011774e-02
7.397191683035251231e+01 1.789870345276437513e-01 1.506018414936877679e-02
7.699405029411217072e+01 3.905007483656275924e-01 1.853463691238478248e-02
7.551149020638243314e+01 3.816388240850052682e-01 1.449013125642946084e-02
7.651766897795035050e+01 3.472517996870232992e-01 1.866053857040602532e-02
7.645767796504571834e+01 3.202094353074684263e-01 2.242643655978800166e-02
7.472589769151990424e+01 3.714501980528701619e-01 2.500781136342571792e-02
7.638095142056444331e+01 3.701215850991499967e-01 1.946380820775725495e-02
7.695133256626304785e+01 3.165247127979854413e-01 1.440028642705068126e-02
7.688021615488325722e+01 1.465853752492227435e-01 2.137941338677259995e-02
7.567577714995302074e+01 2.651874250295288005e-01 2.083896951183514951e-02
7.535071180918200184e+01 3.612206014127832265e-01 2.027705674449757287e-02
7.544270604858780871e+01 4.438179570046318911e-01 2.099893956243657767e-02
7.669080093342448379e+01 4.516588729494421806e-01 2.683013919899693983e-02
7.663978545385619157e+01 2.797341798990195527e-01 1.302583518274530970e-02
7.626669070047974230e+01 4.194584315817385667e-01 2.172836497265017222e-02
7.261541595023210505e+01 3.970062154826466960e-01 2.454389831597923038e-02
7.575877780627368452e+01 4.088361675253522343e-01 2.306324592387012928e-02
7.537449320771797545e+01 4.371301116217684579e-01 1.381718574094578655e-02
7.600275532896107222e+01 2.942997687227914549e-01 1.597347242834740860e-02
7.636379386764896537e+01 4.410368899573057777e-01 2.608654571639701381e-02
7.678366421474191839e+01 1.404077493119704478e-01 1.348315950791649162e-02
7.622616911975876519e+01 3.065764958916458727e-01 1.757034230488626822e-02
7.796532319745483619e+01 3.205860153171141147e-01 2.264591581068691947e-02
7.704789388094845037e+01 3.154958449672459753e-01 3.263932764835301981e-02
7.511962769756429736e+01 2.493928410105877846e-01 1.540085015471947920e-02
7.762265828642730980e+01 3.902085874218647055e-01 1.734560042576296229e-02
7.519612362504521741e+01 4.484890500602604080e-01 2.176433031872614457e-02
7.747041796861634566e+01 3.039850649218443501e-01 2.249529425577365821e-02
7.636022765524400313e+01 2.475888665625931018e-01 1.929685776190727398e-02
7.487569665570165967e+01 3.594106823727243327e-01 2.371340851876517150e-02
7.705016120010532177e+01 3.766544893171005493e-01 1.937458469998524363e-02
7.761197064507699395e+01 3.992308487729545052e-01 2.677339659344929457e-02
7.751128670447035063e+01 2.974400344693108877e-01 2.189209491167432714e-02
7.683456518349747455e+01 1.950858212465574892e-01 1.450256989083512256e-02
7.476068835400492674e+01 2.991899911480110363e-01 1.837406312579708406e-02
7.462432937170476066e+01 3.249358227698677659e-01 1.953356625991906070e-02
7.724224017007699672e+01 5.112979079132458082e-01 2.222658702641089334e-02
7.536336947863377134e+01 3.746724377347068757e-01 2.004538011375840700e-02
7.581987474621850254e+01 2.238398878820188065e-01 1.773551200379508766e-02
7.588220898872617681e+01 3.904096392165448681e-01 2.249280770930666556e-02
7.788557614292849962e+01 3.774338073846471575e-01 2.206973133932858822e-02
7.575376963452742984e+01 2.062537018153289270e-01 1.722003199096027587e-02
7.536016133723806831e+01 5.390931820681937880e-02 1.507984496305282175e-02
7.766220976136597187e+01 3.468600212958993234e-01 1.816329826660928459e-02
7.645847982214002059e+01 1.146595474270625525e-01 2.137608642176792167e-02
7.733749226314748171e+01 2.978884052910619751e-01 1.135614865244600688e-02
7.564605946522330271e+01 4.379261994983120188e-01 2.126160808242765626e-02
7.464168990520643376e+01 5.467629179183870480e-01 1.388386089636520562e-02
7.581707541838679276e+01 2.062613999347796545e-01 1.494633163456779781e-02
7.560784888426483974e+01 3.736150159846077790e-01 2.629527534253464291e-02
7.567383182796754681e+01 2.089856445815075348e-01 2.233482593492589277e-02
7.656796357892919502e+01 3.340376335553450482e-01 2.134507225808162517e-02
7.594743355365632453e+01 3.198150854555881217e-01 1.911389693354355671e-02
7.713024372703712572e+01 5.328459500705877705e-01 2.087635683759606064e-02
7.605342775202863947e+01 3.355861365690068210e-01 1.679062536105711129e-02
7.682497837110481953e+01 3.541176409081128740e-01 1.794892581442589924e-02
7.696206681904247660e+01 3.118989768345387104e-01 1.526801639768597327e-02
7.641160444542296659e+01 3.336992503399326404e-01 2.468496656639329254e-02
7.689154695007485429e+01 2.990773669371238341e-01 1.769713689554375247e-02
7.606174375005780064e+01 3.463308879668656193e-01 2.235977745251243459e-02
7.636141220813611596e+01 3.009238056528230620e-01 2.486252204889377593e-02
7.538569810590672660e+01 5.579403452154823029e-01 2.372229453733541021e-02
7.493251459682998927e+01 3.285229330936415559e-01 2.376918789283966743e-02
7.571063089448028904e+01 1.604855952423293042e-01 1.493139540683465633e-02
7.660209294434555716e+01 1.345383527431628368e-01 1.293002647879988934e-02
7.659683474693392213e+01 2.877450783153170377e-01 1.660594931900099061e-02
7.556526785267746504e+01 1.629186187155680365e-01 2.236318746563388180e-02
7.525345644498256092e+01 2.564247815416129117e-01 2.169163481262038201e-02
7.580337246454578803e+01 2.395346690365663944e-01 1.029542231841985844e-02
7.642742584586781618e+01 3.178992967608401665e-01 1.747615874300793501e-02
7.502260089453315572e+01 3.112762478653524623e-01 2.234376468549155448e-02
7.615775888132431248e+01 4.738065520492152904e-01 2.343792440295135865e-02
7.595271691032596095e+01 3.838278756096563660e-01 2.023737696776135853e-02
7.610519275452266186e+01 4.396363797311022559e-01 1.561922986272917639e-02
7.608330964805496421e+01 4.289710002649604892e-01 2.150727101548727260e-02
7.569094701463122021e+01 1.393840234625830232e-01 8.925136867347758032e-03
7.813618118976074811e+01 3.408511821250811424e-01 1.715086273616457657e-02
7.640945688912984224e+01 2.152325861696650078e-01 1.838438401270114236e-02
7.511905960700703133e+01 1.686726415435495507e-01 9.731780752010133623e-03
7.446234260777116276e+01 4.121287763937460102e-01 1.518594165263399166e-02
7.659489211180287782e+01 4.056647389845213780e-01 2.008087651320710973e-02
7.576143278767892753e+01 3.233022920527663935e-01 1.796770552915066474e-02
7.726390926205662879e+01 4.976533874144492553e-01 2.707225283107783306e-02
7.390843676522644046e+01 2.662973241139885983e-01 2.002028848185929966e-02
7.652305796042254826e+01 1.372685462297951742e-01 1.149539677868797148e-02
7.736678974962539712e+01 2.540880681390220719e-01 1.274435932461837929e-02
7.495635919227704846e+01 3.490474643312214686e-01 1.598757226115367358e-02
7.630162564218404952e+01 2.121272637253496240e-01 1.149170669568770446e-02
7.748438016322133137e+01 3.498189911288975829e-01 1.837194701835065391e-02
7.553863827831838762e+01 4.564900369075234887e-01 2.288551241721329538e-02
7.720681303163576104e+01 2.516307322510800137e-01 2.024715385453453032e-02
7.646219891599653806e+01 2.549930890686158413e-01 1.953398971217736729e-02
7.547638966011675166e+01 3.499059197502217278e-01 1.355417481048497297e-02
7.663197001924706342e+01 3.410713201742910927e-01 1.900825108045208975e-02
7.650951714565208306e+01 2.735059536267022695e-01 1.673106955450104003e-02
7.660372615478867431e+01 3.687014005154372054e-01 1.752551103019983278e-02
7.546694770775694394e+01 2.917026516239543676e-01 1.730728949846820769e-02
7.758511910988227100e+01 3.416475714194206481e-01 2.007122065144982884e-02
7.512727502631096854e+01 3.838989447036640357e-01 1.701656146368578024e-02
7.540725268891895894e+01 3.872614663076585639e-01 2.188937912678974584e-02
7.355655239086443942e+01 2.942229236235691103e-01 2.061229083193960934e-02
7.572040384421883630e+01 3.260363665689804957e-01 1.117225364434628818e-02
7.322897940065928424e+01 2.124531761629729065e-01 2.137681522813244042e-02
7.283504377147910702e+01 2.256453932760492664e-01 1.062067819902738110e-02
7.581737582746865201e+01 5.057899257955849048e-01 1.894060490407755218e-02
7.595249715466913187e+01 3.939230940788231994e-01 2.010393442834426322e-02
7.584500822981065937e+01 4.026645924145003663e-01 2.230188853908197932e-02
7.634862576156645275e+01 2.961219847432534635e-01 1.831187948913627628e-02
7.697717088523165785e+01 2.763537380120826836e-01 2.600611160661469787e-02
7.501285363371071924e+01 4.533783954505777869e-01 2.230263455165082051e-02
7.509146507694799766e+01 3.608978634552306164e-01 1.682779073991570729e-02
7.609342805434748414e+01 2.613372862854748679e-01 1.935164797983864385e-02
7.700143079380987388e+01 3.618511652146686464e-01 1.451041272307766576e-02
7.499190355834156207e+01 3.370775610265333566e-01 2.167408354583305954e-02
7.538555502061289815e+01 4.691315482982037488e-01 2.396826798668095712e-02
7.543442363461521438e+01 2.377744684184007196e-01 1.888871603066708676e-02
7.572814558892584103e+01 4.356157493731777075e-01 2.480255108777993517e-02
7.609506951350138593e+01 3.777905560889214809e-01 2.401451329924170208e-02
7.611826072826653444e+01 3.502618679369089993e-01 2.289847587362088890e-02
7.654760572364888560e+01 2.321196171524208540e-01 1.669409874465335730e-02
7.577140533831395430e+01 2.393335720953111145e-01 1.281414354811876571e-02
7.673595196094903770e+01 3.446408126869001665e-01 1.346650450589001805e-02
7.581908328827246635e+01 2.915714182747372596e-01 2.088753379760946091e-02
7.497807755135234231e+01 1.746005764005587324e-01 2.253524144406785640e-02
7.452603798773138521e+01 2.867336506945336594e-01 1.840937958166718666e-02
7.593671568177322229e+01 3.352717621177851992e-01 2.779790545273857008e-02
7.446050779940910047e+01 3.976581582732748865e-01 7.745571189603036102e-03
7.745371114881731955e+01 1.057130659462843236e-01 3.188485189285264476e-02
7.567023217052285133e+01 4.390383060773034862e-01 2.528856596785787614e-02
7.562351090869559300e+01 2.740250781812398895e-01 1.591629774081816662e-02
7.684737016644429275e+01 2.676531895781532056e-01 1.600495839975251550e-02
7.659727601195615421e+01 2.202823558594250719e-01 1.839520833291705820e-02
7.616710586487219814e+01 2.457570510738731895e-01 1.760220155648812082e-02
7.759498320113945624e+01 2.895764799714853344e-01 1.824572214739701367e-02
7.588487486193128007e+01 3.554454988499067269e-01 1.495676252354212823e-02
7.648721540045838196e+01 3.355820190059240482e-01 1.127485178500430354e-02
7.785425560340875961e+01 4.560813560763206098e-01 1.609481496222030586e-02
7.493757346230272276e+01 3.328051497025242833e-01 1.304456932765225147e-02
7.742428295370226010e+01 2.631546264247607292e-01 2.791125330882349848e-02
7.523559662961373817e+01 2.987797914433279467e-01 2.618152491013349403e-02
7.573676052036117312e+01 3.372091743175740786e-01 2.533004271042933395e-02
7.550395254916583099e+01 1.838260909452309189e-01 1.288433855459717933e-02
7.664343274943787776e+01 3.488778386997618552e-01 2.517884474673702869e-02
7.578595528101740797e+01 1.669262742399457433e-01 8.523159481553283998e-03
7.892796253435170684e+01 3.626923018537502874e-01 2.066727685893801972e-02
7.633863976031382492e+01 1.668661051767563464e-01 1.612257565383879571e-02
7.780333012799124504e+01 3.758347285852218223e-01 1.627513337742469979e-02
7.483318467191676859e+01 2.584305891055433402e-01 1.846131391598596072e-02
7.810914603584670601e+01 2.911732624034044647e-01 1.419730837008286589e-02
7.600139763638992463e+01 3.364338468378000879e-01 1.375343132884208897e-02
7.646216553445262321e+01 4.308915952271570315e-01 2.067644528415006622e-02
7.526293484815032286e+01 2.571129562429849691e-01 1.190811718701530533e-02
7.592616476589746810e+01 3.410779956829912973e-01 1.562618251285132626e-02
7.799970015102762488e+01 3.892279495451148041e-01 1.125474468805637805e-02
7.428773744149243896e+01 2.115976197296181582e-01 2.767407515492328191e-02
7.695092171055236463e+01 4.723712195558287252e-01 2.004980139786709595e-02
7.585051067203772845e+01 1.852490513939376027e-01 2.170577524349656673e-02
7.586383183308298328e+01 2.865327809518137814e-01 2.789293093196506396e-02
7.593365439713544163e+01 4.430981444047684681e-01 1.225329433588968897e-02
7.874811223286292261e+01 2.726729538244630491e-01 2.344967816231232141e-02
7.692627291194651207e+01 2.602643269624564382e-01 2.399526873199538460e-02
7.693100317658124254e+01 2.386855498954232047e-01 1.657902329667369085e-02
7.610530682348473874e+01 2.984506052314664371e-01 2.679575656511968412e-02
7.676266818494508470e+01 3.029576430536908838e-01 2.295647784735450544e-02
7.401334692220331135e+01 2.484689026368258336e-01 2.140400491862872248e-02
7.717536550189245759e+01 3.299769334655793807e-01 2.711336097550076651e-02
7.692793985802526890e+01 2.611670575928655702e-01 1.931692367827429757e-02
7.646842168623857106e+01 2.651364447143635950e-01 2.746970818495899497e-02
7.495127386570771932e+01 3.416106450424385987e-01 2.358754543221979263e-02
7.574655301053890355e+01 2.561200667350751470e-01 1.962887172463415042e-02
7.687199851278518281e+01 2.600152002472145840e-01 1.478575030775954903e-02
7.721058477699303069e+01 3.499296472935587432e-01 2.491637770970496490e-02
7.681933173126743952e+01 5.279889308281965343e-01 2.543888797856851819e-02
7.533592043812518568e+01 3.570267967231582906e-01 1.728054282417782611e-02
7.560587383616217494e+01 1.687499599384701121e-01 1.860432594211444690e-02
7.660503428853469643e+01 3.033978294866259695e-01 1.463722730122589410e-02
7.453698066753169371e+01 5.211845935480566849e-01 2.158615001483658521e-02
7.523593083040012175e+01 3.561783459702876353e-01 3.067895647710286444e-02
7.668046235964590096e+01 3.129321309714672150e-02 3.293800823408264689e-02
7.421075351970962686e+01 2.893988054623167772e-01 1.447119853642511896e-02
7.531999789002678369e+01 3.384409684982637168e-01 9.897446298543367826e-03
7.596975441451041888e+01 4.247342422741360868e-01 1.588663256298755710e-02
7.466971494005784393e+01 2.960694897844257656e-01 1.834955370706645855e-02
7.546477232966553572e+01 1.911653923882386252e-01 2.253260771310303459e-02
7.665526351144173134e+01 2.034353265543512590e-01 1.547681148973775733e-02
7.619649199400572570e+01 2.135028341912332817e-01 2.087152186681360405e-02
7.752804652861605916e+01 3.040177318771685733e-01 1.407992015883296685e-02
7.645210349732174393e+01 2.922345270480384283e-01 1.926752664638383544e-02
7.653532287287879399e+01 3.791037402778326126e-01 2.017318129499173079e-02
7.599931968329072163e+01 5.163541490473391171e-01 2.585636097027950442e-02
7.689354611806517426e+01 3.231205945880196162e-01 1.509393543465866253e-02
7.718738638593399060e+01 3.244294146718021410e-01 1.718454139598471486e-02
7.581685954641230296e+01 2.133817433761851790e-01 2.515770264871152254e-02
7.674303708312179140e+01 3.281632461528350975e-01 1.979128988475477996e-02
7.537933112275015901e+01 9.699273562414795213e-02 1.310767367482894297e-02
7.531735466048071714e+01 2.207033617986146889e-01 2.141151524202958636e-02
7.687149374197332463e+01 2.971560781098964710e-01 2.687276553717773270e-02
7.527710228041337359e+01 2.964462873251721975e-01 1.975128205230440928e-02
7.715218632883441785e+01 3.205887082082178319e-01 2.065155568077135795e-02
7.440515688499208125e+01 2.200093290789245093e-01 2.534610865218333425e-02
7.398465773640282350e+01 4.442992652430627354e-01 2.243738775099624744e-02
7.531247867163624221e+01 2.267951023592712501e-01 2.924856243828442837e-02
7.747140580647942443e+01 2.980559228456502452e-01 2.065654502171892365e-02
7.541381863908972605e+01 3.234783977826105050e-01 1.671266493380831400e-02
7.598145697582582159e+01 4.910329379764741820e-01 1.953359001682718893e-02
7.501197811872637544e+01 1.733627952015025786e-01 2.062008662129014708e-02
7.529910484550721606e+01 3.346603141982536500e-01 1.209998491156806522e-02
7.675025013457587875e+01 2.039835128206994863e-01 2.022584028915775170e-02
7.572169678256003067e+01 4.818388962278870036e-01 2.083653255331477036e-02
7.800547194811458951e+01 3.660742400062420021e-01 2.695319962103648326e-02
7.585120179357707570e+01 3.445503049490322156e-01 2.594460287326320197e-02
7.696495994858405254e+01 3.630993278184568851e-01 1.840031788884035138e-02
7.590122350619327563e+01 4.237661951603356458e-01 2.656542072552263434e-02
7.546713727072032896e+01 2.356241025645030018e-01 1.558959127673064868e-02
7.688970061573016324e+01 2.170524977937480782e-01 2.398830929766706047e-02
7.660569034312101167e+01 2.554908155634219580e-01 2.762858201878666542e-02
7.459774109189876867e+01 4.759532599758560245e-01 2.155554080119754384e-02
7.398653364334131766e+01 4.691879635821613603e-01 2.474250002058531184e-02
7.563178831658696311e+01 2.135279434758603490e-01 1.234601588371519315e-02
7.847544616181039601e+01 2.176618125838156170e-01 1.383615335609304428e-02
7.632791912435014581e+01 1.462106533238884676e-01 1.521195903197777519e-02
7.705496919416047774e+01 3.564210594819379740e-01 1.811526848907618267e-02
7.607830667293137594e+01 2.657529469799996269e-01 1.969757166161444084e-02
7.529818861744034564e+01 2.519760680472572512e-01 1.702108225587593837e-02
7.533413914814424572e+01 4.143910996416481640e-01 2.375667020494172388e-02
7.512763673160905853e+01 1.905606207457428980e-01 1.923279686277748479e-02
7.821528759828954946e+01 2.072294796303452147e-01 1.921353956241931768e-02
7.614872041371766898e+01 2.991357825954850114e-01 1.776482988185615342e-02
7.721507997219855213e+01 3.554458622943454382e-01 2.412587962802476005e-02
7.664937994966633994e+01 3.993948321805986801e-01 2.772880894133689447e-02
7.739104396678833098e+01 5.424803959595914105e-01 2.593825015320581559e-02
7.539055322347249444e+01 3.947312041805828842e-01 2.346553745846144054e-02
7.798029490523218499e+01 2.132841483323710818e-01 2.272171259216066580e-02
7.537892965523305122e+01 3.612545104100134963e-01 1.895245529463551737e-02
7.653946880419088927e+01 1.689661813918575672e-01 2.386939747100438186e-02
7.626605951518610027e+01 3.252192881771904798e-01 2.951330877974307418e-02
7.567751660173217942e+01 3.442265424771981386e-01 2.048912536116709662e-02
7.625803916024074169e+01 5.321803904642778971e-01 2.031125410933536102e-02
7.549272020051174081e+01 4.970902795447221245e-01 1.849907919298067124e-02
7.445482185279094267e+01 2.359156293571148810e-01 1.391908539491289870e-02
7.426003453368555540e+01 2.736984995631865369e-01 1.965748309622715809e-02
7.724052791512890792e+01 3.729401612062065441e-01 2.284797223477398609e-02
7.516678999480228640e+01 3.984933261964115347e-01 2.678650164096944147e-02
7.645457089154616881e+01 3.522517536297924967e-01 1.383076926975619972e-02
7.711443580760533223e+01 4.880830548761418974e-01 2.157537755632603707e-02
7.546564272163251985e+01 2.938005144012157399e-01 1.794916724384103615e-02
7.569955034683971462e+01 3.747983063694059203e-01 2.136323956912362237e-02
7.706393660597137796e+01 3.470902544778221022e-01 1.578493671230154702e-02
7.555930797615060612e+01 2.537158927212143089e-01 1.909038987015389266e-02
7.785471369141458808e+01 5.054899591647628032e-01 2.408098146559310010e-02
7.617876379683362131e+01 1.738347780495604900e-01 2.107321124746382168e-02
7.526999270356294858e+01 4.730521896565920148e-01 1.216533809858297809e-02
7.644448433333012360e+01 2.225760622349631235e-01 1.995358446105623476e-02
7.672606819031105374e+01 4.121968688782097212e-01 1.970395023935813880e-02
7.682121655018153206e+01 2.437529901387897602e-01 2.119774821840595194e-02
7.706220741443786437e+01 3.432099478139987725e-01 1.741783562744728814e-02
7.578095763243656791e+01 4.115656062547939364e-01 1.467392869791142758e-02
7.511568486599254868e+01 3.701588759811735851e-01 1.785783612418635410e-02
7.460694180365031514e+01 4.450818667041910315e-01 1.463609615668337582e-02
7.586056998668036044e+01 2.480479356312901840e-01 1.854788543638916792e-02
7.517538054234866252e+01 3.814279237693462554e-01 2.054060255759469072e-02
7.704365359521089829e+01 2.490831788458277574e-01 3.040498424365468966e-02
7.415535121449605072e+01 1.514865092077705699e-01 2.855163340349477566e-02
7.653404166744638815e+01 3.441386083056074963e-01 2.210378198691712731e-02
7.663120727015045475e+01 3.399767720433950480e-01 1.528827077256045969e-02
7.687819090507279896e+01 3.760678211538232008e-01 2.696795681336502937e-02
7.782424107690117410e+01 3.430476079643262066e-01 1.401195601155032569e-02
7.783252293120213494e+01 2.081850064997058936e-01 2.164860582279210313e-02
7.580326607357915236e+01 2.669374649815207112e-01 2.372829327576350331e-02
7.630445959926797173e+01 3.613241491268130989e-01 1.602104248700795056e-02
7.588592503462534467e+01 2.330465020159299683e-01 1.902891908303675633e-02
7.594123777513259199e+01 4.944304173204796538e-01 1.873469017332321518e-02
7.393440167546935982e+01 4.495091537320786701e-01 2.219150914159035912e-02
7.592898956544661360e+01 2.662784633138904899e-01 1.538085045825909360e-02
7.799804809708649600e+01 3.151844888660036426e-01 1.152316515374890264e-02
7.638774003328524032e+01 4.306171702034841120e-01 2.076309594318779053e-02
7.515840652780468645e+01 2.108925713975342842e-01 1.552527352332080252e-02
7.758165799704696042e+01 3.028335944763175247e-01 1.181110041620180365e-02
7.644413392584446854e+01 3.241036785573552237e-01 1.781026601520326394e-02
7.503959324391118457e+01 2.036105100227124654e-01 2.530065275837238212e-02
7.630751285580510057e+01 3.578643664661784185e-01 2.119394541258595027e-02
7.638768870491182383e+01 2.631605336571758991e-01 1.899595436838645568e-02
7.722491180542505163e+01 4.514590167819112487e-01 1.403857566946463062e-02
7.585174116689222501e+01 3.939285358993664943e-01 2.918087674251575864e-02
7.784195958133075521e+01 2.304242185053500258e-01 2.621973716197963794e-02
7.611863630210702070e+01 4.144416638875738634e-01 2.384526185766481371e-02
7.479603595743523670e+01 3.649973956627175498e-01 2.490583703009409400e-02
7.603984474497217150e+01 2.853683572693379022e-01 1.233334677183859154e-02
7.674361751655094110e+01 3.308748367813911240e-01 1.550154187946299611e-02
7.573416000312360552e+01 3.254503249127772557e-01 1.727494737047477816e-02
7.606267712750990029e+01 1.350067352796550657e-01 2.658254486269246569e-02
7.607590928496628635e+01 2.000646493509689317e-01 8.001420251767399003e-03
7.708913494103339303e+01 3.658091552723641837e-01 2.102773518765390856e-02
7.692364800126460977e+01 3.960898396296711477e-01 2.094847839050503757e-02
7.580578578274219126e+01 2.682858401384742297e-01 2.205337572636682786e-02
7.745703137487934953e+01 2.997096828684029379e-01 2.720232880934986622e-02
7.643315247345240948e+01 3.480690968516661488e-01 3.173224130401938042e-02
7.771267821621843552e+01 4.778609244388214994e-01 1.610920166650313054e-02
7.825218250215628757e+01 3.017783205880043007e-01 1.889028692803167500e-02
7.390075158658676457e+01 3.426290824553822612e-01 1.471534654584078124e-02
7.646825382854699171e+01 1.938434866762308029e-01 2.876926750143806930e-02
7.661157396287673294e+01 5.379871575749576307e-01 1.500963887076823058e-02
7.760917924470797402e+01 1.297287582967173170e-01 2.101500232426484899e-02
7.542837688005805319e+01 2.652043464749642698e-01 1.748050527849351679e-02
7.514528381464867834e+01 1.840311693349307443e-01 1.784182045399283073e-02
7.617602839728687059e+01 4.263694356626018811e-01 2.144073364205392393e-02
7.722654020129438379e+01 1.621823128042899631e-01 1.788795411849394140e-02
7.677100491913643054e+01 3.443190755791358248e-01 1.579914578215035198e-02
7.699406889216589889e+01 2.568726818047518679e-01 1.620798262734770429e-02
7.654694776049680627e+01 3.106169365334235932e-01 1.744920812181165876e-02
7.550313147475289099e+01 2.030203200193301805e-01 1.806952075093236701e-02
7.716000943548743862e+01 3.344550462988163941e-01 2.467606868671876064e-02
7.657606853767470056e+01 2.487753793028180671e-01 1.195540841568661777e-02
7.513314563529620216e+01 2.428764188902480248e-01 1.634837624247970772e-02
7.704101992685971823e+01 4.070588466849702214e-01 3.078965678183729487e-02
7.529627882880761547e+01 4.697448306064415102e-01 2.776227905202014942e-02
7.582773624196113360e+01 3.573555396940234496e-01 2.605235731288395654e-02
7.600107537733774166e+01 2.963608222785357182e-01 1.693981745796364902e-02
7.369996148133697034e+01 3.170471616488478861e-01 1.653722279291011676e-02
7.498465137638316946e+01 3.522191650144314568e-01 1.292042809355561928e-02
7.686607989128062002e+01 3.583599315260521112e-01 1.804783799172072351e-02
7.599668974715554270e+01 1.909778905845757602e-01 2.366018830909939752e-02
7.624736424105127242e+01 3.361849954589544165e-01 2.244824575450307669e-02
7.541758458610827631e+01 1.580941725079065829e-01 2.466984573128112868e-02
7.674871841361240854e+01 2.564641196729065542e-01 2.199565950795141778e-02
7.731797343871795647e+01 4.238700803083940150e-01 1.724605445642929044e-02
7.457123895456575724e+01 1.782784860403246463e-01 1.847938530265799337e-02
7.752231713328716012e+01 2.371554587858631935e-01 1.709108364385680118e-02
7.544308890188167993e+01 2.568269203711332493e-01 1.994523490689450312e-02
7.477994982544824154e+01 4.184359956326951235e-01 1.929355571702611252e-02
7.853913457472533821e+01 1.926429001449985190e-01 2.775544474060931063e-02
7.745134539798648632e+01 2.688315991154350826e-01 1.807287505603967157e-02
7.513870218387010880e+01 2.190178574760444641e-01 1.999704414743971523e-02
7.608069598424636126e+01 1.497644733058835220e-01 3.118783084549201987e-02
7.580048314283693855e+01 3.165612277217188519e-01 1.694518325164174471e-02
7.579299046090817171e+01 2.742121888755791326e-01 1.998570523987677761e-02
7.604541008957188808e+01 3.904866348541070620e-01 2.110838993706719985e-02
7.676428302039950324e+01 3.090189178194565622e-01 2.112806124441898165e-02
7.581869431731672648e+01 4.103111734337648864e-01 2.157376794885816976e-02
7.590192514548709823e+01 2.912089865448679316e-01 1.946712516464879639e-02
7.609044392367702869e+01 3.043638898781079738e-01 1.727394314531044070e-02
7.682490055526825756e+01 3.928075992548170081e-01 2.870174067268656953e-02
7.545637028935523460e+01 3.766438725152105871e-01 1.068713504252349900e-02
7.688904306502189456e+01 1.643417884992814937e-01 1.519838486062299876e-02
7.639222532901581530e+01 2.478500964577687871e-01 1.630071458535165690e-02
7.557518397750165207e+01 3.829625991918525485e-01 1.544931513942564109e-02
7.600584513577746293e+01 2.721343715460663448e-01 2.399946717721470127e-02
7.690792175408284947e+01 1.264718202563887284e-01 2.509809472567958721e-02
7.544924409354119632e+01 3.336292198596673697e-01 1.541995736398391915e-02
7.643113460270978976e+01 5.651348953621102567e-01 2.062031981114650220e-02
7.560015228235364759e+01 2.867838765324459138e-01 1.283400020859502486e-02
7.750896328616445885e+01 3.412883107596610399e-01 1.488342484732757542e-02
7.504368170987125097e+01 3.115282379148825997e-01 2.454631899189506014e-02
7.490901009126302768e+01 4.213409341867171420e-01 1.955300706362486304e-02
7.512975661499289970e+01 2.632309573427021876e-01 2.852953110794980568e-02
7.467178666345466809e+01 2.368107044053853194e-01 2.464674919334107830e-02
7.627645704345363242e+01 2.308759181741947830e-01 2.470630847007231068e-02
7.707229573316918447e+01 3.431390668518081166e-01 1.701269957276334635e-02
7.560169538016565127e+01 3.384676065298398706e-01 1.360034604286156253e-02
7.738778488113311482e+01 4.800209088675838620e-01 1.884900073248648583e-02
7.641610449243080438e+01 4.285802042849325977e-01 2.953932116374482358e-02
7.761698133549070633e+01 1.364462486641207228e-01 1.846071371547551576e-02
7.656068825148322787e+01 2.605782703098068476e-01 2.869642314653836346e-02
7.768937517280264160e+01 2.284069858741269998e-01 1.920780478094769039e-02
7.531044586381037220e+01 2.904871555893830393e-01 1.890033000325178764e-02
7.701425791474686378e+01 2.211535336266165497e-01 7.235367780703589810e-03
7.445545691776517572e+01 2.071698387293269827e-01 1.680150444391672465e-02
7.624717440061522211e+01 2.020206094471140301e-01 1.409219224263447839e-02
7.513055258234788880e+01 1.984345998840218450e-01 1.729515246685051078e-02
7.546271260410493653e+01 3.789056816973810915e-01 1.517302738990428113e-02
7.570240337167022915e+01 2.554977320083230974e-01 2.394578037091496525e-02
7.590572072398229864e+01 4.150696723399194266e-01 1.437868206826922388e-02
7.601063339156517884e+01 2.524108982970067472e-01 1.401928732738729790e-02
7.599248895901494905e+01 4.832927758235223692e-01 1.583946925401886335e-02
7.593254501816223012e+01 1.787768380407448732e-01 1.288181574680970914e-02
7.527274767065709682e+01 2.650016988370819115e-01 1.802154614179926964e-02
7.583397498492077204e+01 1.451667359296630322e-01 1.694660384630745226e-02
7.656175847340367113e+01 1.741754927105462203e-01 1.826758197636550729e-02
7.635284375993806805e+01 2.317733077976329992e-01 2.166597266419925671e-02
7.453887372061497274e+01 3.988449572932205589e-01 2.178439381996924787e-02
7.611566540350946752e+01 4.224818026305841023e-01 1.839341922323602455e-02
7.544214388753809430e+01 4.472544284097246248e-01 2.897934537675509944e-02
7.536656229388223949e+01 2.986256762892184891e-01 2.509776850371441340e-02
7.598185499818923461e+01 3.694588508737983723e-01 2.380684681701650263e-02
7.549769542444346371e+01 3.519274663400259184e-01 1.996979173409786992e-02
7.484313140660624697e+01 2.110347353571599693e-01 1.681747841757869066e-02
